round,name,address,region,lat,lng
"262","태극로또전문점","경기 이천시 애련정로 124-2","31","37.28148","127.4503"
"262","대박로또복권","강원 원주시 관설동  1771-6패밀리마트관설에버빌점","32","37.315277","127.96166"
"263","GS25(관악한일)","서울 관악구 남현동  602-11 한일빌딩 1층","11","37.473976","126.981316"
"263","-","서울 서초구 서초동  1591-3 탑스벤처빌딩 1층 서초마트내","11","37.48711","127.01316"
"263","왕대박로또방","부산 해운대구 좌동  998-7 1층","21","35.160866","129.15546"
"263","하나편의점","인천 남동구 구월로 281 세븐일레븐편의점내","23","37.455925","126.72196"
"263","예스24","경기 고양시 덕양구 화정동 화정동 977 밀레니엄타워105","31","37.632137","126.83306"
"263","로또","경기 김포시 사우동  872 청원프라자 107","31","37.62242","126.72175"
"264","C-Space 신림녹두","서울 관악구 신림9동  240-3  밀라트빌딩","11","37.486572","126.91299"
"264","미니스톱기장점","부산 기장군 차성동로 69","21","35.243927","129.2165"
"264","천하명당초량점","부산 동구 중앙대로221번길 3","21","35.116898","129.04013"
"264","복권명당","대구 수성구 수성로 337 1층 동북편상가","22","35.85569","128.61345"
"264","LG슈퍼","경기 광명시 연서로 10","31","37.48104","126.863335"
"264","당첨로또복권","경기 안양시 동안구 포도원로 4","31","37.361946","126.96251"
"264","제철로또대리점","전남 광양시 광장로 125 시티프라자A동116호","36","34.935413","127.693985"
"265","한미복권방","서울 강동구 성내1동  550","11","37.529194","127.12381"
"265","교통카드판매대","서울 관악구 신림9동  240-4","11","37.470345","126.93811"
"265","세종장식","서울 양천구 오목로 204","11","37.52534","126.860054"
"265","가로판매(버스카드)","서울 영등포구 여의나루로 42 가로판매점(여의도동)","11","37.52147","126.92497"
"265","동아슈퍼마켓","경기 안산시 단원구 원곡동 748-6","31","37.331112","126.79315"
"265","태흥금방","경기 의정부시 의정로 118","31","37.743553","127.03504"
"265","승일유통","충북 청주시 흥덕구 월명로 42","33","36.63832","127.45375"
"265","에버빌마트","경북 안동시 강남5길 102 에버빌마트 1층","37","36.551132","128.73126"
"266","안목마트","서울 강북구 한천로 1024,(번동)","11","37.639324","127.02814"
"266","라스정보통신","서울 강북구 수유동  256-22  미니스톱내","11","37.646267","127.00816"
"266","월드컵복권방","경기 광주시 경안로 20","24","37.409946","127.2584"
"267","대박예감","경기 화성시 영통로 70 101호","31","37.23632","127.06136"
"267","GS25(천안성정)","충남 천안시 성정동  193-17번지","34","36.79047","127.11704"
"267","로또 코리아북삼점","경북 칠곡군 북삼읍 인평리 인평리 1094-1","37","35.967587","128.41785"
"268","자양사거리 가로매점","서울 광진구 자양로 95","11","37.536224","127.0832"
"268","행운복권방","서울 은평구 연서로 258 상가102호","11","37.619785","126.92332"
"268","공단휴게실","충북 청주시 흥덕구 복대동 100-15번지","33","36.637928","127.442406"
"268","일공공일 안경콘택트","경북 구미시 구미중앙로5길 2,(원평동)","37","36.13032","128.32828"
"268","영덕로또복권","경북 영덕군 덕곡길 128","37","36.412933","129.36562"
"268","사랑의 꽃집","경북 영주시 하망동  247-9","37","36.830154","128.63432"
"268","GS25(창원서광)","경남 창원시 중앙동  1004 서광오피스텔","38","35.22014","128.67592"
"269","버스카드판매대","서울 관악구 신림로 145-2","11","37.47187","126.93328"
"269","스파","서울 노원구 동일로 1493 상계주공아파트(10단지) 주공10단지종합상가111","11","37.66166","127.05787"
"269","제일통신","서울 노원구 중계동  591 대호프라자 1층106","11","37.659782","127.07319"
"269","가판","서울 마포구 마포대로 58 가든호텔정문옆가판","11","37.540684","126.94833"
"269","서울수퍼","서울 중랑구 동일로 809-1,(중화동)","11","37.60269","127.07895"
"270","복권방(천하명당)","서울 성동구 행당로 75 행당동대림아파트 리빙프라자동 지하2층 비202","11","37.55789","127.02709"
"270","GS25(명륜아남)","서울 종로구 혜화로 9","11","37.586414","127.00013"
"270","행운복권","인천 부평구 열우물로 73","23","37.4739","126.69852"
"270","복권명당","충남 공주시 번영1로 41","34","36.471832","127.13313"
"270","훼미리마트월영마을점","경남 창원시 마산합포구 월영남로 21,(해운동)","38","35.17691","128.55867"
"271","팬레코드","부산 남구 수영로 253","21","35.135506","129.09416"
"271","대원슈퍼마켓","부산 수영구 수영로 524","21","35.152473","129.112"
"271","선마트로또점","대구 달서구 월성동  275-2    105","22","35.83159","128.53317"
"271","GS25(안산팔곡)","경기 안산시 상록구 본오동 본오동 741-5 1층 101","31","37.294895","126.87601"
"271","복권나라","충북 청주시 청원구 율봉로176번길 8-2","33","36.668503","127.488235"
"271","로터리편의마트","경북 포항시 북구 서동로 85 육거리","37","36.040768","129.36725"
"272","Yes할인마트","서울 강남구 개포로 202 1층 이마트 24","11","37.478157","127.04497"
"272","대창","서울 강동구 상암로 211 1층","11","37.546654","127.14613"
"272","오거리마트","서울 은평구 응암로14길 6,(응암동)","11","37.590076","126.9179"
"272","훼밀리복권","부산 금정구 중앙대로1719번길 37 우측 복권판매점","21","35.237713","129.09015"
"272","청솔서점","부산 사하구 하신번영로 195","21","35.098824","128.95897"
"272","승리 로또당리점","부산 사하구 당리동  324-19","21","35.096386","128.994"
"272","복권명당","대구 동구 효동로 45,(효목동)","22","35.881493","128.6462"
"272","대박복권방","울산 동구 진성8길 133","26","35.511425","129.42975"
"272","로또판매업","경남 양산시 북정로 31 CU편의점 내","38","35.35902","129.04372"
"273","에스에프마트","울산 북구 동대17길 2","26","35.630302","129.35161"
"273","행운복권마트","경기 포천시 신읍동  58-16","31","37.89491","127.201126"
"273","삼성로또복권방슈퍼","전북 남원시 네마실1길 10-5","35","35.41577","127.38633"
"274","영훈슈퍼마켓","서울 도봉구 덕릉로 222,(창동)","11","37.63781","127.03763"
"274","로또","서울 중구 신당동  133-14","11","37.56378","127.0194"
"274","오렌지마트","부산 사하구 장림번영로 96 105동 101호","21","35.08012","128.97574"
"274","북마산복권전문점","경남 창원시 마산합포구 북성로 98","38","35.215973","128.5708"
"275","혹시나도","충북 음성군 감곡면 왕장리 왕장리 521-9","33","37.119133","127.63936"
"276","지원물산","서울 노원구 공릉로 108,(공릉동)","11","37.61983","127.078094"
"276","불광가판점","서울 은평구 불광1동  281-175","11","37.6098","126.930756"
"276","대박찬스","서울 중랑구 면목로74길 40","11","37.58938","127.08978"
"277","가로공원충전소","서울 양천구 신월1동  146-1","11","37.53567","126.828926"
"277","행운복권방","충남 예산군 예산로 241","34","36.680298","126.85137"
"277","로또판매점","경남 진주시 신안동  705-4 주공3차아파트상가 101호","38","35.177094","128.06514"
"278","로또복권판매","서울 강북구 솔샘로67길 71","11","37.620274","127.02744"
"278","플러스 복권","대전 서구 대덕대로168번길 82 웰리움 편의점 내","25","36.34499","127.37875"
"278","천하제일복권명당","대전 중구 태평동  377-4번지","25","36.326427","127.394844"
"279","복권나라","서울 강서구 등촌1동  654-44","11","37.554955","126.85592"
"279","영광정보통신","서울 성북구 화랑로 92 1층 우측1호","11","37.602676","127.0425"
"279","원당역복권방","경기 고양시 덕양구 성사동 410-17","31","37.653427","126.843094"
"279","천복당","경기 오산시 대원로 52,(원동)","31","37.14621","127.07414"
"279","찬스복권방","전북 전주시 덕진구 태진로 120,(진북동)","35","35.831657","127.13599"
"280","현대","서울 도봉구 도봉로110길 74","11","37.64619","127.037636"
"280","서재강변로또","대구 달성군 다사읍 서재로 172,(서재리)","22","35.878708","128.49748"
"280","풍년로또","인천 남동구 구월4동  1265-10","23","37.45295","126.71929"
"280","로또명당점","대전 서구 관저로129번길 3","25","36.299126","127.33612"
"280","로또명당매화점","충북 옥천군 옥천읍 매화리 매화리 36-6","33","36.29921","127.59752"
"280","GS25(마산상남)","경남 마산시 상남동  230-25","38","35.209637","128.57639"
"280","복권명당","경남 창원시 의창구 서상로12번길 9-5","38","35.262417","128.61536"
"281","행운의 집","서울 강동구 구천면로 220","11","37.540466","127.1292"
"281","복권왕국","서울 광진구 자양동  624-23 1층","11","37.535576","127.082565"
"281","담배 소매점","서울 용산구 용문동  32-111 (6/4)","11","37.53796","126.95928"
"281","종합복권슈퍼","경기 시흥시 마유로 336 정일빌딩104","31","37.34572","126.73561"
"281","로또복권방","충남 아산시 탕정면로 213","34","36.8086","127.07462"
"281","복권나라","경북 경산시 경안로 79","37","35.81462","128.73868"
"282","경북윤업사","대구 남구 대명로 161","22","35.839363","128.57545"
"282","코사마트금강점","대구 달서구 용산로 204 1층 코사마트","22","35.855705","128.53079"
"282","인천연수점로또판매","인천 연수구 연수동  631","23","37.41185","126.67784"
"282","로또판매점","경기 고양시 일산동구 정발산로 24 1층 K-114호","31","37.65477","126.77263"
"282","흥부네대박났네","경기 광주시 경충대로 763","24","37.355545","127.325386"
"282","삼성복권방","경기 동두천시 어수로 100-1","31","37.902187","127.05362"
"282","행운의집","경북 안동시 북문동  23-7","37","36.566982","128.7295"
"283","로또하는날","부산 연제구 연산동  1505-49","21","35.185684","129.08319"
"283","상동매표","경기 부천시 원미구 상동 상동 412","31","37.490078","126.75341"
"283","GS25(양산문성)","경남 양산시 웅상읍 평산리 평산리 31-5","38","35.384815","129.15508"
"284","하이마트","인천 서구 심곡동  333-7","23","37.54449","126.672325"
"284","대박나라 베팅숍","경기 부천시 성주로 84,(송내동)","31","37.479435","126.765434"
"284","현대보석","전북 전주시 덕진구 시천로 96-14","35","35.867195","127.11614"
"285","대박찬스","충북 청주시 흥덕구 가경로161번길 3","33","36.628975","127.43644"
"285","훼미리마트(포항제일)","경북 포항시 북구 죽도동 죽도동 618-2","37","36.023617","129.35837"
"285","운수대통","경남 거제시 능포동  727-2 동헌상가  가-111","38","34.873497","128.73126"
"286","스파","서울 노원구 동일로 1493 상계주공아파트(10단지) 주공10단지종합상가111","11","37.66166","127.05787"
"286","신문가판점","서울 송파구 가락동  95-1번지","11","37.496143","127.11638"
"286","토토와로또 복권방","충남 서산시 동문동  288-10","34","36.781075","126.458405"
"287","덕성상회","서울 강서구 외발산동  424 수협2층 29호","11","37.566425","126.81504"
"287","-","서울 동작구 사당동  147-78","11","37.485317","126.96997"
"287","로또복권판매점","서울 마포구 신수동  88-9","11","37.549625","126.93753"
"287","후생사제3매장","대전 동구 비래서로42번길 105,(가양동)","25","36.349724","127.446815"
"287","행운로또","강원 춘천시 금강로 81 신한은행강원영업부지점앞 가판","32","37.87633","127.73171"
"287","영신슈퍼","충북 청주시 서원구 청남로 2119-1","33","36.621258","127.48743"
"287","로또복권방","충남 당진시 당진중앙1로 21","34","36.892937","126.62633"
"288","성원식품","서울 서초구 서초3동  1451-2 성원빌딩 102","11","37.484188","127.01368"
"288","㈜ Cspace 다대제일점","부산 사하구 다대동  820-12  4/5","21","35.056534","128.97162"
"288","대승복권","부산 해운대구 좌동  1484-1 대승플라자빌딩 101","21","35.169605","129.17772"
"288","로또명당","충북 진천군 중앙북로 61","33","36.85867","127.44359"
"289","","","","",""
"290","로또잭팟","서울 관악구 신림동  727-5","11","37.474384","126.9164"
"290","신수칼라","서울 마포구 동교로27길 53","11","37.56015","126.92083"
"290","GS25(양재공원)","서울 서초구 양재동  321-2","11","37.47102","127.04134"
"290","원스탑","서울 송파구 백제고분로7길 39","11","37.510902","127.08321"
"290","조이풀이삭토스트","부산 동래구 중앙대로 1520 북쪽출구 빵집","21","35.213894","129.08134"
"290","㈜ Cspace 중앙제일점","부산 중구 동광동3가  17-2","21","35.10116","129.03479"
"290","대광슈퍼","경기 군포시 고산로 679 미성프라자106호","31","37.371067","126.93395"
"290","로또판매점","경기 안산시 상록구 안산천동로1길 29 현대2차아파트상가18호","31","37.330612","126.848595"
"290","신봤다대박복권방","경기 안산시 상록구 본오동 본오동 882-2  1층 우측상가","31","37.29337","126.861465"
"290","행운복권방","경기 포천시 솔모루로 86-1","31","37.8288","127.14748"
"290","원동슈퍼","충남 보령시 대천로 28","34","36.35113","126.59745"
"290","명성복권방","전남 순천시 기적의도서관길 25 명성복권방","36","34.948273","127.52518"
"290","훼미리마트(구미사곡)","경북 구미시 사곡동  481-7","37","36.098217","128.35858"
"291","바이복","서울 강남구 일원로5길 19","11","37.491383","127.082275"
"291","신명","서울 강서구 방화동로3길 1","11","37.562435","126.80841"
"291","월드사진관","부산 사하구 윤공단로14번길 53","21","35.057266","128.96973"
"291","찬스센타 백운점","인천 부평구 신촌로7번길 3","23","37.484802","126.708786"
"291","행운방","경기 용인시 기흥구 보정동 1804-4엔림프라자101호","31","37.320713","127.115105"
"291","선경로또","충북 제천시 용두대로 59 1층","33","37.13622","128.19936"
"291","k마트","경북 포항시 북구 득량동 득량동 170-1","37","36.029087","129.34732"
"292","세계주류백화점","서울 성동구 금호동4가  614번지","11","37.55358","127.01957"
"292","버스판매소","서울 영등포구 영중로 2 1층(영등포동3가)","11","37.516743","126.906746"
"292","도로가판집","서울 용산구 한강대로 55","11","37.5259","126.96439"
"292","로또복권","서울 중구 을지로2가  157 가판대98호","11","37.565742","126.98729"
"292","정원상회","부산 남구 대연2동  1757-2","21","35.13446","129.08789"
"292","대동슈퍼","인천 남동구 만수로 81","23","37.46275","126.73616"
"292","훼미리마트(일산동문)","경기 고양시 일산서구 일산동 일산동 957-3","31","37.685947","126.76501"
"292","대성식품","경기 수원시 팔달구 교동 교동 90-7","31","37.272495","127.01505"
"292","한아름알뜰매장","경기 안산시 단원구 화정천서로5길 38","31","37.345257","126.81658"
"292","복권방","경기 평택시 평택항로 1-6 1층 개그스토리편의점","31","36.961807","126.85373"
"292","동부매점","강원 강릉시 홍제동  992-2 고속버스터미널 동부매점","32","37.754555","128.88014"
"292","봉의산마트","강원 춘천시 춘천로 326 1층","32","37.88261","127.74867"
"292","복권나라","충북 청주시 청원구 율봉로176번길 8-2","33","36.668503","127.488235"
"292","덕산24시슈퍼","경남 창원시 진해구 충장로 505","38","35.1442","128.70134"
"293","교통카드판매대","서울 강동구 성내동  56-14 동인의원앞","11","37.54225","127.13089"
"293","경남마트","서울 구로구 고척로52길 21 경남상가201호","11","37.50424","126.85668"
"293","오케이상사","서울 서초구 신반포로 176 센트럴시티내100호매점","11","37.504353","127.00359"
"293","라이프25복권","인천 부평구 산곡동  181-69 외1필지 1층","23","37.518158","126.74386"
"293","터미널 편의점 1층","경기 수원시 권선구 권선동 권선동 1189 수원복합터미널 1301","31","37.25043","127.02087"
"293","복권천국","경남 양산시 중주동  693-2","38","35.33519","129.02783"
"294","훼미리마트(수유대로)","서울 강북구 노해로 121 두울빌딩","11","37.64605","127.0244"
"294","동래중고악기수리","부산 동래구 명륜로 163 중고악기1층","21","35.20847","129.08209"
"294","덕하복권명당","울산 울주군 덕하로 238","26","35.49198","129.30516"
"294","참깨열쇠.복권","전북 전주시 완산구 용리로 43 1층","35","35.798843","127.11466"
"295","","","","",""
"296","노다지 복권방","서울 도봉구 도봉동  623-1","11","37.672604","127.04473"
"296","행운복권","부산 남구 석포로 132","21","35.1288","129.09175"
"296","풍전수퍼","경기 부천시 조마루로 428,(원미동)","31","37.49708","126.79113"
"296","운수대통","경기 수원시 권선구 매실로 73","31","37.269012","126.95872"
"296","엠에스 슈퍼","경기 안산시 단원구 와동 와동 713-2","31","37.33758","126.82831"
"296","복권방","충북 청주시 흥덕구 송화로166번길 14 편의점","33","36.665695","127.45193"
"296","대원로또판매점","경북 고령군 고령읍 지산리 지산리 3-1번지","37","35.727325","128.26604"
"296","훼미리마트 상도점","경북 포항시 남구 문예로 68 우측상가","37","36.013435","129.36417"
"297","GS25(명륜중앙)","부산 동래구 온천동  473-12","21","35.21257","129.07867"
"297","행운로또복권","경기 오산시 오산동  876-2","31","37.14875","127.068886"
"298","화북슈퍼","제주 제주시 진남로6길 21","39","33.520645","126.56565"
"299","대박복권","서울 강서구 등촌동  674-1 미니스톱내발산역점(내)","11","37.559284","126.838844"
"299","컴텔정보통신","서울 도봉구 쌍문2동  49-1호","11","37.657375","127.037926"
"299","복권나라","서울 중구 남대문로5가  12-5","11","37.55862","126.975"
"299","삼월쇼핑","부산 부산진구 가야대로 784 33","21","35.155968","129.05736"
"299","삼성복권방","경기 동두천시 어수로 100-1","31","37.902187","127.05362"
"299","웅진코웨이","경기 수원시 팔달구 효원로 257 홈플러스동수원점 4층(홈플러스 동수원점)","31","37.262756","127.03011"
"299","다니엘사","경기 안산시 단원구 원선1로 38 두산위브아파트 101호","31","37.326073","126.80417"
"300","로또복권판매소","서울 구로구 디지털로27길 90","11","37.48446","126.88917"
"300","부일카서비스","부산 동구 자성로133번길 35","21","35.140015","129.06306"
"300","쿨복권방","대구 달서구 대명천로 220 1층","22","35.84214","128.53621"
"300","로또복권","대구 동구 아양로 294 1층","22","35.88992","128.6426"
"300","로또복권신매체인점","대구 수성구 달구벌대로 3233 신매동 효성백년가약상가 401동7호","22","35.8391","128.71039"
"300","풍향동복권나라","광주 북구 필문대로 79","24","35.162693","126.92831"
"300","오렌지25","경기 고양시 일산서구 고봉로 291 양우에이스스타디움109","31","37.68528","126.777145"
"300","일록로또복권방","경기 수원시 장안구 파장로 70 임채순베이커리","31","37.306053","126.99316"
"300","일록로또복권방","경기 수원시 장안구 파장로 70 임채순베이커리","31","37.306053","126.99316"
"300","행운방","경기 용인시 기흥구 보정동 1804-4엔림프라자101호","31","37.320713","127.115105"
"300","천하명당 복권방","경남 거제시 옥포성안로 60","38","34.891693","128.69492"
"300","훼미리마트함양한주점","경남 함양군 고운로 80-1","38","35.520874","127.73024"
"301","성경스튜디오","서울 동대문구 청량리동  678   1층","11","37.583195","127.04383"
"301","교통카드","서울 서초구 강남대로 517","11","37.5081","127.022255"
"301","청계로또","서울 성동구 상왕십리동  12-46호","11","37.570553","127.02583"
"301","가로판매점","서울 양천구 신월6동  550-5","11","37.518017","126.84222"
"301","로또왕대박","경기 화성시 와우안길 46 1층","31","37.21573","126.9766"
"301","복권방","강원 원주시 관설동  1702-1","32","37.318775","127.965"
"301","GS25(양산문성)","경남 양산시 웅상읍 평산리 평산리 31-5","38","35.384815","129.15508"
"302","제일약국","서울 강남구 역삼동  829-15","11","37.49431","127.03347"
"302","현대사","경기 성남시 분당구 미금일로 77 구미제2조합상가 102호","31","37.3456","127.111084"
"303","신문가판대","서울 성북구 보문동1가  147-48보문시장앞","11","37.584087","127.02031"
"303","로또복권방","서울 양천구 신월동  544-6 1층","11","37.518463","126.84198"
"303","슈퍼복권나라","부산 부산진구 대학로 37-2 1층 복권방","21","35.152138","129.03583"
"303","진성복권방","경기 포천시 가산로 380","31","37.847607","127.19117"
"303","행운복권방 보생당건강원","전북 익산시 무왕로 1268","35","35.960304","126.99727"
"303","동진슈퍼","경남 창원시 명서동  200-1 부산상가1층 3호","38","35.24227","128.64925"
"304","다모아복권방","서울 구로구 서해안로30길 13-7 1층","11","37.4933","126.844315"
"304","가판","서울 마포구 마포대로 58 가든호텔정문옆가판","11","37.540684","126.94833"
"304","복권나라","서울 성동구 용답중앙15길 12-1 1층","11","37.56443","127.05383"
"304","잠실매점","서울 송파구 올림픽로 269 잠실역 8번출구 앞 가판","11","37.514446","127.10071"
"304","1001안경콘텍트","서울 양천구 신월4동  517-4","11","37.521046","126.83872"
"304","장흥로또","전남 장흥군 장흥읍 건산리 건산리 722-1","36","34.67984","126.90773"
"305","더존할인마트","광주 광산구 운남동  782-5더존1빌딩1층","24","35.177372","126.81517"
"305","동원슈퍼","광주 남구 대남대로 277-1,(월산동)","24","35.137066","126.89665"
"305","매표소","경기 수원시 팔달구 정조로 782-1","31","37.277878","127.01711"
"305","하이로또 복권방","경기 안양시 동안구 관악대로339번길 7,(관양동)","31","37.404186","126.96016"
"305","훼미리마트 상도점","경북 포항시 남구 문예로 68 우측상가","37","36.013435","129.36417"
"306","그랑프리안경","서울 강서구 강서로45길 13 선화빌딩","11","37.547802","126.83536"
"306","가로판매점","서울 금천구 시흥대로 212 가판","11","37.452766","126.90165"
"306","스파","서울 노원구 동일로 1493 상계주공아파트(10단지) 주공10단지종합상가111","11","37.66166","127.05787"
"306","GS25(방이삼형)","서울 송파구 방이동  149-13","11","37.51427","127.115234"
"306","GS25(종로낙원)","서울 종로구 낙원동  230","11","37.57223","126.98859"
"307","가로가판대제57호(구)","서울 중구 세종대로14길 6-2","11","37.562904","126.97705"
"307","복권마트","광주 북구 북문대로 89 벽산메가시티상가 101동 116호","24","35.176758","126.87724"
"307","운천 대박 복권방","경기 포천시 영북면 영북로 171-1,(운천리)","31","38.08958","127.27446"
"307","팡팡복권마트.잡화슈퍼","전북 전주시 덕진구 가리내로 26","35","35.834366","127.13327"
"308","마이마트","인천 서구 탁옥로 76 한국상가제1층101호","23","37.54315","126.67822"
"309","신명","서울 강서구 방화동로3길 1","11","37.562435","126.80841"
"309","경성식품","서울 동대문구 망우로21길 52","11","37.590435","127.06028"
"309","부일카서비스","부산 동구 자성로133번길 35","21","35.140015","129.06306"
"309","꿈의나라","부산 동래구 명륜동  533-49","21","35.205193","129.07956"
"309","복권명당","대구 수성구 천을로 180 동서1차아파트상가108-112호","22","35.842495","128.71007"
"309","미니슈퍼","인천 남동구 호구포로 874","23","37.460365","126.720314"
"309","로또복권벽산블루밍","대전 서구 갈마로 262","25","36.33321","127.38101"
"309","복권왕국","대전 서구 동서대로1047번길 2","25","36.330875","127.37787"
"309","행운방","경기 용인시 기흥구 보정동 1804-4엔림프라자101호","31","37.320713","127.115105"
"309","로또복권","경기 의정부시 장암동  20-9","31","37.726334","127.05454"
"309","홈짱","충북 청주시 흥덕구 서경로28번길 19 휴대폰매장내","33","36.617184","127.44338"
"310","가로매로또","서울 관악구 신림동  1640-5","11","37.483337","126.929405"
"310","우선식품","서울 영등포구 도신로 231-2","11","37.512466","126.91666"
"310","인생역전복권방","인천 부평구 청천2동  10-17상가1층","23","37.518665","126.7047"
"310","형제상회","대전 서구 계룡로 664-1,(용문동)","25","36.336784","127.39472"
"310","로또판매점","경기 고양시 일산동구 장항동 752삼성메르헨상가102-2","31","37.660133","126.76643"
"310","아이리스","경기 고양시 일산동구 백석동 백석동 1232 일산병원 지하 1층","31","37.645493","126.793015"
"310","-","경기 성남시 수정구 수정로 128","31","37.44143","127.13456"
"310","GS25(익산부송)","전북 익산시 부송동  235-7","35","35.95814","126.99704"
"311","신화복권방","서울 강동구 길동  347-61","11","37.542053","127.14185"
"311","한솔사","인천 미추홀구 경인로 384 1층 1호","23","37.45807","126.68257"
"311","1등로또복권","광주 서구 무진대로 904 광주종합터미널 내 영풍문고 앞","24","35.160297","126.88015"
"311","로또복권방","대전 서구 갈마중로 28,(갈마동)","25","36.347527","127.37245"
"311","로또복권","울산 울주군 해맞이로 1578","26","35.382607","129.34232"
"311","제일복권","강원 춘천시 중앙로 45 스탠다드차타드은행앞 가판","32","37.880833","127.72832"
"311","참깨열쇠.복권","전북 전주시 완산구 용리로 43 1층","35","35.798843","127.11466"
"311","로또","경남 고성군 고성읍 동외로167번길 11","38","34.97608","128.3255"
"312","GS25(삼성역)","서울 강남구 삼성동  168번지","11","37.510536","127.06286"
"312","뉴골드나라","서울 광진구 광나루로 521","11","37.545128","127.08744"
"312","주택복권사랑방","서울 구로구 경인로53길 15 중앙유통지하B55-02호","11","37.500893","126.874565"
"312","구포라인점","부산 북구 구포동  700-148","21","35.202557","129.00429"
"312","스파편의점","부산 사상구 가야대로 288 창조상가106호","21","35.15001","129.00414"
"312","동인마트","대구 중구 태평로 266","22","35.87241","128.60635"
"312","로또복권방","인천 동구 송현동  67-78","23","37.478172","126.63461"
"312","용두천하","광주 북구 하서로 373","24","35.20835","126.87351"
"312","대한복권","경기 부천시 부천로 52","31","37.489605","126.7842"
"312","대호상사","경기 성남시 분당구 야탑동 355-1세화2001빌딩107","31","37.411163","127.12681"
"312","성광복권방","경기 수원시 팔달구 인계동 인계동 968","31","37.27159","127.02644"
"312","119복권방","경기 안양시 만안구 안양2동 823-15","31","37.40586","126.911835"
"312","진안로또","전북 진안군 진안읍 군상리 군상리 403-102","35","35.791924","127.42988"
"312","북마산복권전문점","경남 창원시 마산합포구 북성로 98","38","35.215973","128.5708"
"312","GS25(서귀중문)","제주 서귀포시 천제연로 210","39","33.25145","126.42701"
"313","월드24시","서울 은평구 통일로 855-15","11","37.61925","126.919785"
"313","로또","부산 금정구 청룡동  31-7  슈퍼내","21","35.274113","129.09164"
"313","명진슈퍼","경기 의왕시 효행로 15","31","37.34923","126.974396"
"313","태극로또전문점","경기 이천시 애련정로 124-2","31","37.28148","127.4503"
"313","복권방","경기 하남시 신장로 122,(신장동)","31","37.53804","127.20478"
"313","늘봄로또복권","충남 서산시 호수공원6로 64 1층","34","36.77264","126.45055"
"314","팡팡복권방","서울 은평구 응암동  61-531층","11","37.590263","126.909645"
"314","가로판매점117호","서울 중구 장충단로 257","11","37.567608","127.00848"
"314","로또주안점","인천 남구 숭의동  408-7","23","37.462997","126.64097"
"314","탑포인트부평점","인천 부평구 부평동  557-11층","23","37.492844","126.72959"
"314","천하제일복권명당","대전 동구 새울로 93","25","36.326717","127.4615"
"314","훼미리마트(원주터미널)","강원 원주시 우산동  90-3","32","37.367092","127.93948"
"315","천하명당복권방화곡점","서울 강서구 화곡동  836-4","11","37.532097","126.85771"
"315","행운복권방","서울 강서구 화곡동  1068-32","11","37.540215","126.83419"
"315","해태24시","서울 양천구 곰달래로 11 1층 2호","11","37.529907","126.83391"
"315","부일카서비스","부산 동구 자성로133번길 35","21","35.140015","129.06306"
"315","보람복권방","울산 남구 화합로 194 18-1","26","35.541786","129.34166"
"315","GS25(안산산호)","경기 안산시 단원구 선부동 1081산호한양상가101호","31","37.336678","126.81326"
"315","대박복권방","경기 연천군 전곡읍 온골로 57-1,(전곡리)","31","38.02602","127.06766"
"315","다솜방제과슈퍼","경남 진주시 진주대로 883 1층","38","35.17919","128.09067"
"316","럭키슈퍼","서울 용산구 후암로 52","11","37.550594","126.97736"
"316","왕대박","부산 동래구 여고로113번길 59-4","21","35.201073","129.0741"
"316","훼미리마트관음점","대구 북구 칠곡중앙대로 475","22","35.938194","128.54906"
"316","버스매표소","인천 부평구 부평대로 3 가판","23","37.49181","126.722725"
"316","훼미리마트(광주우산점)","광주 광산구 우산동  1573-1","24","35.163925","126.802605"
"316","태안로또복권방","충남 태안군 독샘로 57","34","36.75318","126.29935"
"317","토큰박스(아카데미)","대구 중구 중앙대로 390 승강장옆","22","35.86778","128.59392"
"317","삽교복권방","충남 예산군 삽교로2길 2 CU편의점내","34","36.686195","126.73935"
"317","로또복권방","전북 정읍시 충정로 442 CU편의점 내","35","35.584843","126.85508"
"317","하당제과","전남 목포시 통일대로75번길 10 부영아파트상가109호","36","34.80206","126.43256"
"318","서울구가-17가판","서울 구로구 구로동로 130-2 구로4동우체국앞가판","11","37.490326","126.88439"
"318","-","서울 서초구 방배동  765-28","11","37.493843","126.98309"
"318","로또하우스","서울 양천구 목동  907-10현대파리지앙107호","11","37.536663","126.87982"
"318","갑부복권","서울 용산구 한남동  631-5","11","37.53211","127.005646"
"318","로또복권방","인천 서구 신현로 44 1층102호","23","37.51731","126.67237"
"318","안산삼성홈플러스로또복권판매점","경기 안산시 단원구 광덕대로 175 홈플러스 내 1층","31","37.311886","126.828896"
"318","범계가판","경기 안양시 동안구 호계동 호계동 1039희망공원가판대","31","37.390217","126.95044"
"318","돈벼락복권방","충남 아산시 서해로 654","34","36.88196","126.91078"
"318","신나라레코드","전남 여수시 망마로 107","36","34.757214","127.67405"
"319","복권명당(서부점)","대구 달서구 월배로 452","22","35.833633","128.55486"
"319","복권명당(서부점)","대구 달서구 월배로 452","22","35.833633","128.55486"
"319","로또복권판매","대구 북구 구암동  831-7","22","35.892487","128.60565"
"319","인생대역전","인천 계양구 임학동  10-10","23","37.545486","126.7387"
"319","초월대박복권방","경기 광주시 경충대로 1252","24","37.386677","127.28821"
"320","코사마트","경기 부천시 오정로 203,(내동)","31","37.52708","126.78259"
"320","알리바이(나주점)","전남 나주시 나주로 142 알리바이","36","35.031338","126.71719"
"321","경성식품","서울 동대문구 망우로21길 52","11","37.590435","127.06028"
"321","회현역7번출구신세계백화점아웃백옆","서울 중구 회현동1가  194-3login25편의점내","11","37.56713","126.980316"
"321","로또복권문수점","울산 남구 무거동  1195","26","35.551674","129.27457"
"321","온천로또복권","충남 예산군 덕산면  사동리 15덕산온천관광호텔매점","34","36.689205","126.65954"
"321","흥건슈퍼","전북 전주시 완산구 거마평로 25 흥건1차아파트상가 흥건슈퍼","35","35.794403","127.11578"
"321","대동도기상사","경북 영천시 금완로 30","37","35.960327","128.93187"
"322","GS25(청담삼익)","서울 강남구 청담동  133-6번지","11","37.520863","127.0576"
"322","LG25계룡병원점","대전 중구 오류동  168-7번지","25","36.31166","127.39445"
"322","GS25(일산토당)","경기 고양시 덕양구 토당동 토당동 282-2금호프라자1층113 114","31","37.62558","126.81701"
"322","화천복권방","강원 화천군 화천읍  하리   43-33","32","38.104836","127.70451"
"322","경기복권방","충북 충주시 가금면 용전리 용전리 380-4","33","37.02401","127.83744"
"322","신일마트","전북 군산시 의료원로 159","35","35.95842","126.69812"
"323","버스토큰판매소","서울 구로구 경인로 323","11","37.497646","126.85616"
"323","신정마트","서울 양천구 신목로 70-1 신통빌딩 1층","11","37.521122","126.87375"
"323","조일상회","부산 동래구 명륜1동  529-3","21","35.20344","129.07982"
"323","공원복권방","울산 남구 대학로 60 제에이동 1층 가운데","26","35.54068","129.25827"
"323","우리들공업탑점","울산 남구 수암로 21","26","35.532272","129.3106"
"323","복권나라","강원 원주시 원일로 219 1층","32","37.355988","127.94392"
"323","하나로슈퍼","충남 보령시 주공로 65","34","36.34183","126.60737"
"323","대흥당","전북 정읍시 관통로 102","35","35.558918","126.85565"
"324","GS25(장한평역)","서울 동대문구 장안동  433-7조광빌딩102","11","37.562336","127.065475"
"324","상호없음","서울 송파구 석촌동  210-9유천빌딩1층GN마트내","11","37.502308","127.098595"
"324","노다지복권방","대전 대덕구 아리랑로 213 대영상가 1층","25","36.374424","127.427124"
"324","로또복권방","경기 고양시 덕양구 행신동 950-1삼일프라자1층 105호","31","37.623337","126.837"
"324","버스표판매소","경기 고양시 덕양구 화정로 지하 60 화정역 2번출구","31","37.634552","126.83321"
"324","복권명당","경북 포항시 북구 두호동 두호동 1022두호아파트복합상가103","37","36.06173","129.37195"
"325","가판점80호","서울 중구 을지로4가  310-68","11","37.56612","126.99556"
"325","왕대박복권","대구 달성군 달구벌대로 812","22","35.860928","128.46127"
"325","아진동대구역광장","대구 동구 신암동  294번지","22","35.879074","128.62872"
"325","로또복권구암점","대구 북구 침산로 153 명성푸르지오 상가 103동 B2호","22","35.889423","128.59015"
"325","아이러브복권방","울산 중구 유곡로 19-1","26","35.55638","129.30725"
"325","종합자동차매매상사","전남 해남군 해남로 34 종합복권방편의점","36","34.570763","126.61092"
"326","셀프카메라","부산 부산진구 가야대로443번길 30","21","35.154446","129.02167"
"326","대림서점","대구 남구 중앙대로 158 대림서점","22","35.847366","128.59087"
"326","천하명당복권","대구 북구 칠곡중앙대로 545,(읍내동)","22","35.94432","128.55064"
"326","아이러브복권방","울산 중구 유곡로 19-1","26","35.55638","129.30725"
"326","복권명당","경기 용인시 처인구 용문로 142 1층","31","37.23621","127.20159"
"326","훼미리마트함양한주점","경남 함양군 고운로 80-1","38","35.520874","127.73024"
"327","노다지복권방","서울 강동구 천호대로170길 47 1층","11","37.53326","127.132614"
"327","복권나라","서울 중구 남대문로5가  12-5","11","37.55862","126.975"
"327","대성기획","경기 용인시 기흥구 구성로 75-1","31","37.29493","127.1179"
"327","대박복권","경기 의왕시 내손동  683-10","31","37.386047","126.98088"
"327","올인(allin)","경기 화성시 3.1만세로 1147","31","37.135284","126.910614"
"327","반딧불로또","전북 무주군 무주읍 읍내리 읍내리 249-4","35","36.007782","127.663"
"327","복권나라","전남 목포시 당가두로14번길 47-1 103호 복권나라","36","34.807583","126.43719"
"327","GS25(양산문성)","경남 양산시 평산동  31-5","38","35.384815","129.15508"
"327","GS25(양산문성)","경남 양산시 평산동  31-5","38","35.384815","129.15508"
"327","GS25(양산문성)","경남 양산시 평산동  31-5","38","35.384815","129.15508"
"327","GS25(양산문성)","경남 양산시 평산동  31-5","38","35.384815","129.15508"
"327","GS25(양산문성)","경남 양산시 평산동  31-5","38","35.384815","129.15508"
"328","소리창고","서울 강서구 강서로 306","11","37.552868","126.83675"
"328","행운복권방","서울 은평구 서오릉로 10,(녹번동)","11","37.602295","126.92678"
"328","로또복권방","인천 남구 주안동  238-1리베로빌딩103","23","37.464348","126.67928"
"328","굿프랜드로또","경기 고양시 덕양구 주교동 주교동 568-1","31","37.62182","126.845726"
"328","희망유통","경기 평택시 평택1로20번길 39 1층 복권방","31","36.99426","127.08929"
"328","행운복권방","경기 포천시 솔모루로 86-1","31","37.8288","127.14748"
"329","대성복권방","서울 금천구 독산동  1008-11층대성식품내","11","37.47889","126.90353"
"329","광명식품","서울 중구 만리동1가  50-2","11","37.557186","126.96827"
"329","가로판매대제18호","서울 중구 소공로 51","11","37.559227","126.98148"
"329","복권판매소(서문큰장네거리)","대구 서구 국채보상로 438,(내당동)","22","35.870575","128.5788"
"329","종합복권나라","경기 양평군 북한강로 12 1층","31","37.54495","127.32051"
"329","로또복권방동백점","경기 용인시 기흥구 동백동 동백동 2205-1월드프라자101서진슈퍼내","31","37.27663","127.15243"
"330","가로판매점","서울 서초구 신반포로 189 한신4차입구","11","37.506565","127.00488"
"330","오목미니슈퍼","서울 양천구 신목로 119","11","37.525066","126.87626"
"330","빌딩매점","서울 영등포구 신길로 108 남서울아파트상가 13동 103-나호","11","37.500977","126.90988"
"330","노다지복권방","부산 해운대구 신반송로 179","21","35.229137","129.1601"
"330","따봉복권방","인천 부평구 주부토로 109","23","37.50489","126.72531"
"330","욱일슈퍼","인천 부평구 경인로 1144","23","37.484604","126.746704"
"330","행운복권","경기 수원시 권선구 권선로 774-1","31","37.256557","127.03559"
"330","행운이가득한집","경기 안산시 상록구 건건로 28 동호상가B-14호","31","37.303696","126.90144"
"330","서창복권나라","경남 양산시 서창서2길 3","38","35.416225","129.17226"
"331","가판","서울 마포구 마포대로 58 가든호텔정문옆가판","11","37.540684","126.94833"
"331","신간판","서울 중구 무교로 24","11","37.568092","126.979454"
"331","E편한마트","광주 북구 중흥동  224-87","24","35.17026","126.9146"
"331","로또판매훼미리마트철산역점","경기 광명시 광명동  272야우리빌딩103호","31","37.47554","126.867546"
"331","챔스","경북 영주시 중앙로 51","37","36.821327","128.62204"
"332","대박로또","서울 영등포구 영등포로53길  17 1층 (영등포동2가)","11","37.51938","126.90869"
"332","신간판","서울 중구 무교로 24","11","37.568092","126.979454"
"332","김영로또","인천 옹진군 영흥북로 3 105호","23","37.25634","126.49667"
"332","정기사","경기 동두천시 동광로 88,(생연동)","31","37.908875","127.05794"
"332","대박복권방","경기 연천군 전곡읍 온골로 57-1,(전곡리)","31","38.02602","127.06766"
"332","행운복권방 보생당건강원","전북 익산시 무왕로 1268","35","35.960304","126.99727"
"332","종합자동차매매상사","전남 해남군 해남로 34 종합복권방편의점","36","34.570763","126.61092"
"332","목화휴게소","경남 사천시 사천대로 912","38","35.0018","128.05415"
"333","묵동식품","서울 중랑구 동일로 919","11","37.612457","127.07704"
"333","행운열차복권방","부산 사하구 옥천로 15-1","21","35.089","129.00534"
"333","프랜즈주안2호점","인천 남구 주안동  18-231층","23","37.466755","126.68287"
"333","모닝로또","인천 서구 봉오재3로 104 엔시티타워2차 1층 115호","23","37.52718","126.67166"
"333","번개로또복권방","경기 수원시 장안구 경수대로973번길 13-4 1층 (송죽동)","31","37.30316","127.00393"
"333","노다지복권방","경기 시흥시 복지로 103-1 1층상가","31","37.44823","126.79206"
"333","신청호마트","전남 목포시 용해지구로88번길 23 골드디움5차상가 115호","36","34.82034","126.39584"
"334","종합가판점","서울 동대문구 왕산로40길 6 건물 앞쪽 가판점 청량리역 5번출구 앞쪽","11","37.579697","127.04497"
"334","훼미리마트(신당6동점)","서울 중구 신당동  52-299 1층","11","37.56379","127.01674"
"334","슈퍼복권나라수정점","부산 동구 고관로 95,(수정동)","21","35.127537","129.04518"
"334","신탄복권방","대전 대덕구 목상동  866-3","25","36.443733","127.410934"
"334","해든복권나라","경기 부천시 소향로 239 대야하이빌투 106호","31","37.50082","126.77432"
"334","로또명당인주점","충남 아산시 서해로 519-2","34","36.87784","126.89828"
"334","알짜마트왕지점","전남 순천시 왕궁길 60 중흥파크상가 309-101호","36","34.956314","127.53233"
"335","복권방","서울 강동구 천호대로176길 10-3","11","37.53383","127.13603"
"335","노다지복권방","부산 부산진구 부암동  541-23","21","35.17029","129.03757"
"335","25시슈퍼","경기 시흥시 함송로14번길 13-17 홍익프라자1층107호","31","37.362453","126.72994"
"335","GS25(경산사동)","경북 경산시 삼풍동  509-4","37","35.821297","128.75475"
"335","목화휴게소","경남 사천시 사천대로 912","38","35.0018","128.05415"
"336","GS25(만평)","대구 서구 비산동  1210-2","22","35.888996","128.56564"
"336","마이마트","인천 서구 탁옥로 76 한국상가제1층101호","23","37.54315","126.67822"
"336","GS25오리점","경기 성남시 분당구 구미동 구미동 158하나이지타워107호","31","37.340015","127.10778"
"336","배스트로또(수원탑동)","경기 수원시 권선구 탑동 탑동 749-1","31","37.274883","126.973366"
"336","찬스로또방","경남 창원시 내동  456-17번지내동상가1층7-8호","38","35.218735","128.6614"
"336","청룡","제주 제주시 신북로 255","39","33.53805","126.63927"
"337","베스트부흥복권방","서울 도봉구 창동  3-4신한빌딩107호","11","37.653286","127.04932"
"337","노다지복권방","서울 성동구 성수동2가  300-75호1층4","11","37.54571","127.05389"
"337","신문가판점","서울 용산구 한강대로77길 19 남영역 앞","11","37.541813","126.97192"
"337","복권마을","인천 부평구 마장로 424","23","37.515896","126.70455"
"337","알리바이","광주 광산구 수등로 253 1층 알리바이","24","35.185387","126.83668"
"337","용두천하","광주 북구 하서로 373","24","35.20835","126.87351"
"337","현리행운복권방","경기 가평군 조종희망로 14 1층","31","37.818184","127.35024"
"337","월드컵","경기 수원시 팔달구 월드컵로 299-1","31","37.285313","127.03505"
"338","행복슈퍼","서울 성북구 동소문로 49","11","37.591003","127.01112"
"338","대박행진복권랜드","경기 파주시 금빛로 22 금촌프라자107호","31","37.751614","126.76691"
"338","세형전기","경기 평택시 평택3로56번길 28-8","31","36.993435","127.09534"
"339","명진슈퍼","서울 송파구 새말로 142","11","37.483517","127.12962"
"339","묵동식품","서울 중랑구 동일로 919","11","37.612457","127.07704"
"339","훼미리마트(입석강변점)","대구 동구 입석동  933-2","22","35.890266","128.64635"
"339","영화사랑","인천 부평구 청천동  15-9","23","37.517715","126.703674"
"339","복권나라","인천 서구 거북로 80","23","37.503014","126.670654"
"339","효원복권방","경북 경산시 공단4로 145 1층  씨스페이스","37","35.87031","128.82817"
"339","훼미리마트(포항중앙상가점)","경북 포항시 북구 신흥동 신흥동 819-1","37","36.03948","129.36514"
"339","행운복권방(동아마트연일점)","경북 포항시 남구 연일읍 생지리408","37","35.99958","129.34491"
"339","훼미리마트(통영항남점)","경남 통영시 항남동  197-25","38","34.842373","128.42258"
"340","복권방","서울 광진구 광장동  453-1삼성상가1층","11","37.54239","127.10204"
"340","GS25(분당성원)","경기 성남시 분당구 금곡동 159한국프라자112 113호","31","37.351154","127.10948"
"340","대호상사","경기 성남시 분당구 야탑동 355-1세화2001빌딩107","31","37.411163","127.12681"
"340","주택복권방","경기 안양시 동안구 흥안대로145번길 77 77","31","37.374123","126.95816"
"340","만세복권방","경기 의정부시 신곡동  473-2성원상가104","31","37.752926","127.04363"
"340","GS25(이천대월)","경기 이천시 대월면 사동리 사동리 347-138","31","37.24438","127.49463"
"340","소답시내버스매표소","경남 창원시 의창구 의안로2번길 17 가판","38","35.261776","128.62564"
"341","부일카서비스","부산 동구 자성로133번길 35","21","35.140015","129.06306"
"341","훼미리마트관음점","대구 북구 칠곡중앙대로 475","22","35.938194","128.54906"
"341","복권명당","대구 수성구 들안로 243","22","35.851864","128.6167"
"341","GS25(수원삼성)","경기 수원시 영통구 매탄동 매탄동 1267-7중앙프라자1층104","31","37.259037","127.04512"
"341","재우텔레콤","경기 하남시 신평로 74","31","37.539894","127.20607"
"341","드림복권","전북 익산시 무왕로20길 20-2","35","35.957024","126.97992"
"341","GS25(창원극동)","경남 창원시 팔용동  104-1","38","35.254997","128.61241"
"342","한국종합빌딩(복권)","인천 남동구 경인로 530 1층","23","37.461216","126.6982"
"342","황금로또","강원 원주시 현충로318번길 35 1층","32","37.381992","127.950325"
"342","복권마을","충북 충주시 봉황1길 2,(봉방동)","33","36.976875","127.92121"
"343","씨스페이스(명지성모점)","서울 영등포구 대림동  7091층","11","37.486954","126.90428"
"343","종로슈퍼","서울 종로구 돈화문로10길 14","11","37.572502","126.99242"
"343","영화유통(1등복권방)","울산 남구 신정로 19 삼성아파트 상가 204-101","26","35.533833","129.32205"
"343","천하복권방","울산 동구 전하로 29","26","35.512436","129.4275"
"343","에덴로또","전북 전주시 덕진구 쪽구름로 34,(동산동)","35","35.868675","127.077835"
"343","남평로또점","전남 나주시 남평1로 12 파평회관 1층","36","35.046345","126.8391"
"344","하프타임(괴정점)","부산 사하구 승학로284번길 42","21","35.102444","128.9978"
"344","훼미리마트(다대사랑점)","부산 사하구 다대동  35","21","35.063763","128.98087"
"344","황금돼지복권방","부산 연제구 중앙대로 1204","21","35.194878","129.0804"
"344","광주무등1호점로또판매","광주 북구 임동  153-6","24","35.1673","126.89156"
"344","로또판매점","전북 장수군 장수읍 싸리재로 18","35","35.648823","127.520744"
"344","코리아슈퍼","경남 통영시 안개로 42 수아지오아파트 상가1층 103호","38","34.85912","128.43123"
"344","합천우리복권방","경남 합천군 핫들2로 8 1층","38","35.56843","128.16539"
"345","고려슈퍼마켓","경기 구리시 원수택로64번길 28 상가","31","37.596237","127.14344"
"345","장군슈퍼","경기 부천시 소사로 837","31","37.530933","126.80509"
"346","복권명당","대구 북구 산격동  845","22","35.893982","128.59468"
"346","로또복권판매도통점","전북 남원시 용성로 232,(도통동)","35","35.41778","127.39722"
"346","자수정슈퍼","전북 전주시 완산구 용머리로 152","35","35.805733","127.12693"
"346","자수정슈퍼","전북 전주시 완산구 용머리로 152","35","35.805733","127.12693"
"346","덕산24시슈퍼","경남 창원시 진해구 충장로 505","38","35.1442","128.70134"
"347","로또복권판매소","서울 영등포구 문래동2가  40-3","11","37.51277","126.89303"
"347","로또복권","인천 부평구 열우물로50번길 9-2","23","37.473164","126.70084"
"347","샘머리비디오 책","대전 서구 둔산2동  907 A상가 지하 14호","25","36.34029","127.38723"
"347","일등복권방","경기 광명시 오리로 855 1층3호","31","37.47463","126.86649"
"347","베스트올수성점","전북 정읍시 수성2로 28","35","35.58169","126.854416"
"347","영암복권방","전남 영암군 삼호읍 삼호중앙로 203 명당복권방","36","34.745525","126.47302"
"347","로또","경남 고성군 고성읍 동외로167번길 11","38","34.97608","128.3255"
"348","L-마트","경기 부천시 삼작로 22 부천테크노파크100-103","31","37.518986","126.76236"
"348","GS25(파빌리온점)","경기 성남시 분당구 정자동 7 두산위브파빌리온상가 1층 A-103","31","37.371655","127.10719"
"348","행운로또복권","경기 오산시 오산동  876-2","31","37.14875","127.068886"
"349","-","부산 부산진구 부전동  573-1 복권판매대 제4번","21","35.158165","129.05988"
"349","복권나라","인천 미추홀구 토금북로 47","23","37.453613","126.63935"
"349","네잎크로바","경기 안양시 동안구 엘에스로 92 안양국제 유통단지 지원동 지하1층 71호","31","37.37095","126.95095"
"350","GS25(이문중앙점)","서울 동대문구 이문동  345-8 외 1필지 (346-118)","11","37.599773","127.06849"
"350","데스콤㈜영등포영업소","서울 영등포구 영중로 48","11","37.520576","126.905136"
"350","노다지복권방","서울 종로구 종로 333","11","37.572903","127.01451"
"350","갤러리마트","서울 중랑구 사가정로 387","11","37.580944","127.087715"
"350","대박찬스","광주 북구 서하로 196,(오치동)","24","35.18705","126.901886"
"350","이플러스","경기 수원시 영통구 매탄동 153-14","31","37.274273","127.04432"
"350","공원슈퍼","경기 수원시 장안구 팔달로 257-1 1층(영화동)","31","37.288837","127.01324"
"350","로또복권방","경기 안양시 동안구 호계동 721-3","31","37.367393","126.95475"
"350","오또로또","경기 이천시 마장면 오천리 283-15","31","37.253742","127.35232"
"351","제이복권방","서울 종로구 종로 225-1 평창빌딩 1층 103호","11","37.571293","127.00283"
"351","로또토토","울산 남구 꽃대나리로 37","26","35.53398","129.33388"
"351","복권세상","경기 남양주시 청학로 97","31","37.707882","127.11624"
"351","보령복권방","충남 보령시 중앙로 48","34","36.349045","126.59824"
"352","인더라인25","서울 마포구 성미산로 199","11","37.56252","126.927086"
"352","복권나라","서울 송파구 잠실동  40-1 롯데월드쇼핑몰 지하1층 1-73","11","37.480087","127.11966"
"352","평안당","서울 종로구 종로 219","11","37.57123","127.00219"
"352","현암꽃플라워","대전 동구 태전로 167","25","36.342148","127.419106"
"352","베스토아","경기 성남시 분당구 내정로166번길 43 104호(수내동, 금산프라자빌딩)","31","37.37034","127.12261"
"352","평원상회","강원 강릉시 옥천동  281-8","32","37.759415","128.89938"
"353","신도복권명소","대전 대덕구 비래동  151-4","25","36.355057","127.45455"
"353","대성기획","경기 용인시 기흥구 구성로 75-1","31","37.29493","127.1179"
"354","-","서울 강남구 선릉로 519 삼능빌딩","11","37.505875","127.048004"
"354","효원당슈퍼","부산 금정구 부산대학로 48 복권판매점","21","35.231426","129.08607"
"354","복권이야기","대구 동구 신천동  740-20","22","35.878857","128.73192"
"354","GS25(중촌현대)","대전 중구 중촌동  17-2","25","36.337418","127.4125"
"354","희망복권방","경기 의정부시 호원동  423 대명빌딩 1층","31","37.7257","127.049255"
"355","복권천국","대구 남구 대명로 269-3","22","35.84328","128.58566"
"355","버스판매소","경기 고양시 덕양구 화정동 1045번지 865 선신안아파트 앞","31","37.643604","126.8322"
"355","나이키로또복권방","경기 광주시 경충대로 899 1층 111-1호(초월프라자)","24","37.362164","127.3133"
"355","빙고복권점","경기 평택시 송탄로 191","31","37.061375","127.05822"
"355","로또복권","경기 화성시 사강로 172","31","37.21268","126.73488"
"356","한냉매점","서울 동작구 노들로 674 노량진수산물도매시장 2층 10호","11","37.51461","126.93681"
"356","가로판매점","서울 용산구 원효로 166","11","37.53501","126.961555"
"356","제이복권방","서울 종로구 종로 225-1 평창빌딩 1층 103호","11","37.571293","127.00283"
"356","버스매표소447","인천 동구 송림동  50-120","23","37.477295","126.645164"
"356","GS25(수원행복)","경기 수원시 영통구 영통동 974-6 세일빌딩 111","31","37.24678","127.06075"
"356","공단로또복권방","경기 안성시 미양면 계륵리 271-9","31","36.979202","127.25985"
"356","로또휴게실","경기 용인시 기흥구 용구대로 1885","31","37.256386","127.10432"
"356","로또복권판매점","경기 평택시 서정로 237","31","37.06594","127.059685"
"356","시외버스터미널로또복권방","충남 논산시 계백로 1000","34","36.203087","127.088264"
"357","쉐라톤베이커리","서울 도봉구 도봉로170길 8,(도봉동)","11","37.680374","127.04596"
"357","토토전문점","경남 김해시 해반천로144번길 40 거림맥스랜드103호 복권판매점","38","35.261242","128.87164"
"358","큰마을복권방","대전 서구 만년로67번길 36 디지털타운1층64호 홍삼판매점","25","36.36931","127.38057"
"358","한샘행운복권방","경기 양주시 가래비길 57-1","31","37.82315","126.98549"
"358","복권명당","경북 영천시 호국로 31","37","35.972477","128.94151"
"359","삼성복권","서울 강남구 대치동  957-3 1층","11","37.50557","127.05832"
"359","행운복권마트","서울 서초구 서초대로 96 1층","11","37.487194","126.99285"
"359","대박찬스","서울 영등포구 도림로 356 1층복권방","11","37.508884","126.90007"
"359","가로판매점","서울 중구 서소문로 109","11","37.563053","126.97326"
"359","마두역상행선가판대","경기 고양시 일산동구 중앙로 1181 교보생명 일산사옥 마두역상행선가판대","31","37.65222","126.77706"
"359","복권방","경기 부천시 삼작로 305 성진그린타운102-102","31","37.5203","126.79547"
"359","노다지복권방","경기 파주시 문향로67번길 2 순금당안경원","31","37.858105","126.784996"
"359","가자복권천국","전남 목포시 신흥로45번길 2","36","34.803482","126.42581"
"360","복권방","서울 구로구 도림로 55-1","11","37.4888","126.89002"
"360","럭키슈퍼","서울 용산구 후암로 52","11","37.550594","126.97736"
"360","창원병원앞매표소","경남 창원시 중앙동  104-1","38","35.2185","128.67143"
"361","대연3호점로또판매","부산 남구 대연4동  1168-14","21","35.123676","129.07991"
"361","훼미리마트과정로","부산 수영구 과정로 42,(망미동)","21","35.17517","129.10776"
"361","한국종합빌딩(복권)","인천 남동구 경인로 530 1층","23","37.461216","126.6982"
"361","GS25(영통번영)","경기 수원시 영통구 영통동 1038-1 1층","31","37.2538","127.0769"
"361","까치복권방","경기 시흥시 중심상가로 326 1층102","31","37.336678","126.74821"
"361","영화복권방","경남 김해시 덕정로 158 복권판매점","38","35.17843","128.80179"
"361","코리아슈퍼","경남 통영시 안개로 42 수아지오아파트 상가1층 103호","38","34.85912","128.43123"
"362","GS25(반포중앙)","서울 서초구 반포1동  739-351층","11","37.505672","127.02201"
"362","노다지복권방","경기 시흥시 복지로 103-1 1층상가","31","37.44823","126.79206"
"362","다니엘사","경기 안산시 단원구 원선1로 38 두산위브아파트 101호","31","37.326073","126.80417"
"362","복권사랑","경기 양주시 평화로 1444,(덕계동)","31","37.81949","127.047104"
"362","로또휴게실","경기 용인시 기흥구 용구대로 1885","31","37.256386","127.10432"
"362","한마음","충북 제천시 신백동  110-11","33","37.151554","128.22421"
"363","우리들중울산점","울산 중구 옥골샘4길 21","26","35.55714","129.32382"
"363","썬마트","충북 청주시 흥덕구 진재로23번길 25","33","36.632607","127.42811"
"363","대박마트복권방","충남 아산시 음봉로 844 행복한순복음교회 태화상가1층103호","34","36.826508","127.09927"
"363","Letsgo복권방","전북 전주시 완산구 평화로 190","35","35.793427","127.13674"
"364","복권왕국","대전 서구 동서대로1047번길 2","25","36.330875","127.37787"
"364","복권천국","대전 중구 보문로 173","25","36.31838","127.42514"
"364","대박로또","경기 안산시 상록구 사동 11521층","31","37.291874","126.83871"
"364","유방매표소","경기 용인시 처인구 유방동 310-10","31","37.258778","127.212906"
"365","시네마복권방","광주 북구 두암동  894-1","24","35.169147","126.92977"
"366","가로판매점","서울 용산구 한강로2가  314-1","11","37.52996","126.968155"
"366","가판점","경기 부천시 부일로459번길 8 국민은행버스정류장 옆 가판","31","37.48641","126.78152"
"367","소리창고","서울 강서구 강서로 306","11","37.552868","126.83675"
"367","신문가판대","서울 성북구 보문동1가  147-48보문시장앞","11","37.584087","127.02031"
"367","로또봉덕시장지점","대구 남구 봉덕로 120","22","35.844345","128.6035"
"367","복권방","인천 부평구 경인로 745 102호","23","37.484352","126.710754"
"367","복권명당집시장점","경기 동두천시 지행동  718-3송내프라자103","31","37.891388","127.052986"
"367","석수로또대박나라","경기 안양시 만안구 석수동 281-4104호","31","37.414104","126.90836"
"367","제일복권","충남 논산시 중앙로 235 놀뫼아파트","34","36.18836","127.099686"
"368","당신대박","부산 북구 금곡대로285번길 19 리버사이드빌딩103-1호","21","35.233795","129.01233"
"368","로또는내운명","대전 중구 대종로 277","25","36.31158","127.437355"
"368","권선로또복권방","경기 수원시 권선구 탑동로 22 천림빌딩 천림빌딩102호","31","37.270844","126.97501"
"368","로또휴게실","경기 용인시 기흥구 용구대로 1885","31","37.256386","127.10432"
"368","복권천하 미스터잉크동해점","강원 동해시 발한로 35","32","37.535885","129.10315"
"368","로또복권장항점","충남 서천군 장항읍  창선리   632-2","34","36.0262","126.6999"
"368","로또경주고속점","경북 경주시 태종로 695","37","35.83873","129.2042"
"369","가로판매대","서울 강동구 올림픽로 648 천호역 3번 출구 앞(가판점)","11","37.538975","127.12444"
"369","알리바이평동베팅샵","광주 광산구 사암로340번길 31 부광빌딩 102호","24","35.175247","126.81066"
"369","ALWAYSMART","경기 고양시 일산동구 백마로 501-2","31","37.663174","126.803696"
"369","행운의명당로-토토","충북 청주시 서원구 모충로 36","33","36.62487","127.46841"
"369","일마트","전남 순천시 중앙시장길 20 일마트","36","34.953197","127.48504"
"369","스포츠복권방","경남 양산시 물금읍 황산로 675","38","35.330875","129.0067"
"370","소리창고","서울 강서구 강서로 306","11","37.552868","126.83675"
"370","-","부산 북구 금곡대로 270 상가동 110호","21","35.231136","129.01552"
"370","알리바이","광주 광산구 수등로 253 1층 알리바이","24","35.185387","126.83668"
"370","로또복권","대전 동구 자양동  198-17","25","36.34154","127.44839"
"370","가판대","경기 안양시 만안구 안양동 456-2","31","37.3927","126.92598"
"370","대박나라복권방","충남 아산시 서부남로 868","34","36.777367","126.934395"
"370","행운복권방(감포)","경북 경주시 감포로 141","37","35.80664","129.50232"
"371","그린슈퍼","서울 강동구 천중로52길 15","11","37.540073","127.1442"
"371","동아슈퍼","서울 노원구 노원로 522 9단지유치원104호","11","37.661198","127.060974"
"371","버스판매소","서울 영등포구 영중로 2 1층(영등포동3가)","11","37.516743","126.906746"
"371","천하명당복권","대구 북구 동북로 152,(산격동)","22","35.899677","128.60947"
"371","타임","대전 중구 은행동  76-18번지","25","36.32743","127.42893"
"371","로또복권방","경기 수원시 장안구 경수대로 1080","31","37.30952","126.99452"
"371","일등복권방","충북 청주시 흥덕구 복대동 849-2","33","36.63393","127.44845"
"372","팔도로또","부산 수영구 수영로 709-1 청백도서내","21","35.16824","129.11705"
"372","경기상회","인천 남동구 장승남로 42 은빛프라자 104호","23","37.443142","126.73679"
"372","코리아세븐 대전오정오거리점","대전 대덕구 오정동  449-1번지","25","36.347725","127.41602"
"372","한꿈복권방","울산 중구 번영로 586","26","35.568794","129.34589"
"372","복권방","경기 가평군 청평중앙로 35 프라자약국 1층","31","37.73741","127.418495"
"372","명당골복권방","경기 수원시 권선구 동수원로242번길 15 104호","31","37.251095","127.03546"
"372","공림로또판매점","충남 서산시 남원1길 107","34","36.761387","126.45487"
"372","행운마트","충남 아산시 서해로 654","34","36.88196","126.91078"
"372","GS25(김해중앙점)","경남 김해시 서상동  152-10 1층","38","35.233288","128.88136"
"373","Today","서울 광진구 광나루로56길 85 테크노마트9층판매동24호","11","37.53569","127.09574"
"373","GS25(안산산호)","경기 안산시 단원구 선부동 1081산호한양상가101호","31","37.336678","126.81326"
"373","훼미리마트(광탄개나리)","경기 파주시 광탄면 신산리 358-10","31","37.78273","126.84627"
"373","행운의집","경북 안동시 북문동  23-7","37","36.566982","128.7295"
"374","정원복권방","서울 도봉구 도봉로 468 흥일빌딩 1층 101-3호","11","37.64732","127.03438"
"374","또또복권방","전북 익산시 고봉로32길 3","35","35.95982","126.971695"
"375","버스표 담배","서울 강동구 올림픽로 811","11","37.553516","127.12843"
"375","현아상회","부산 남구 동명로145번길 3","21","35.119755","129.1127"
"375","행복이가득한집","부산 영도구 동삼로 89 1층 복권방","21","35.08148","129.07057"
"375","이토타워점","인천 남동구 구월동  1456이토타워129","23","37.456196","126.73655"
"375","복권명당","대전 서구 만년남로3번길 164,(만년동)","25","36.366486","127.37305"
"375","등대복권방","울산 동구 동진로 4 동서아트빌 1층 편의점","26","35.486736","129.42564"
"375","황금복권","강원 원주시 단계동  808번지  삼익상가 105호","32","37.351185","127.9295"
"376","복권방","서울 구로구 구로동  409-80  1층","11","37.493923","126.88259"
"376","가로판매점","서울 서대문구 신촌로 103,(창천동)","11","37.55555","126.93745"
"376","복권코리아","대구 달서구 와룡로 19,(본동)","22","35.834194","128.537"
"376","407억당첨가판점","강원 춘천시 중앙로 65 국민은행앞 가판","32","37.87923","127.726616"
"376","아산직매장","충남 아산시 어의정로183번길 9","34","36.7757","127.01582"
"376","한일슈퍼","경북 구미시 황상동  205-15","37","36.15483","128.35126"
"377","훼미리마트(장위미래점)","서울 성북구 장위동  158-43","11","37.597256","127.03547"
"377","종각점","서울 종로구 관철동  42-3번지1층","11","37.5715","127.012405"
"377","삼성포토랜드","인천 강화군 강화읍 북문길 6","23","37.74834","126.48402"
"378","복권나라","서울 관악구 남부순환로 1739-9","11","37.482788","126.943474"
"378","LG다대성원점","부산 사하구 다대동  1551-25","21","35.049816","128.9699"
"378","SK@24시편의점","경기 파주시 야동동  589-10","31","37.773052","126.75124"
"378","왕대박복권","강원 속초시 번영로 142 1층, 102호","32","38.211353","128.58932"
"378","로터리편의마트","경북 포항시 북구 서동로 85 육거리","37","36.040768","129.36725"
"379","복권명당","대구 동구 효동로 101 동촌 강나루아파트 건너편","22","35.885254","128.64221"
"379","코사마트한양점","경기 고양시 덕양구 마상로 156","31","37.6584","126.83955"
"379","버스표판매소","경기 고양시 덕양구 화정로 지하 60 화정역 2번출구","31","37.634552","126.83321"
"379","명당골복권방","경기 수원시 권선구 동수원로242번길 15 104호","31","37.251095","127.03546"
"379","세이브마트","경기 의정부시 금오로 100","31","37.756287","127.07626"
"379","제이민온천복권","충남 아산시 번영로217번길 25 웨이스탑 편의점","34","36.78642","127.01458"
"379","수레크레이션이벤트기획","충남 천안시 서북구 성정중4길 3 증축 1층동 4호","34","36.827724","127.1335"
"380","패밀리마트전포점","부산 부산진구 전포동  337-3","21","35.164185","129.03937"
"380","이플러스","경기 수원시 영통구 매탄동 153-14","31","37.274273","127.04432"
"380","백만장자","경기 용인시 기흥구 흥덕2로105번길 6 흥덕U프라자 흥덕유프라자111호","31","37.27728","127.07333"
"380","율암25시편의점","경기 화성시 시청로 822-10","31","37.166355","126.88175"
"381","새로나슈퍼","서울 강서구 강서로5나길 10","11","37.52875","126.84772"
"381","현대복권방","서울 양천구 목2동  514-5","11","37.546604","126.87449"
"381","쿨마트영남네오빌점","대구 달서구 대명천로 250 영남네오빌비스타상가201동101호","22","35.842274","128.5331"
"381","금주의명당","대구 수성구 청호로 365","22","35.849728","128.6381"
"381","로또복권판매소","인천 계양구 계양산로 186 102호","23","37.54739","126.73643"
"381","로또명당","인천 미추홀구 인주대로 423 101호","23","37.45115","126.68826"
"381","로또복권","인천 남구 용현동  459-16","23","37.45719","126.65"
"381","인천역버스매표소","인천 중구 북성동1가  3","23","37.47601","126.617065"
"381","GS25(대전노은)","대전 유성구 지족동  901-1월드코아빌딩","25","36.314342","127.321075"
"381","행운복권방","경기 성남시 중원구 금상로 118","31","37.442444","127.16793"
"381","1등로또복권방","경기 의정부시 용현동  266-10","31","37.734592","127.08003"
"381","승리복권방","경기 파주시 청송로 1029","31","37.95495","126.919014"
"381","로또복권","경기 화성시 사강로 172","31","37.21268","126.73488"
"381","예술로또","강원 영월군 중앙로 44","32","37.18335","128.46846"
"381","대박마트복권방","충남 아산시 음봉로 844 행복한순복음교회 태화상가1층103호","34","36.826508","127.09927"
"381","또또복권방","전북 익산시 고봉로32길 3","35","35.95982","126.971695"
"381","운수대통","경남 거제시 능포동  727-2동헌상가가-111","38","34.873497","128.73126"
"381","대박복권방","경남 김해시 활천로36번길 28-6 복권판매점","38","35.23212","128.89607"
"381","로또판매업","경남 양산시 북정로 31 CU편의점 내","38","35.35902","129.04372"
"382","로또명당","대구 남구 명덕로 322","22","35.854874","128.60512"
"382","행운","경기 군포시 금정동  744-31층","31","37.36196","126.94099"
"382","서울문구팬시","경기 안산시 상록구 부곡로 21 301호","31","37.324387","126.85939"
"382","복권세상도영점","강원 원주시 예술관길 3 1층","32","37.334282","127.94393"
"382","썬24","전북 전주시 덕진구 우아3길 18","35","35.84879","127.15499"
"382","구산복권방","경남 김해시 구산동  481-3보보스빌딩108호","38","35.25086","128.87222"
"383","천하명가","서울 노원구 상계7동  724-1길빌딩101호","11","37.65437","127.06239"
"383","피쉬복권방","충북 청주시 흥덕구 1순환로513번길 4 휴대폰매장","33","36.646503","127.46523"
"383","NG24","경북 칠곡군 북중리3길 59","37","36.079823","128.41183"
"384","동원슈퍼","광주 남구 대남대로 277-1,(월산동)","24","35.137066","126.89665"
"384","명당복권방","경기 남양주시 창현로 7","31","37.65021","127.306244"
"384","구세약방","경기 수원시 장안구 연무동 8-2","31","37.29965","127.02998"
"385","현대서점","서울 동작구 등용로 127 대방동현대아파트 103동 2호","11","37.513","126.931"
"385","GS25(잠실)","서울 송파구 방이동  38-3번지","11","37.515293","127.11032"
"385","GS25(종로낙원)","서울 종로구 낙원동  230","11","37.57223","126.98859"
"385","부일카서비스","부산 동구 자성로133번길 35","21","35.140015","129.06306"
"385","GS25(중촌현대)","대전 중구 중촌동  17-2","25","36.337418","127.4125"
"385","대박행진복권랜드","경기 파주시 금빛로 22 금촌프라자107호","31","37.751614","126.76691"
"385","천하명당복권방","전남 목포시 상동  883번지 동아아파트상가 가동 1층 101호","36","34.817417","126.3987"
"386","왕대박복권방","서울 강서구 화곡동  342-45","11","37.530987","126.84897"
"386","로또노원역점","서울 노원구 상계동  593-21층","11","37.656998","127.0625"
"386","스파","서울 노원구 동일로 1493 상계주공아파트(10단지) 주공10단지종합상가111","11","37.66166","127.05787"
"386","오늘을잡아라","서울 도봉구 창동  74-5신원빌딩1층","11","37.652683","127.04636"
"386","갑부복권","서울 용산구 한남동  631-5","11","37.53211","127.005646"
"386","월드컵복권방","경기 광주시 경안로 20","24","37.409946","127.2584"
"386","천복당","경기 오산시 대원로 52,(원동)","31","37.14621","127.07414"
"386","싱싱마트","경기 이천시 부발읍 신하1리 481-1","31","37.25942","127.47733"
"386","신라슈퍼","경남 김해시 진영로 215 복권판매점","38","35.30279","128.73648"
"386","경일통신","경남 창원시 마산회원구 북성로 340","38","35.23382","128.56064"
"387","갈렙분식한식","서울 중랑구 용마산로115길 92","11","37.59823","127.09528"
"387","알리바이","광주 광산구 수등로 253 1층 알리바이","24","35.185387","126.83668"
"387","온천로또복권","충남 예산군 덕산면  사동리 15덕산온천관광호텔매점","34","36.689205","126.65954"
"387","행운복권방","제주 제주시 한림중앙로 12","39","33.41369","126.26447"
"388","노다지복권방","대전 중구 충무로 124,(대사동)","25","36.318714","127.43058"
"388","행운복권방","울산 중구 서동  53-1 1층 우리들편의점내","26","35.58103","129.34705"
"388","훼미리마트(동해발한점)","강원 동해시 발한동  39-14","32","37.54819","129.10857"
"388","복권명당","강원 태백시 황지로 32","32","37.161564","128.99089"
"389","가판점(신문)","서울 영등포구 양평로 48","11","37.534508","126.90126"
"389","마두역상행선가판대","경기 고양시 일산동구 중앙로 1181 교보생명 일산사옥 마두역상행선가판대","31","37.65222","126.77706"
"389","플러스24시로또","경기 양주시 호국로 511","31","37.716553","126.97139"
"389","명동복권","강원 춘천시 중앙로 57 신한은행 신한은행춘천중앙지점옆 가판","32","37.879852","127.727394"
"389","대흥당","전북 정읍시 관통로 102","35","35.558918","126.85565"
"390","행복공간","서울 강동구 풍성로 115","11","37.532127","127.12511"
"391","안전열쇠","인천 계양구 경명대로 1124 명인프라자102호","23","37.54285","126.731895"
"392","스파","서울 노원구 동일로 1493 상계주공아파트(10단지) 주공10단지종합상가111","11","37.66166","127.05787"
"392","묵동식품","서울 중랑구 동일로 919","11","37.612457","127.07704"
"392","흥부네대박","경기 광주시 광여로 713 좌측1벌","24","37.376217","127.40448"
"392","쌍용복권방","경기 평택시 서동대로 2044","31","37.006855","126.96957"
"392","황금로또","강원 원주시 현충로318번길 35 1층","32","37.381992","127.950325"
"392","팡팡복권방","충북 진천군 상산로 71","33","36.854687","127.44187"
"393","신명","서울 강서구 방화동로3길 1","11","37.562435","126.80841"
"393","복권","서울 관악구 낙성대역길 91 우선빌딩 1층","11","37.474445","126.96383"
"393","도깨비방(로또)","서울 은평구 수색동  102-20","11","37.581886","126.89631"
"393","코리아마트(앞산점)","대구 남구 대명서로 76 미니스톱 대명서로점","22","35.831856","128.55983"
"393","세진전자통신","대구 서구 서대구로 156","22","35.8719","128.5552"
"393","아성슈퍼","경기 부천시 부흥로 202","31","37.495853","126.764984"
"393","까치복권방","경기 시흥시 중심상가로 326 1층102","31","37.336678","126.74821"
"393","노다지복권방","충남 천안시 동남구 원성천1길 151 2호","34","36.808594","127.1619"
"394","스파","서울 노원구 동일로 1493 상계주공아파트(10단지) 주공10단지종합상가111","11","37.66166","127.05787"
"395","교동로또","울산 중구 우정3길 12","26","35.55905","129.31126"
"395","Q복권방","경기 부천시 옥산로 152","31","37.50721","126.78046"
"395","로또명당","경기 시흥시 신현로 21-1 101호","31","37.40707","126.78708"
"395","GS25(원곡로)","경기 안산시 단원구 원본로3길 14","31","37.33106","126.79439"
"395","명진슈퍼","경기 의왕시 효행로 15","31","37.34923","126.974396"
"395","행운복권방","경기 의정부시 충의로 55","31","37.73674","127.08712"
"395","훼미리마트고현점","경남 거제시 거제중앙로 1841","38","34.88279","128.62573"
"396","영광정보통신","서울 성북구 화랑로 92 1층 우측1호","11","37.602676","127.0425"
"396","훼미리마트(여주ＩＣ점)","경기 여주군 여주읍  점봉리    437-11층234호","31","37.263885","127.63978"
"397","GS25(관악봉천)","서울 관악구 봉천동  876-1","11","37.480713","126.95025"
"397","잘찍어로또방","경기 평택시 안현로서5길 62","31","36.988426","126.92788"
"397","해피데이복권방","경남 의령군 의령읍 충익로 39","38","35.319485","128.26187"
"398","더존할인마트","광주 광산구 운남동  782-5더존1빌딩1층","24","35.177372","126.81517"
"398","씨네월드매곡점","광주 북구 매곡동  214-56","24","35.191303","126.89327"
"398","훼미리마트 대전원내동","대전 유성구 원내로 35","25","36.300095","127.31983"
"398","LO삼성","강원 원주시 치악로 2335 1층","32","37.38372","127.97537"
"399","영훈슈퍼마켓","서울 도봉구 덕릉로 222,(창동)","11","37.63781","127.03763"
"399","만복당","서울 성동구 행당로 1 신한은행 앞","11","37.554836","127.020294"
"399","로또복권판매업","서울 송파구 삼전동  181-6해광빌딩108","11","37.498604","127.098946"
"399","부일카서비스","부산 동구 자성로133번길 35","21","35.140015","129.06306"
"399","고향슈퍼","대구 달서구 이곡동  1000-147","22","35.83864","128.55267"
"399","동수원매표소","경기 수원시 팔달구 인계동 953주택은행옆","31","37.27622","127.02981"
"399","일등로또방","전북 전주시 완산구 장승배기로 203","35","35.796608","127.13483"
"399","재운로또복권","경북 포항시 북구 아치로 46 8호 1층","37","36.05116","129.35692"
"400","복권천하","서울 강북구 월계로7나길 23,(미아동)","11","37.61254","127.0325"
"400","복권나라","서울 광진구 군자로 146 동진빌딩 1층","11","37.554394","127.07559"
"400","나우리","부산 연제구 연산동  731-7 1층일부","21","35.178192","129.08255"
"400","로또복권하대점","경남 진주시 도동로 188","38","35.18703","128.12248"
"401","행복슈퍼","서울 성북구 동소문로 49","11","37.591003","127.01112"
"401","훼미리마트(장위미래점)","서울 성북구 장위동  158-43","11","37.597256","127.03547"
"401","훼미리마트(당산한강점)","서울 영등포구 당산동4가  29","11","37.52795","126.90272"
"401","G마트","서울 영등포구 디지털로 387","11","37.491634","126.902115"
"401","GS25(종로낙원)","서울 종로구 낙원동  230","11","37.57223","126.98859"
"401","복권전문점","인천 부평구 원적로 437","23","37.50383","126.7151"
"401","1등복권방","울산 울주군 동문길 84","26","35.564198","129.1246"
"401","로또복권방","충남 공주시 신관동  22-19","34","36.47379","127.1464"
"401","행운의집제1호점","경북 안동시 영가로 24","37","36.56516","128.7333"
"402","대박복권방","경기 성남시 중원구 금상로57번길 5","31","37.440575","127.162125"
"402","천하명당복권방","경기 수원시 팔달구 매산로 2","31","37.26661","127.00185"
"402","옥산행운로또복권방","충북 청원군 옥산면 오산리 196-7","33","36.66392","127.374756"
"402","강남25시편의점","경남 거제시 옥포동  550-17","38","34.889126","128.69196"
"403","경방필백화점라이츠21호","서울 은평구 갈현동  396-11","11","37.61931","126.92036"
"403","훼미리마트(달동초이스점)","울산 남구 달동  1309-1","26","35.535606","129.33926"
"403","훼미리마트(원주명륜점)","강원 원주시 명륜동  751","32","37.33302","127.941826"
"403","양산노다지복권방","경남 양산시 북안남2길 52 복권판매점","38","35.348255","129.03783"
"403","로또공항점","제주 제주시 용담2동  2002여객청사1층","39","33.507763","126.49319"
"404","복권나라","서울 송파구 잠실동  40-1 롯데월드쇼핑몰 지하1층 1-73","11","37.480087","127.11966"
"404","바이더웨이 구리으뜸점","경기 구리시 체육관로 173","31","37.600056","127.1358"
"404","가판대","경기 성남시 수정구 산성대로 569 성창빌딩","31","37.461254","127.16676"
"405","미스터로또","서울 강남구 강남대로94길 75 정일빌딩1층2호","11","37.500763","127.03337"
"405","우리들공업탑점","울산 남구 수암로 21","26","35.532272","129.3106"
"405","모닝마트(학성점)","울산 중구 학성로 189","26","35.557095","129.33168"
"406","복권명당","서울 관악구 장군봉1길 43 1층","11","37.481728","126.94244"
"406","명지복권방","서울 송파구 거마로 55 101호","11","37.497837","127.14623"
"406","로또복권방","경기 파주시 중앙로 263","31","37.759598","126.777374"
"406","복권방","경기 평택시 합정동  735-15","31","36.991005","127.0931"
"406","407억당첨가판점","강원 춘천시 중앙로 65 국민은행앞 가판","32","37.87923","127.726616"
"407","로또","서울 강서구 가양동  1480-8102호","11","37.563026","126.85222"
"407","한삼인 홍제역점","서울 서대문구 통일로 457","11","37.58922","126.943214"
"407","로또판매점(바이더웨이)","부산 금정구 구서동  415-2","21","35.246536","129.09087"
"407","대명편의점","대구 서구 평리동  640-18","22","35.873764","128.54703"
"407","㈜현대택배권선영업소","경기 수원시 권선구 곡반정로 95-1 104호","31","37.23694","127.03014"
"407","대박행진복권랜드","경기 파주시 금빛로 22 금촌프라자107호","31","37.751614","126.76691"
"407","세방매점","경북 경주시 산업로 4447 (용강동)","37","35.877205","129.22649"
"408","부자랑복권방","서울 중랑구 사가정로 359,(면목동)","11","37.581257","127.0845"
"408","우정식품","부산 동래구 온천장로 39","21","35.21585","129.07948"
"408","알리바이","광주 광산구 수등로 253 1층 알리바이","24","35.185387","126.83668"
"408","복권나라","광주 북구 서하로  117 101호 (매곡동)","24","35.187523","126.89344"
"408","천하명당복권방","경기 수원시 팔달구 매산로 2","31","37.26661","127.00185"
"409","훼밀리복권","부산 금정구 중앙대로1719번길 37 우측 복권판매점","21","35.237713","129.09015"
"409","복권방","부산 사하구 장림번영로 25","21","35.081005","128.96823"
"409","로또25시","울산 남구 수암로 288-1","26","35.52126","129.33582"
"409","㈜현대택배권선영업소","경기 수원시 권선구 곡반정로 95-1 104호","31","37.23694","127.03014"
"410","근대화슈퍼","부산 부산진구 개금동  53-2개금주공상가101","21","35.15921","129.02698"
"410","대림통상","울산 중구 신기14길 1 일신아파트 일신아파트상가102호","26","35.55233","129.29778"
"410","영통매표소","경기 수원시 영통구 청명북로 61 청명마을주공아파트 청명역3번출구 매표소","31","37.257996","127.079384"
"410","영통매표소","경기 수원시 영통구 청명북로 61 청명마을주공아파트 청명역3번출구 매표소","31","37.257996","127.079384"
"410","노다지복권방","경기 시흥시 복지로 103-1 1층상가","31","37.44823","126.79206"
"410","다니엘사","경기 안산시 단원구 원선1로 38 두산위브아파트 101호","31","37.326073","126.80417"
"410","한국타이어서산대리점","충남 서산시 예천동  502-5","34","36.774513","126.44311"
"410","토니모리 광양점","전남 광양시 공영로 90","36","34.935658","127.699066"
"410","NG24","경북 칠곡군 북중리3길 59","37","36.079823","128.41183"
"411","지원물산","서울 노원구 공릉로 108,(공릉동)","11","37.61983","127.078094"
"411","행복자슈퍼","서울 서초구 강남대로30길 63","11","37.48276","127.04056"
"411","황금복권방","서울 중구 만리동2가  214 1층","11","37.552944","126.9639"
"411","제일식품","서울 중랑구 상봉동  108","11","37.594753","127.085655"
"411","복권방","부산 사하구 감천동  541-5","21","35.08887","129.00533"
"411","금산인삼엑스포","대전 대덕구 비래동  125-6","25","36.354298","127.44996"
"411","로또휴게실","경기 용인시 기흥구 용구대로 1885","31","37.256386","127.10432"
"411","광성슈퍼","경기 이천시 단월로 33","31","37.221367","127.44998"
"411","온천로또복권","충남 예산군 덕산면  사동리 15덕산온천관광호텔매점","34","36.689205","126.65954"
"411","로또복권황성점","경북 경주시 금성로259번길 38 1층 CU 노서점 내","37","35.841015","129.20303"
"411","연합복권","경남 김해시 함박로101번길 22 삼우빌딩104호 복권판매점","38","35.234215","128.86583"
"411","채널큐","경남 창원시 마산합포구 산호남로 11-1","38","35.21755","128.58145"
"412","돈벼락맞는곳","부산 서구 구덕로 194","21","35.10192","129.02007"
"412","포시즌마트","대구 동구 안심로 448 이마트24","22","35.87093","128.73286"
"412","행운복권방","인천 계양구 주부토로 530 103호","23","37.541374","126.728516"
"412","씨스페이스(대흥상아)","대전 중구 대흥동  95-6","25","36.325478","127.431145"
"412","하이로또복권방","경기 안양시 동안구 흥안대로 450,(평촌동)","31","37.39401","126.97562"
"412","훼미리마트(여주ＩＣ점)","경기 여주군 여주읍  점봉리    437-11층234호","31","37.263885","127.63978"
"412","소라복권방","경남 창원시 성산구 가음정동 391-10소라아파트상가 104호","38","35.20745","128.68742"
"413","-","서울 서초구 신반포로 194 강남고속버스터미널 코너1호점 (하차장로또)","11","37.50551","127.007034"
"413","가로가판대제57호(구)","서울 중구 세종대로14길 6-2","11","37.562904","126.97705"
"413","GS25(산본거성)","경기 군포시 산본동  1139-3거성빌딩105 106","31","37.35914","126.93094"
"413","또또복권방","전북 익산시 고봉로32길 3","35","35.95982","126.971695"
"414","욱일슈퍼","인천 부평구 경인로 1144","23","37.484604","126.746704"
"415","복권방","부산 부산진구 부암동  133-39훼미리마트(부암점)","21","35.152344","129.03827"
"415","일등복권편의점","대구 달서구 대명천로 220 1층","22","35.84214","128.53621"
"415","복권명당(서부점)","대구 달서구 월배로 452","22","35.833633","128.55486"
"415","경기상회","인천 남동구 장승남로 42 은빛프라자 104호","23","37.443142","126.73679"
"415","용꿈돼지꿈복권전문점","강원 동해시 중앙로 234 이주민상가1층15호","32","37.52171","129.115"
"415","알리바이(나주점)","전남 나주시 나주로 142 알리바이","36","35.031338","126.71719"
"415","양지서점","경북 김천시 평화길 152","37","36.1227","128.11456"
"415","훼미리마트(마산금강점)","경남 창원시 마산합포구 중앙동3가 2-52금강펠릭스타워102","38","35.180428","128.5571"
"416","형제상회","서울 동대문구 무학로 92","11","37.57249","127.03075"
"416","월드24시","서울 은평구 통일로 855-15","11","37.61925","126.919785"
"416","로또","서울 중구 신당동  133-14","11","37.56378","127.0194"
"416","복권천국","대구 중구 달구벌대로 2214","22","35.862396","128.60524"
"416","복권나라","인천 서구 거북로 80","23","37.503014","126.670654"
"416","차부상회","경기 김포시 통진읍 조강로 50","31","37.690342","126.60031"
"416","로또복권판매","경기 안산시 상록구 사동 1570-7호박빌딩1층","31","37.30082","126.83875"
"416","공단휴게실","충북 청주시 흥덕구 복대동 100-15번지","33","36.637928","127.442406"
"416","롯데마트","전북 군산시 하나운로 43","35","35.963455","126.69942"
"416","명당편의점","경남 진주시 서장대로 273 1층","38","35.192097","128.06311"
"417","로또복권","서울 도봉구 도봉로113길 15","11","37.64802","127.033134"
"417","천하제일복권명당유성점","대전 유성구 유성대로654번길 111","25","36.350956","127.33514"
"417","왕대박복권","전북 전주시 덕진구 가련산로 17","35","35.841637","127.11063"
"417","벼락부자","전남 목포시 섶나루길 122 상가 1,2,3호","36","34.81054","126.41894"
"418","대박","서울 강남구 일원로3길 55","11","37.49274","127.08436"
"418","로또나라","부산 북구 팽나무로 1","21","35.20504","129.00464"
"418","UBC복권방","울산 남구 봉월로 12","26","35.533627","129.30725"
"418","다모아로또","경기 안산시 상록구 예술광장1로 54 오성빌딩","31","37.328846","126.84788"
"418","버스표가판점","경기 안양시 동안구 동안로 125-2 범계역4-1출구앞 버스표가판점","31","37.389736","126.95106"
"418","장미슈퍼","충남 부여군 부여읍 계백로 265 부여군청 로터리 부근","34","36.27629","126.90941"
"418","로또복권방","충남 천안시 서북구 쌍용대로 190 상가3호","34","36.8143","127.13485"
"418","사랑슈퍼","전북 익산시 인북로 241-4","35","35.95013","126.957535"
"419","갈렙분식한식","서울 중랑구 용마산로115길 92","11","37.59823","127.09528"
"419","천국열쇠","광주 북구 북문대로 157","24","35.182514","126.87206"
"419","D-마트담배","강원 속초시 조양상가길 25 롯데마트속초점, 1층 복권판매점","32","38.190304","128.57982"
"420","까치(소식5)","서울 도봉구 도봉로 733","11","37.669926","127.043236"
"420","25시슈퍼","부산 사상구 백양대로 964","21","35.191975","128.99263"
"420","포시즌마전점","인천 서구 완정로10번길 6-6 검단2지구37블록1롯트","23","37.59451","126.67347"
"420","천하명당","경기 시흥시 신천3길 26-1 1층1호","31","37.438892","126.783295"
"420","일등복권방","경기 의정부시 회룡로 138 대명빌딩 1층","31","37.72573","127.04921"
"420","서정천하명당","경기 평택시 송탄로 160","31","37.058094","127.05932"
"420","잉크와복권방","충남 천안시 동남구 차돌로 84","34","36.802128","127.139435"
"420","로또낚시","경남 하동군 섬진강대로 968 지리산빅마트 내","38","34.997063","127.80977"
"421","금강식품","서울 강서구 강서로 207 영신빌딩","11","37.544373","126.837364"
"421","천하명당복권방","서울 광진구 능동로 413","11","37.565952","127.08408"
"421","세진전자통신","대구 서구 서대구로 156","22","35.8719","128.5552"
"421","복권세상","인천 계양구 작전시장로 11","23","37.532715","126.72392"
"421","주엽간판점","경기 고양시 일산서구 중앙로 1437 화성프라자 도로","31","37.670036","126.76048"
"422","새시대복권방","서울 금천구 탑골로 6-1","11","37.450966","126.91035"
"422","-","서울 서초구 방배동  782-1","11","37.493843","126.98309"
"422","세원로또복권방","부산 수영구 수영로725번길 53 수영 엔스타Ⅱ 101호","21","35.16832","129.11609"
"422","코만도","대전 대덕구 석봉로43번길 1","25","36.447594","127.4265"
"422","우리들덕신점","울산 울주군 덕신로 273","26","35.434177","129.3114"
"422","나라통신","경기 오산시 오산로 200 OK노래연습장","31","37.14465","127.068695"
"423","스파","서울 노원구 동일로 1493 상계주공아파트(10단지) 주공10단지종합상가111","11","37.66166","127.05787"
"423","로또휴게실","경기 용인시 기흥구 용구대로 1885","31","37.256386","127.10432"
"423","대박","충북 청주시 상당구 용담동 398","33","36.63106","127.50617"
"424","지원물산","서울 노원구 공릉로 108,(공릉동)","11","37.61983","127.078094"
"424","굿모닝","서울 마포구 대흥동  3-34","11","37.549202","126.931435"
"424","정다운복권 조이마트","인천 부평구 충선로 171 1층","23","37.504536","126.736275"
"424","라이프마트","인천 중구 연안부두로53번길 36 5호","23","37.45236","126.60402"
"424","노다지복권방","광주 북구 각화동  503-27","24","35.1815","126.92913"
"424","명동열쇠","강원 춘천시 중앙로 57 신한은행 신한은행춘천중앙지점옆 가판","32","37.879852","127.727394"
"424","로또명당인주점","충남 아산시 서해로 519-2","34","36.87784","126.89828"
"424","남평로또점","전남 나주시 남평1로 12 파평회관 1층","36","35.046345","126.8391"
"424","하당복권방","전남 목포시 옥암로 46","36","34.803894","126.429474"
"424","훼미리마트(환호희망점)","경북 포항시 북구 환호동 510","37","36.069942","129.39777"
"425","제일식품","서울 서대문구 증가로 143,(남가좌동)","11","37.57747","126.92169"
"425","노다지로또","서울 중랑구 겸재로 217,(면목동)","11","37.58949","127.09177"
"425","세원로또복권방","부산 수영구 수영로725번길 53 수영 엔스타Ⅱ 101호","21","35.16832","129.11609"
"425","GS25(중촌현대)","대전 중구 중촌동  17-2","25","36.337418","127.4125"
"425","각골할인마트","경기 안산시 상록구 각골로 37","31","37.292725","126.87227"
"425","복권왕국","충북 제천시 풍양로 108 중앙시장상가 지하145","33","37.136654","128.2113"
"425","일레븐마트무선점","전남 여수시 성산로 19","36","34.77387","127.63973"
"425","왕대박복권방","경북 문경시 중앙로 15,(모전동)","37","36.588123","128.19293"
"426","로또3공단","대구 북구 노원동3가  1038-3","22","35.894455","128.57187"
"426","모닝할인마트(달동본점)","울산 남구 두왕로78번길 5-2 태양체인물류센터 태양체인물류센타옆","26","35.534927","129.34682"
"426","코코블루","경기 성남시 분당구 서현로210번길 20 코코프라자지하2호","31","37.38594","127.12409"
"426","로또복권방","경기 파주시 새꽃로 120-2  1층","31","37.7607","126.76875"
"427","동양마트","서울 노원구 상계로5길 12 상계동동양메이져아파트제상가동108호,109호","11","37.657627","127.06395"
"428","다모아복권방","서울 구로구 서해안로30길 13-7 1층","11","37.4933","126.844315"
"428","로또판매점","서울 노원구 상계로 309-1 cu","11","37.67087","127.07999"
"428","천하명당복권방","서울 송파구 백제고분로41길 7 1층","11","37.506783","127.10817"
"428","중앙토탈대리점","부산 금정구 금강로565번길 16 복권판매점","21","35.25818","129.08672"
"428","혜인상사","부산 사하구 괴정동  955-22포시즌편의점내","21","35.098225","128.99417"
"428","인생역전","대구 달서구 비슬로 2694","22","35.808098","128.51039"
"428","아이러브복권방","울산 중구 유곡로 19-1","26","35.55638","129.30725"
"428","25시슈퍼","경기 시흥시 함송로14번길 13-17 홍익프라자1층107호","31","37.362453","126.72994"
"428","로터리편의마트","경북 포항시 북구 서동로 85 육거리","37","36.040768","129.36725"
"429","가판점","서울 구로구 경인로3길 지하 64","11","37.49136","126.8214"
"429","에이스마트","서울 서초구 서초동  1638-11","11","37.494537","127.01953"
"429","대박복권방","서울 양천구 오목로 233 1층1호","11","37.52613","126.863304"
"429","종로3가1호선역2번출구가로판매점82호","서울 종로구 돈화문로 23 가판","11","37.5707","126.991875"
"429","셀프카메라","부산 부산진구 가야대로443번길 30","21","35.154446","129.02167"
"429","우미슈퍼","광주 서구 풍암순환로 183 우미아파트상가118동-101호","24","35.12672","126.88115"
"429","샘복권방","울산 울주군 천상중앙길 69","26","35.56302","129.22873"
"429","평택포승점로또","경기 평택시 여술로 24 CU편의점 내","31","36.988068","126.84539"
"429","로또복권2공단점","충남 천안시 서북구 차암동 12-3","34","36.854877","127.120186"
"430","씨스페이스(상인점)","대구 달서구 상인동  1552-4","22","35.812927","128.54626"
"430","OK25","경기 고양시 일산동구 호수로 358-26 203동1층 101호","31","37.63942","126.78701"
"430","천복당","경기 오산시 대원로 52,(원동)","31","37.14621","127.07414"
"430","백합문구","충남 천안시 서북구 직산읍 모시리237-11번지 공단할인마트내","34","36.86288","127.12465"
"430","혜성프라자","전북 익산시 함열중앙로 10","35","36.07893","126.9585"
"430","훼미리마트(포항오거리)","경북 포항시 북구 죽도동 42-17","37","36.033848","129.36467"
"430","로또복권","제주 제주시 과원북2길 48","39","33.478714","126.487656"
"430","신세계","제주 제주시 고마로14길 7","39","33.506073","126.54025"
"431","훼미리마트(대림중앙점)","서울 영등포구 대림로 209 1층","11","37.499256","126.897675"
"431","노다지복권방","부산 북구 덕천로 287","21","35.20986","129.03535"
"431","만구수산유통","부산 서구 남부민동  685현대타운1층86호","21","35.092636","129.02446"
"431","복권명당","대구 동구 경안로 751","22","35.869484","128.71349"
"431","보경복권","울산 북구 명촌6길 7","26","35.558064","129.36029"
"431","운수대통","경기 군포시 군포로745번길 24","31","37.37093","126.94142"
"431","명당슈퍼","경기 수원시 영통구 중부대로 285 김환규산부인과","31","37.273994","127.047226"
"431","GS25(천안신부)","충남 천안시 동남구 신부동 765번지","34","36.81943","127.15998"
"431","천하명당복권방.텔레콤","경남 거제시 옥포성안로 60","38","34.891693","128.69492"
"431","천하명당복권방","경남 창원시 의창구 명서동 50-15","38","35.25029","128.64616"
"432","럭키마켓","서울 강동구 명일로 159 1층","11","37.533146","127.14422"
"432","복권명당(서부점)","대구 달서구 월배로 452","22","35.833633","128.55486"
"432","L-마트","경기 부천시 삼작로 22 부천테크노파크100-103","31","37.518986","126.76236"
"432","부자되세요복권방","경기 평택시 진위서로 3","31","37.109608","127.06377"
"432","해피복권","경남 창원시 마산합포구 가포로 98  1층 CU편의점 내","38","35.175564","128.5623"
"433","담배","서울 강북구 삼양로 252","11","37.62585","127.01845"
"433","복권가판대","서울 은평구 수색동  360","11","37.58249","126.895294"
"433","행복찾기복권방","서울 중랑구 면목동  102-18","11","37.588642","127.08809"
"433","버블비어","광주 광산구 목련로273번길 88 운남주공아파트 상가108호","24","35.17795","126.82506"
"433","빛고을로또","광주 광산구 소촌로 147 세븐일레븐","24","35.15734","126.79186"
"433","김포로또","경기 김포시 돌문로 48 한솔프라자101","31","37.619404","126.71802"
"433","그린마트","경기 성남시 분당구 대왕판교로 255 107호","31","37.366467","127.10083"
"433","행운복권방","경기 수원시 권선구 오목천동 431-1로뎀프라자 105호","31","37.24032","126.9658"
"433","장미하이퍼마켓","경기 의왕시 장승길 2","31","37.32097","126.95502"
"433","복권방","경기 평택시 평택항로 1-6 1층 개그스토리편의점","31","36.961807","126.85373"
"433","우리로또복권방","전남 여수시 무선중앙로 71","36","34.7728","127.65182"
"434","우진슈퍼","서울 영등포구 당산로 95 116호(당산동2가, 현대상가)","11","37.523495","126.89486"
"434","묵동식품","서울 중랑구 동일로 919","11","37.612457","127.07704"
"434","노다지복권방","부산 금정구 금사로 75","21","35.21961","129.11098"
"434","부일카서비스","부산 동구 자성로133번길 35","21","35.140015","129.06306"
"434","왕대박로또방","부산 해운대구 좌동  998-7 1층","21","35.160866","129.15546"
"434","행운마트","대구 달서구 달구벌대로 1600,(감삼동)","22","35.851524","128.54173"
"434","오리엔트복권","대전 대덕구 중리남로 18","25","36.36129","127.42938"
"434","로또(파발마점)","경기 시흥시 마유로 415 역전프라자105호","31","37.351974","126.740585"
"435","복드림복권방","서울 강동구 상암로 99","11","37.547485","127.13399"
"435","나라시스컴","서울 영등포구 영등포동5가  18-58영신상가1호","11","37.519783","126.9067"
"435","로또복권","대구 북구 연암로22길 1 1층 복권판매점","22","35.94375","128.56425"
"435","복권천국","대전 대덕구 중리동  165-17","25","36.361015","127.426735"
"435","드림로또","대전 중구 대둔산로 365-2","25","36.30205","127.385864"
"435","희망을주는사람","경기 용인시 처인구 양지로 111 1층 상가","31","37.23453","127.28051"
"435","복권마을","강원 강릉시 주문진읍  교항리 118","32","37.885292","128.8254"
"435","서울로또방","충북 옥천군 삼금로 8","33","36.29949","127.56668"
"435","로또온양온천점","충남 아산시 읍내동  212","34","36.808167","126.98127"
"435","봉명주유소 복권전문점","경북 문경시 마성면  남호리 152-2","37","36.709103","128.12195"
"436","GS25(양평역점)","서울 영등포구 양평동3가  23-4 월드프라자103호","11","37.526154","126.886086"
"436","제이복권방","서울 종로구 종로 225-1 평창빌딩 1층 103호","11","37.571293","127.00283"
"436","로데오복권방","경기 고양시 일산동구 무궁화로 40 우림보보카운티108","31","37.662975","126.76896"
"436","유방매표소","경기 용인시 처인구 유방동 310-10","31","37.258778","127.212906"
"436","행운방","경기 용인시 기흥구 보정동 1804-4엔림프라자101호","31","37.320713","127.115105"
"436","천하명당복권방","경기 화성시 남양시장로 83","31","37.209915","126.81828"
"436","로또판매","경북 경산시 경안로 145","37","35.820534","128.73775"
"436","영남통상","경북 성주군 성주읍 성주로 3228,(경산리)","37","35.91804","128.28683"
"437","또와식품","서울 강서구 양천로 694","11","37.55008","126.872826"
"437","청솔마트","서울 동대문구 용두동  727-4","11","37.582","127.028946"
"437","드림마트","인천 미추홀구 인하로 211","23","37.44875","126.671455"
"437","행운마트","인천 부평구 배곶남로9번길 4","23","37.47179","126.69535"
"437","파란만장복권방","경기 화성시 진안동  878-4번지 101호","31","37.21241","127.038826"
"437","로또판매","전남 영광군 영광읍  남천리 324-10","36","35.27573","126.503525"
"438","GS25(가양2)","서울 강서구 가양동  14612단지상가1층106호","11","37.570484","126.84715"
"438","J-마트","서울 서초구 반포동  19-3센트럴시티1층125","11","37.50413","127.00307"
"438","GS25(종로낙원)","서울 종로구 낙원동  230","11","37.57223","126.98859"
"438","아이러브복권방","울산 중구 유곡로 19-1","26","35.55638","129.30725"
"438","아름다운슈퍼","경기 시흥시 도일로 123","31","37.341576","126.78373"
"438","인덕원가판점","경기 안양시 동안구 관악대로 478","31","37.402664","126.97511"
"438","복권명당","경기 용인시 처인구 용문로 142 1층","31","37.23621","127.20159"
"438","행운복권방","경기 화성시 우정읍  조암리 290-12 13","31","37.1536","126.88282"
"438","GM24(신평점)","경북 구미시 신평동  96-6 1층","37","36.12269","128.36403"
"439","압구정로또","서울 강남구 삼성동  112위드미","11","37.47358","127.10301"
"439","한경종합광고","서울 송파구 백제고분로 198 정민빌딩","11","37.50393","127.08855"
"439","부일카서비스","부산 동구 자성로133번길 35","21","35.140015","129.06306"
"439","로또25시","부산 사하구 하단2동  525-3","21","35.10653","128.96504"
"439","우리들초이스점","울산 남구 삼산동  215-12 1층","26","35.541096","129.35075"
"439","상우상사","경남 통영시 중앙동  54-21","38","34.877377","128.42078"
"440","5분미니식품","서울 강남구 논현동  213-2","11","37.513554","127.03235"
"440","1등복권방","서울 관악구 남부순환로 1545","11","37.483486","126.92216"
"440","동서울산업","서울 광진구 강변역로 50 동서울터미널빌딩 동서울터미널 정문앞 로또가판점","11","37.53391","127.09356"
"440","동서울산업","서울 광진구 강변역로 50 동서울터미널빌딩 동서울터미널 정문앞 로또가판점","11","37.53391","127.09356"
"440","마두5번출구가판로또","경기 고양시 일산동구 중앙로 1200","31","37.65387","126.77711"
"440","상남로또방","경남 밀양시 상남면 상남로 1147","38","35.458393","128.75133"
"441","복권왕국","인천 동구 화평동  449-2","23","37.477715","126.63101"
"441","오천억복권방","광주 서구 상무대로 1087","24","35.15296","126.880745"
"441","행운복권","경기 군포시 곡란로 24 매화아파트상가 108호","31","37.374775","126.93609"
"441","로또복권대박","경북 상주시 상산로 338","37","36.42098","128.15923"
"442","GS25(광복)","부산 중구 동광동2가  7-2","21","35.099934","129.03513"
"442","도깨비복권방","인천 계양구 봉오대로 677","23","37.53094","126.724"
"442","GS25(하이비젼)","인천 남동구 구월동  1141-7하이비젼빌딩101","23","37.45207","126.70678"
"442","복권마을","인천 부평구 마장로 424","23","37.515896","126.70455"
"442","미래복권닷컴","경기 성남시 분당구 장안로25번길 28 건영아파트상가114호","31","37.37122","127.13987"
"442","동아슈퍼마켓","경기 안산시 단원구 원곡동 748-6","31","37.331112","126.79315"
"442","인덕원가판점","경기 안양시 동안구 관악대로 478","31","37.402664","126.97511"
"442","반딧불로또","전북 무주군 무주읍  읍내리 249-4","35","36.007782","127.663"
"442","삼례로또복권","전북 완주군 삼례읍 동학로 32","35","35.91063","127.074875"
"443","엘도라도복권점문점","서울 광진구 용마산로 47","11","37.55781","127.08759"
"443","스파","서울 노원구 동일로 1493 상계주공아파트(10단지) 주공10단지종합상가111","11","37.66166","127.05787"
"443","명당복권","서울 동대문구 왕산로 112-1 가판","11","37.577915","127.035774"
"443","행운가판점","서울 용산구 한강대로 80","11","37.527348","126.9665"
"443","1등복권방","울산 울주군 언양읍  남부리 126-1언양편의점","26","35.56412","129.12718"
"443","보광훼미리마트수내트라펠리스","경기 성남시 분당구 황새울로 234 102호 (수내동, 분당트라팰리스)","31","37.37911","127.11408"
"443","로또복권장항점","충남 서천군 장항읍  창선리   632-2","34","36.0262","126.6999"
"443","부흥청과식품점","경북 경산시 하양읍 하양로 35 우방3차상가","37","35.90926","128.81354"
"443","다음정보텔레콤(훼미리마트내)","경남 진주시 평거로9번길  18 1층 2호","38","35.173115","128.06183"
"444","행운복권","경기 군포시 곡란로 24 매화아파트상가 108호","31","37.374775","126.93609"
"444","버스가판대","경기 성남시 중원구 성남대로 1144","31","37.431805","127.12956"
"444","복돼지복권방","전북 익산시 선화로1길 4 배산시티프라자 배산시티프라자 1층 107호","35","35.950245","126.93804"
"445","또와식품","서울 강서구 양천로 694","11","37.55008","126.872826"
"445","훼미리마트(대림중앙점)","서울 영등포구 대림로 209 1층","11","37.499256","126.897675"
"445","은경슈퍼","부산 사하구 다대동  920-7","21","35.057266","128.97052"
"445","천하명당복권","대구 북구 칠곡중앙대로 545,(읍내동)","22","35.94432","128.55064"
"445","GS25(대전대림)","대전 유성구 궁동  405-11","25","36.36217","127.35296"
"445","왕대박","경기 평택시 안정로29번길 32 1층 우측","31","36.96071","127.0464"
"445","행운복권","충북 제천시 명륜로 67 1층","33","37.142334","128.20863"
"446","훼미리마트(망우점)","서울 중랑구 망우동  470-10","11","37.598965","127.0976"
"446","하나열쇠","부산 남구 용호로 179","21","35.116257","129.11122"
"446","토큰박스(서문5지구)","대구 중구 큰장로26길 5","22","35.868572","128.57845"
"447","꽃돼지복권","대전 동구 계족로 194-1","25","36.330833","127.44178"
"447","훼밀리슈퍼","경기 구리시 건원대로34번길 19 세신훼밀리타운102","31","37.604492","127.14132"
"447","외동복권","경남 김해시 동남로49번길 83 GS25 김해대동점","38","35.236355","128.98598"
"447","목화휴게소","경남 사천시 사천대로 912","38","35.0018","128.05415"
"448","GS25(대전원내)","대전 유성구 원내동  343-11","25","36.29803","127.319984"
"448","노다지복권방","경기 오산시 오산로 298-1","31","37.1541","127.068794"
"448","목화휴게소","경남 사천시 사천대로 912","38","35.0018","128.05415"
"449","영훈슈퍼마켓","서울 도봉구 덕릉로 222,(창동)","11","37.63781","127.03763"
"449","복권방","경기 하남시 신장로 122,(신장동)","31","37.53804","127.20478"
"449","하당복권방","전남 목포시 옥암로 46","36","34.803894","126.429474"
"450","마이마트","인천 서구 탁옥로 76 한국상가제1층101호","23","37.54315","126.67822"
"450","SoundWave","경기 광명시 오리로 956","31","37.47889","126.85691"
"450","천하명당","경기 안산시 상록구 충장로 590","31","37.330555","126.851295"
"450","아름다운방","경기 의정부시 금오동  473-1플래티넘프라자1층107","31","37.752235","127.06957"
"450","대소원로또","충북 충주시 대소원면 중원대로 4373 휴게소내 컨테이너","33","36.973255","127.82359"
"450","무진장로또","제주 제주시 일도2동  1047-4","39","33.511913","126.53149"
"451","잠실연쇄점","서울 송파구 삼전로 99 대성빌딩 이마트 24편의점","11","37.507267","127.090126"
"451","잠실연쇄점","서울 송파구 삼전로 99 대성빌딩 이마트 24편의점","11","37.507267","127.090126"
"451","도깨비방(로또)","서울 은평구 수색동  102-20","11","37.581886","126.89631"
"451","운수대통복권방","부산 부산진구 전포대로200번길 13","21","35.154648","129.0664"
"451","천하명당복권방","인천 계양구 안남로 466 1층","23","37.5245","126.71087"
"451","복권방","인천 연수구 비류대로433번길 10 103호","23","37.424713","126.68303"
"451","행복복권방","울산 남구 옥동  156-4","26","35.533875","129.29605"
"451","로또(파발마점)","경기 시흥시 마유로 415 역전프라자105호","31","37.351974","126.740585"
"451","로또슈퍼","경기 안산시 상록구 광덕1로 326 102호","31","37.30664","126.84608"
"451","행복한집","경기 오산시 경기대로148번길 8,(원동)","31","37.13778","127.074196"
"451","복권나라","강원 속초시 중앙로 28","32","38.198734","128.58014"
"451","롯데마트","전북 군산시 하나운로 43","35","35.963455","126.69942"
"451","복권명당도량2호점","경북 구미시 문장로8길 1","37","36.138027","128.33247"
"452","공공일안경원","서울 강동구 명일동  334-2","11","37.549377","127.143936"
"452","아이티텔랜드","서울 노원구 상계동  7491층","11","37.6513","127.06175"
"452","GS25(양평역점)","서울 영등포구 양평동3가  23-4 월드프라자103호","11","37.526154","126.886086"
"452","로또명당","인천 미추홀구 문학길 4 편의점내","23","37.43852","126.681046"
"452","안산삼성홈플러스로또복권판매점","경기 안산시 단원구 광덕대로 175 홈플러스 내 1층","31","37.311886","126.828896"
"452","요술상자","경기 평택시 평택3로 109 동일건물내 이전","31","36.99841","127.093834"
"452","요술상자","경기 평택시 평택3로 109 동일건물내 이전","31","36.99841","127.093834"
"452","에이스로또","전남 여수시 여서로 154 참마트내","36","34.74815","127.69863"
"452","환타지아복권방","제주 제주시 번영로 532","39","33.488842","126.5976"
"453","훼미리마트(자양태성점)","서울 광진구 자양동  553-489101 102호 792","11","37.533417","127.070404"
"453","경성식품","서울 동대문구 망우로21길 52","11","37.590435","127.06028"
"453","우리들중구청점","울산 중구 복산동  191-6","26","35.55328","129.33217"
"453","가판점","경기 군포시 군포로 541-2 인도 앞 가판대","31","37.354385","126.9463"
"453","복권전문점","경기 수원시 팔달구 매산로 17","31","37.2676","127.00333"
"454","다모아복권","서울 구로구 경인로19길 4","11","37.495926","126.84278"
"454","로또","서울 금천구 독산동  888-141층","11","37.476624","126.905624"
"454","훼미리마트노원영성점","대구 북구 노원동3가  58-46","22","35.900185","128.57185"
"454","복권방","경기 하남시 하남대로 795 1층6호","31","37.540417","127.20887"
"454","대흥당","전북 정읍시 관통로 102","35","35.558918","126.85565"
"454","구산복권방","경남 김해시 구산동  481-3보보스빌딩108호","38","35.25086","128.87222"
"454","다음정보텔레콤(훼미리마트내)","경남 진주시 평거로9번길  18 1층 2호","38","35.173115","128.06183"
"455","천하명당복권방동소문점","서울 성북구 도봉로3길 9 1층","11","37.59673","127.014626"
"455","갈현토큰","서울 은평구 통일로 905","11","37.623806","126.91956"
"455","중구-가로가판대-37","서울 중구 남대문로 20-2,(남대문로3가)","11","37.56083","126.97805"
"455","로또복권","부산 사하구 다대동  308-2일영빌딩A-201호","21","35.061207","128.97603"
"455","복권명당(노원점)","대구 북구 노원동1가  30-1","22","35.890068","128.58122"
"455","토큰박스(서문5지구)","대구 중구 큰장로26길 5","22","35.868572","128.57845"
"455","복권전문점","인천 부평구 원적로 437","23","37.50383","126.7151"
"456","후레쉬마트","서울 강동구 천호대로 1476","11","37.545948","127.1722"
"456","복권천국","서울 성동구 무학봉16길 22-2 1층","11","37.559914","127.032906"
"456","교통카드판매소","서울 송파구 송파대로 366 일신여상앞가판","11","37.500687","127.1117"
"456","GS25(청룡)","부산 금정구 청룡동  633-21","21","35.275642","129.0865"
"456","월드마트","충북 청주시 흥덕구 장구봉로129번길 2","33","36.62477","127.44766"
"456","썬마트(충주연안점)","충북 충주시 연원로 27-3","33","36.988842","127.931145"
"456","삼삼마트","경남 진주시 진주대로 1165-1","38","35.19521","128.07565"
"457","슈퍼전자","서울 강북구 솔샘로 254 삼양빌딩1층14호","11","37.6193","127.02072"
"457","명진슈퍼","서울 송파구 새말로 142","11","37.483517","127.12962"
"457","버스판매소","서울 영등포구 영중로 2 1층(영등포동3가)","11","37.516743","126.906746"
"457","인천주안점로또판매","인천 남구 주안동  1450","23","37.44876","126.674484"
"457","행운 마트","인천 남동구 만수로 65","23","37.461594","126.73509"
"457","장군슈퍼","경기 부천시 소사로 837","31","37.530933","126.80509"
"457","로또방","경기 성남시 분당구 야탑로139번길 6-14  B02호","31","37.40982","127.13512"
"457","행운복권","경기 성남시 중원구 시민로 121 (성남동)","31","37.43903","127.14478"
"457","작은신부","충남 서산시 대산읍  대산리 133-31","34","36.936096","126.43599"
"457","복권일번지","경북 상주시 중앙로 250-1","37","36.4158","128.16591"
"458","위드미로또판매점","서울 강남구 봉은사로74길 13 101호","11","37.51167","127.05188"
"458","압구정로또","서울 강남구 삼성동  112위드미","11","37.47358","127.10301"
"458","GS25(방이삼형)","서울 송파구 방이동  149-13","11","37.51427","127.115234"
"458","가로매점","서울 종로구 종로 186 우리은행 우리은행앞 가판","11","37.570404","126.99847"
"458","훼미리마트대전반석역점","대전 유성구 반석로 10 반석역프라자","25","36.39211","127.313446"
"458","버스표판매소","경기 고양시 덕양구 화정로 지하 60 화정역 2번출구","31","37.634552","126.83321"
"458","굿데이복권방","전남 목포시 백년대로337번길 20 CU편의점","36","34.80719","126.423195"
"458","행운로또","전남 여수시 상암로 627-1  상암초 부근","36","34.825855","127.7328"
"459","현대슈퍼","서울 강남구 개포로 508 107호 소망빌딩","11","37.48923","127.067955"
"459","GS25(서초금호)","서울 서초구 서초동  1689-1","11","37.495155","127.017624"
"459","럭키슈퍼","서울 용산구 후암로 52","11","37.550594","126.97736"
"459","현대슈퍼","광주 서구 상무대로 871","24","35.150524","126.857315"
"459","산본전기","경기 군포시 번영로 514 현대프라자 현대프라자105호","31","37.358086","126.93424"
"459","로또랜드","경기 시흥시 정왕동  1189-11","31","37.346035","126.74929"
"459","세경로또방","경기 안양시 동안구 달안로 112 한가람세경아파트 1층 복권방","31","37.39631","126.95475"
"460","대원슈퍼마켓","부산 수영구 수영로 524","21","35.152473","129.112"
"460","대박복권방","인천 서구 대평로 3","23","37.547123","126.67662"
"460","로또복권방","경기 가평군 가평읍  읍내리    448-3","31","37.831","127.512695"
"460","행운복권방","충남 예산군 예산로 241","34","36.680298","126.85137"
"461","미니스톱 합정역점","서울 마포구 합정동  373-17호","11","37.548485","126.91362"
"461","대박복권방","서울 성북구 동소문로 86-21","11","37.591442","127.01522"
"461","다산종합관리","대구 동구 동촌로 336","22","35.877804","128.67618"
"461","천하명당복권방","경기 수원시 팔달구 매산로 2","31","37.26661","127.00185"
"461","논산복권방","충남 논산시 계백로 1016","34","36.204014","127.0897"
"461","우리별텔레콤(SK백석점)","충남 천안시 서북구 백석로 116 상가101호","34","36.823074","127.124306"
"462","그랑프리안경","서울 강서구 강서로45길 13 선화빌딩","11","37.547802","126.83536"
"462","신암편의점","부산 금정구 중앙대로 2002 복권판매점","21","35.262875","129.0923"
"462","베스트올원당1호점","인천 서구 원당동  원당지구71블럭골든벨프라자102","23","37.594105","126.69508"
"462","행운마트","광주 북구 임방울대로 1059 1층 101호","24","35.212055","126.87316"
"462","로또복권방","경기 고양시 일산동구 장항동 749코오롱레이크폴리스2A-101","31","37.663017","126.76361"
"462","GS25(분당매화)","경기 성남시 분당구 야탑동 275-4성원프라자103 104","31","37.41165","127.13803"
"462","해피데이","강원 춘천시 행촌로 11 한진아파트 한성아파트상가102호","32","37.858654","127.72233"
"462","로또복권두정점","충남 천안시 서북구 두정로 251 대원빌딩104호","34","36.833515","127.14499"
"463","","","","",""
"464","로또판매점","서울 마포구 방울내로 78","11","37.560432","126.90408"
"464","잠실매점","서울 송파구 올림픽로 269 잠실역 8번출구 앞 가판","11","37.514446","127.10071"
"464","기장슈퍼","부산 기장군 차성동로 69","21","35.243927","129.2165"
"464","복권명당","대구 동구 안심로73길 23 1층  세븐일레븐","22","35.870842","128.7246"
"464","대박이네","울산 중구 구교로 163","26","35.55929","129.34009"
"464","로또복권방","울산 중구 성남동  172-14","26","35.55438","129.31776"
"464","럭키로또방","경기 수원시 영통구 센트럴타운로 15 아이플렉스104호","31","37.288116","127.0574"
"464","복권마을","경기 안양시 동안구 흥안대로133번길 4 제1동 제1층 제104호","31","37.371513","126.95739"
"464","삼성24시편의점","강원 원주시 원일로 162 1층","32","37.35293","127.94662"
"464","삼성24시편의점","강원 원주시 원일로 162 1층","32","37.35293","127.94662"
"464","해수로또","충북 청주시 상당구 산성로 22-1","33","36.62615","127.49938"
"464","행운복권방","충남 예산군 예산로 241","34","36.680298","126.85137"
"464","복권나라","전남 여수시 중앙로 62 1층","36","34.73992","127.73436"
"465","형제상회","서울 동대문구 무학로 92","11","37.57249","127.03075"
"465","대박찬스","광주 북구 서하로 196,(오치동)","24","35.18705","126.901886"
"465","그린하이퍼","경기 시흥시 월곶동  1006-3유호플러스빌123호","31","37.3885","126.74019"
"465","복권전문점","경기 시흥시 정왕동  1625-6105훼미리마트내","31","37.337143","126.74829"
"465","포유25다농점","경기 오산시 오산동  924-1거성그린프라자114","31","37.149662","127.0754"
"465","행운로또복권","경기 오산시 오산동  876-2","31","37.14875","127.068886"
"465","세븐","제주 제주시 동광로 142","39","33.508163","126.54173"
"466","우리은행금호동지점앞가판","서울 성동구 장터길 46","11","37.54814","127.02097"
"466","하이로또복권방","서울 양천구 신정동  1182-2","11","37.51867","126.85318"
"466","복권나라","인천 중구 제물량로 84-3","23","37.467392","126.63372"
"466","조은복권방","울산 남구 수암로 124","26","35.527668","129.32079"
"466","GS25(하안연서)","경기 광명시 안현로 52","31","37.465557","126.877495"
"466","로또명당가두판매점","경기 안양시 동안구 경수대로 848-2 동안구가로판매대2005-00065","31","37.393017","126.94313"
"466","현텔레콤","전북 전주시 덕진구 아중로 142","35","35.825504","127.16533"
"466","보물섬","전남 목포시 산정로 268-3 근화상가 110호","36","34.81154","126.38701"
"466","복권세상","전남 목포시 청호로 139 1층 복권세상","36","34.8039","126.37585"
"467","한마음","서울 관악구 관악로 211 봉천중앙시장라열4호","11","37.48357","126.95407"
"467","돈벼락맞는곳","부산 동구 조방로49번길 18-1","21","35.139168","129.05995"
"467","-","부산 사하구 장림1동  1080","21","35.078293","128.9535"
"467","GS25(동구신서)","대구 동구 신서동  530-4","22","35.866596","128.7251"
"467","주경슈퍼","인천 부평구 경인로 1063","23","37.486958","126.73819"
"467","복권명당","대전 중구 목중로 47","25","36.33757","127.40925"
"467","로또25시","울산 남구 수암로 288-1","26","35.52126","129.33582"
"467","안면로또점","충남 태안군 안면읍  승언리    1147","34","36.518147","126.34509"
"467","복권판매점","경북 경산시 하양로 65","37","35.911167","128.81583"
"468","티켓나라노원점","서울 노원구 상계동  335정암빌딩1층104호","11","37.656094","127.06342"
"468","제일복권","부산 서구 충무대로 35-1 1층 복권방","21","35.078842","129.01659"
"468","토큰박스","대구 서구 달서로 42","22","35.86598","128.57144"
"468","로또명당상동점","경기 부천시 송내대로265번길 17 효성프라자108호","31","37.506847","126.75795"
"468","로또24시편의점","경기 안산시 단원구 달미로 85 1층101호","31","37.343452","126.81495"
"468","노다지복권방","경기 용인시 처인구 금령로 130","31","37.23509","127.2105"
"468","로또입장점","충남 천안시 서북구 입장면 하장리   45-22","34","36.91466","127.2221"
"468","훼미리마트(두호점)","경북 포항시 북구 두호동 1034-13","37","36.060314","129.37875"
"468","훼미리마트(진해제일점)","경남 창원시 진해구 덕산로46번길 2 동부회센타 1층 102~105호","38","35.145824","128.70442"
"469","천하명당","서울 관악구 난우길 18 1층","11","37.47456","126.91871"
"469","GS25구로상지","서울 구로구 부일로15길 29","11","37.494125","126.832985"
"469","국민은행앞가판점","서울 중구 남대문로 84","11","37.564636","126.98267"
"469","복권전문점","경북 구미시 선산읍  완전리   11-3","37","36.242","128.3013"
"470","천하제일복권명당","대전 중구 태평동  377-4번지","25","36.326427","127.394844"
"470","가자복권천국","전남 목포시 신흥로45번길 2","36","34.803482","126.42581"
"470","대학사로또복권","경남 창원시 성산구 상남동 10-5피아노빌딩101호(패밀리마트內)","38","35.221687","128.68623"
"471","청수마트","서울 서초구 강남대로10길 36","11","37.46892","127.04136"
"471","세븐일레븐 수완점","광주 광산구 장신로 68  101호","24","35.190487","126.81769"
"471","Lotto복권","강원 춘천시 퇴계동  667 7B3L(패밀리마트내)","32","37.866093","127.72451"
"471","포커스봉명점","충북 청주시 흥덕구 직지대로 570-1","33","36.643013","127.45623"
"471","세종로또복권방","충남 연기군 금남면  용포리   88-17","34","36.463173","127.28049"
"471","종합복권방","전남 해남군 해남로 34 종합복권방편의점","36","34.570763","126.61092"
"471","GS25시오광장점","경북 포항시 북구 새천년대로 1063 1층 102호(창포동)","37","36.063854","129.37103"
"472","바이더웨이편의점","부산 중구 남포동5가  11-4","21","35.09833","129.02933"
"472","가인안경","대구 동구 아양로50길 82","22","35.883785","128.64139"
"472","따봉복권방","인천 부평구 주부토로 109","23","37.50489","126.72531"
"472","E편한마트","광주 북구 중흥동  224-87","24","35.17026","126.9146"
"472","두배로마트덕이점","경기 고양시 덕양구 원흥1로 56","31","37.6511","126.87055"
"472","예인기획","경기 화성시 3.1만세로 1127","31","37.13382","126.90975"
"472","올인로또복권","전북 전주시 완산구 효자동2가 203-5 코끼리마트 상가 내","35","35.804657","127.10798"
"473","노다지","서울 성북구 하월곡동  80-23","11","37.61049","127.03513"
"473","조은생각","부산 사상구 운산로 74-1","21","35.16723","128.9845"
"473","화정역 4번출구","경기 고양시 덕양구 화정로 53 새롬프라자1층 112호","31","37.63517","126.83188"
"473","로또복권황성점","경북 경주시 금성로259번길 38 1층 CU 노서점 내","37","35.841015","129.20303"
"474","인더라인북가좌점","서울 서대문구 응암로 42 1층101호","11","37.57712","126.90929"
"474","농심가슈퍼마트","서울 양천구 목동중앙본로 54 1층","11","37.540688","126.869026"
"474","바이더웨이녹번중앙점","서울 은평구 갈현로 88 은평성심의원 1층 우측 두번째 점포","11","37.60575","126.91073"
"474","바이더웨이녹번중앙점","서울 은평구 갈현로 88 은평성심의원 1층 우측 두번째 점포","11","37.60575","126.91073"
"474","바이더웨이녹번중앙점","서울 은평구 갈현로 88 은평성심의원 1층 우측 두번째 점포","11","37.60575","126.91073"
"474","바이더웨이녹번중앙점","서울 은평구 갈현로 88 은평성심의원 1층 우측 두번째 점포","11","37.60575","126.91073"
"474","바이더웨이녹번중앙점","서울 은평구 갈현로 88 은평성심의원 1층 우측 두번째 점포","11","37.60575","126.91073"
"474","로또복권(세종식품)","서울 중구 충무로2가  62-8","11","37.561314","126.987495"
"474","정발산복권전문점","경기 고양시 일산동구 정발산동 1204일성종합상가104호","31","37.673046","126.77767"
"474","대박로또복권","경기 김포시 통진읍 김포대로 2449","31","37.696945","126.577286"
"474","정우","경기 용인시 처인구 백옥대로 574 C동상가","31","37.18781","127.20619"
"474","황금로또","강원 원주시 현충로318번길 35 1층","32","37.381992","127.950325"
"474","럭키뱅크복권방","충북 청주시 서원구 청남로 2092-1","33","36.61884","127.48729"
"474","로또복권방","충남 당진시 당진중앙1로 21","34","36.892937","126.62633"
"474","새롬","경남 창원시 마산합포구 수산1길 181 새롬미리내아파트 새롬미리내상가113호","38","35.202972","128.57985"
"475","신정복권","서울 양천구 신목로 70-1 신통빌딩 1층","11","37.521122","126.87375"
"475","대영당안경원","부산 동래구 충렬대로237번길 9,(수안동)","21","35.201954","129.08519"
"475","로또복권방","부산 사하구 낙동대로535번길 70","21","35.111435","128.96083"
"475","일등복권편의점","대구 달서구 대명천로 220 1층","22","35.84214","128.53621"
"475","주공24시편의방","대전 동구 옥천로180번길 19 판암주공아파트2차상가","25","36.316658","127.46117"
"475","365복권잔치","경기 군포시 고산로 166 SK벤티움 sk 벤티움 101동 217호","31","37.34855","126.953674"
"475","행복미니슈퍼","경기 부천시 부일로 409","31","37.487118","126.77558"
"475","농산물직판장","전북 군산시 백토로 128,(나운동, 현대3차아파트)","35","35.96753","126.70487"
"476","왕대박복권방","대구 북구 태전로 27-1","22","35.92287","128.5446"
"476","터미널식품","경기 의정부시 동일로 640,(금오동)","31","37.745457","127.05505"
"476","역전광장상회","경기 파주시 금촌1동  329-19","31","37.765278","126.77464"
"476","25시슈퍼","경남 창원시 마산회원구 봉양로 75-5","38","35.221214","128.59532"
"477","로또담배","서울 관악구 난곡로 82","11","37.462704","126.9192"
"477","사이버정보통신","부산 부산진구 동평로 411 백조상가동103-1호","21","35.17425","129.07022"
"477","이타임(e-time)읍내점","대구 북구 칠곡중앙대로 181","22","35.912186","128.54807"
"477","샘내로또판매","경기 양주시 산북동  337-2","31","37.805496","127.045364"
"477","복권백화점","경기 파주시 평화로 70","31","37.763588","126.76989"
"477","천하명당복권방","경기 화성시 남양시장로 83","31","37.209915","126.81828"
"477","행운복권방","강원 인제군 북면 금강로 23 1층","32","38.122444","128.2068"
"477","봉암마트","경남 창원시 마산합포구 합포로 126-1 1층","38","35.209354","128.58305"
"478","아트라인","서울 동대문구 장안2동  295-5화성빌딩104호","11","37.57266","127.070404"
"478","GS25(당산역)","서울 영등포구 당산동6가  338-1","11","37.535233","126.900024"
"478","버스판매소","서울 영등포구 영중로 2 1층(영등포동3가)","11","37.516743","126.906746"
"478","G마트","서울 영등포구 디지털로 387","11","37.491634","126.902115"
"478","중구-가로가판대-37","서울 중구 남대문로 20-2,(남대문로3가)","11","37.56083","126.97805"
"478","GS-25","부산 남구 용호로 34 일신프리빌리지 상가동 103호","21","35.127583","129.10747"
"478","드림로또","대구 북구 침산로 153 명성푸르지오 상가 103동 B2호","22","35.889423","128.59015"
"478","세화매일유통","울산 남구 야음동  815-11","26","35.52446","129.33109"
"478","바로전산","경기 광명시 오리로 1000 (광명동)","31","37.480213","126.85236"
"478","돼지네슈퍼","경기 부천시 소사구 소사본동 233-30","31","37.4707","126.795616"
"478","119복권방","경기 안양시 만안구 안양2동 823-15","31","37.40586","126.911835"
"478","행운복권방 보생당건강원","전북 익산시 무왕로 1268","35","35.960304","126.99727"
"478","복권천국","전남 목포시 비파로 29 복권천국","36","34.801384","126.42771"
"478","NJOY로또텔레콤","경북 포항시 남구 상공로 42","37","36.012226","129.35663"
"479","노다지","서울 성북구 하월곡동  80-23","11","37.61049","127.03513"
"479","복권방","인천 남동구 백범로 123 cu편의점","23","37.454597","126.73312"
"479","복권명당","경기 광명시 광명동  51-1","31","37.47683","126.86896"
"479","로또명당가두판매점","경기 안양시 동안구 경수대로 848-2 동안구가로판매대2005-00065","31","37.393017","126.94313"
"479","대박마트복권방","충남 아산시 음봉로 844 행복한순복음교회 태화상가1층103호","34","36.826508","127.09927"
"479","고속로또","전남 목포시 영산로 95-2 약국 내","36","34.791157","126.385666"
"480","GS25(성북장위)","서울 성북구 장위동  66-9청아빌딩1층","11","37.611862","127.05452"
"480","포시즌마전점","인천 서구 완정로10번길 6-6 검단2지구37블록1롯트","23","37.59451","126.67347"
"480","올인(allin)","경기 화성시 3.1만세로 1147","31","37.135284","126.910614"
"480","돈벼락맞는곳","경남 김해시 한림면  병동리    980-7","38","35.293262","128.78296"
"481","행복복권방","부산 사상구 주례동  183-5훼미리마트내","21","35.12831","128.97476"
"481","서재복권방","대구 달성군 다사읍 대실역남로 8 102호","22","35.85713","128.46512"
"481","복권명당","대구 서구 국채보상로 419","22","35.871937","128.57697"
"482","덕성식품","서울 동작구 신대방동  348-3","11","37.498413","126.92831"
"482","행운대박복권","서울 영등포구 영신로19길 8-1","11","37.514385","126.90675"
"482","코코주","서울 중구 장충단로 261-1 밀리오래 앞 가판","11","37.56797","127.00887"
"482","대박마트","인천 남동구 호구포로 219 세중프라자1층101-2호","23","37.40259","126.70955"
"482","복권마트","광주 북구 북문대로 89 벽산메가시티상가 101동 116호","24","35.176758","126.87724"
"482","복권방","경기 양주시 광적면  가납리    742-11","31","37.823868","126.98498"
"482","모현복권방및매표매점","경기 용인시 처인구 백옥대로 2383","31","37.336582","127.24914"
"483","복권방","부산 사하구 장림번영로 25","21","35.081005","128.96823"
"483","서재강변로또","대구 달성군 다사읍 서재로 172,(서재리)","22","35.878708","128.49748"
"483","대박복권방","경기 연천군 전곡읍 온골로 57-1,(전곡리)","31","38.02602","127.06766"
"483","행운로또복권방","전남 광양시 대림오성로 146-1","36","34.964733","127.57778"
"483","삼삼마트","경남 진주시 진주대로 1165-1","38","35.19521","128.07565"
"484","할인마트부흥점","서울 중랑구 면목2동  142-43","11","37.59008","127.08202"
"484","굿-7","부산 수영구 광안로 49","21","35.1553","129.1177"
"484","인생역전복권방","인천 부평구 청천2동  10-17상가1층","23","37.518665","126.7047"
"484","제일슈퍼","인천 연수구 앵고개로 242 제일상가112호","23","37.408646","126.670815"
"484","버스가두판매점","경기 수원시 영통구 영통동 955-1","31","37.2629","127.079605"
"484","로또복권","경기 평택시 조개터로 17 1층 1호","31","36.98888","127.10167"
"485","한마음","서울 관악구 관악로 211 봉천중앙시장라열4호","11","37.48357","126.95407"
"485","오복복권방","서울 용산구 이태원동  225-60","11","37.539364","126.989716"
"485","영화유통(1등복권방)","울산 남구 신정로 19 삼성아파트 상가 204-101","26","35.533833","129.32205"
"485","금도깨비복권전문점","경기 김포시 하성면 월하로 721","31","37.709766","126.634705"
"485","태안로또복권방","충남 태안군 독샘로 57","34","36.75318","126.29935"
"485","올인로또복권","전북 전주시 완산구 효자동2가 203-5 코끼리마트 상가 내","35","35.804657","127.10798"
"485","금강로또","전남 목포시 용당로 151 금강서점","36","34.800865","126.40066"
"485","훼미리마트(옥산사랑점)","경북 경산시 옥산동  742-7","37","35.826077","128.7274"
"485","복권방","경남 창원시 마산합포구 3·15대로 391-1","38","35.209633","128.57443"
"486","태원정보통신","서울 중랑구 봉우재로33길 80,(상봉동)","11","37.595444","127.08968"
"486","슈퍼복권나라","부산 사하구 하신번영로 370","21","35.114147","128.96078"
"486","다사복권방","대구 달성군 옥포면  간경리    848번지","22","35.790443","128.4709"
"486","대박찬스","경기 남양주시 진접읍 장현로 111 1층1호","31","37.719795","127.18393"
"486","컬투패밀리중동점","경기 성남시 중원구 중동 2009-1번지","31","37.442898","127.15573"
"486","대박복권방","경기 안산시 단원구 신길중앙로1길 40 101호","31","37.336105","126.76227"
"486","노다지복권방","경기 오산시 오산로 298-1","31","37.1541","127.068794"
"486","둔전행운복권방","경기 용인시 처인구 포곡로 110","31","37.26922","127.21764"
"486","SK뷰 할인마트","경기 의정부시 가능동  656-1외1필지단지내상가101호","31","37.728767","127.03901"
"486","복권나라","강원 삼척시 도계읍  도계리    393-1","32","37.234924","129.04465"
"486","엔조이로또","경북 포항시 남구 문덕로 3 1층  폰공장  내","37","35.962307","129.4033"
"486","늘봄꽃난식물원","경남 진주시 솔밭로 80","38","35.176178","128.10738"
"486","행운로또복권방","경남 창원시 마산합포구 합포로 41-1 옥원묵화학원 1층","38","35.204197","128.57634"
"487","씨스페이스(범물청구점)","대구 수성구 범물동  1277-11","22","35.82074","128.6424"
"487","역전식품","인천 남구 도화동  80-83","23","37.467224","126.65607"
"487","영화유통(1등복권방)","울산 남구 신정로 19 삼성아파트 상가 204-101","26","35.533833","129.32205"
"487","씨엔복권방","울산 북구 연암동  374-1번지 1층CN마트","26","35.585","129.36613"
"487","초월대박복권방","경기 광주시 경충대로 1252","24","37.386677","127.28821"
"487","공원슈퍼","경기 수원시 장안구 팔달로 257-1 1층(영화동)","31","37.288837","127.01324"
"487","행운복권방","경기 수원시 권선구 구운로 46-1 103호","31","37.27796","126.97342"
"487","복권나라","강원 원주시 평원로 23 1층","32","37.348927","127.952644"
"488","대박가판장","서울 강동구 양재대로 1627 가판점","11","37.55092","127.143715"
"488","영광정보통신","서울 성북구 화랑로 92 1층 우측1호","11","37.602676","127.0425"
"488","부자나라","인천 계양구 효서로112번길 3-1","23","37.527447","126.70827"
"488","복권명당","대전 서구 만년남로3번길 164,(만년동)","25","36.366486","127.37305"
"488","로토피아","경기 광명시 오리로 371 상가1층102호","31","37.435596","126.87925"
"488","당첨로또복권","경기 안양시 동안구 포도원로 4","31","37.361946","126.96251"
"488","로또복권방","충남 당진시 당진중앙1로 21","34","36.892937","126.62633"
"488","문덕대박로또","경북 포항시 남구 오천읍 문덕리   문덕리  176-7","37","35.96353","129.40263"
"488","목화휴게소","경남 사천시 사천대로 912","38","35.0018","128.05415"
"488","해피데이복권방","경남 의령군 의령읍 충익로 39","38","35.319485","128.26187"
"489","ANY25","서울 종로구 창경궁로 137 1층","11","37.574615","126.99725"
"489","훼미리마트과정로","부산 수영구 과정로 42,(망미동)","21","35.17517","129.10776"
"489","신일마트","전북 군산시 의료원로 159","35","35.95842","126.69812"
"489","로또명당","전남 해남군 우수영로 1","36","34.596703","126.31274"
"489","로또복권델리25옥동점","경북 안동시 옥동  734테마프라자A-161","37","36.56624","128.69998"
"489","성심상회","경북 포항시 북구 불종로 78","37","36.038174","129.36801"
"490","광림마트","서울 강남구 도곡로 213","11","37.493053","127.04207"
"490","현진식품","서울 구로구 중앙로 32","11","37.500774","126.86386"
"490","코리아마트","대구 달서구 당산로 193","22","35.85376","128.54796"
"490","용꿈돼지꿈","인천 부평구 동암남로 11","23","37.470974","126.70482"
"490","황금복권마트","경기 이천시 증신로325번길 5 1층","31","37.297546","127.438866"
"490","청룡마트","충남 천안시 동남구 풍세로 1010-31 현대아파트상가B-102호","34","36.797386","127.15389"
"490","외동복권","경남 김해시 동남로49번길 83 GS25 김해대동점","38","35.236355","128.98598"
"491","로또복권","울산 울주군 해맞이로 1578","26","35.382607","129.34232"
"491","진성식품","충북 제천시 의병대로 84 1층","33","37.136086","128.20995"
"491","한성슈퍼","전북 익산시 익산대로 52","35","35.93115","126.94382"
"491","웃는사람들해도점","경북 포항시 남구 해동로 62","37","36.025005","129.37314"
"492","태봉","경기 부천시 소사로 182","31","37.474396","126.795715"
"492","로또판매점","경기 안산시 상록구 영화6길 21-1 102호","31","37.280636","126.85183"
"492","바른손(퇴계점)","강원 춘천시 퇴계로 168 주공2단지상가101호","32","37.857914","127.736404"
"492","화천복권방","강원 화천군 화천읍  하리   43-28","32","38.104836","127.70451"
"492","복권천국","전남 무안군 무안읍 무안로 506 복권천국","36","34.98832","126.47916"
"493","가판점(신문)","서울 영등포구 양평로 48","11","37.534508","126.90126"
"493","평안당","서울 종로구 종로 219","11","37.57123","127.00219"
"493","GS25(명륜아남)","서울 종로구 혜화로 9","11","37.586414","127.00013"
"493","로또판매점","인천 부평구 안남로 279","23","37.507828","126.70886"
"493","로또복권방","경기 가평군 가평읍  읍내리    448-3","31","37.831","127.512695"
"493","행운복권방","경기 수원시 권선구 탑동로 2 영보석","31","37.26914","126.975494"
"493","훼미리마트(여주ＩＣ점)","경기 여주군 여주읍  점봉리    437-11층234호","31","37.263885","127.63978"
"493","로또복권","강원 원주시 단구동  1512-1리더스타워106호","32","37.361584","127.93296"
"493","명당복권방","전남 영암군 삼호읍  용앙리  213-6","36","34.745518","126.473175"
"494","스포츠베팅샵","서울 서초구 동산로 48 서희빌딩 104호","11","37.471325","127.04434"
"494","영광정보통신","서울 성북구 화랑로 92 1층 우측1호","11","37.602676","127.0425"
"494","씨스페이스(중앙제일점)","부산 중구 동광동3가  17-2","21","35.10116","129.03479"
"494","e모든복권방","인천 계양구 효성동  25-6","23","37.533962","126.71049"
"494","화봉행운복권방","울산 북구 연암동  417-1 1층코너","26","35.581062","129.36357"
"494","행운방","경기 용인시 기흥구 보정동 1208-4 엔림프라자101호","31","37.320713","127.115105"
"494","보광문구사","경기 파주시 문향로 78-1 1층","31","37.85854","126.786095"
"494","바이더웨이삼척삼원점","강원 삼척시 중앙로 185 용비타워 세븐일레븐삼척삼원점","32","37.440216","129.16751"
"494","행복복권방","경남 창원시 의창구 팔용로 399","38","35.25288","128.6106"
"494","행복복권방","경남 창원시 의창구 팔용로 399","38","35.25288","128.6106"
"494","행복복권방","경남 창원시 의창구 팔용로 399","38","35.25288","128.6106"
"494","로또명당","경남 창원시 마산합포구 문화동13길 17,(창포동3가)","38","35.181427","128.55972"
"495","ANY25","서울 종로구 창경궁로 137 1층","11","37.574615","126.99725"
"495","프로토베팅샵","부산 중구 국제시장2길 5 4호","21","35.099678","129.0284"
"495","로또복권","대구 수성구 범어동  774-84","22","35.853756","128.62367"
"495","형제상회","대전 서구 계룡로 664-1,(용문동)","25","36.336784","127.39472"
"495","인생역전로또방","대전 유성구 송강동  16-2번지 103호","25","36.435883","127.38648"
"495","인생역전로또방","대전 유성구 송강동  16-2번지 103호","25","36.435883","127.38648"
"496","천하명당관악점","서울 관악구 보라매로2길 11","11","37.49009","126.92868"
"496","청솔마트","서울 동대문구 용두동  727-4","11","37.582","127.028946"
"496","제이복권방","서울 종로구 종로 225-1 평창빌딩 1층 103호","11","37.571293","127.00283"
"496","그린로또","강원 양양군 양양로 71","32","38.07482","128.62141"
"497","농심로또","부산 부산진구 부전동  417-7","21","35.15874","129.05455"
"497","일등복권편의점","대구 달서구 대명천로 220 1층","22","35.84214","128.53621"
"497","왕대박복권","대구 달성군 달구벌대로 812","22","35.860928","128.46127"
"497","현대화체인점","경기 수원시 장안구 장안로 99-1 1층","31","37.293015","127.00113"
"497","파란만장복권방","경기 화성시 진안동  878-4번지 101호","31","37.21241","127.038826"
"497","속초복권샵","강원 속초시 수복로 135-1 1층","32","38.20202","128.58363"
"498","복권명당","서울 관악구 장군봉1길 43 1층","11","37.481728","126.94244"
"498","훼미리마트(소피텔점)","서울 중구 묵정동  18-9","11","37.560562","127.00166"
"498","뉴빅마트","부산 기장군 정관중앙로 48 106호","21","35.321114","129.17929"
"498","황금복권마트","경기 이천시 증신로325번길 5 1층","31","37.297546","127.438866"
"499","행운의집","서울 강동구 구천면로 220","11","37.540466","127.1292"
"499","오케이상사","서울 서초구 신반포로 176 센트럴시티내100호매점","11","37.504353","127.00359"
"499","대부복권방","인천 중구 운서동  2794-2가나베스트텔101","23","37.49342","126.49147"
"500","종로3가1호선역2번출구가로판매점82호","서울 종로구 돈화문로 23 가판","11","37.5707","126.991875"
"500","장미유통","인천 계양구 아나지로 394","23","37.525383","126.73586"
"500","훼미리마트송도프라자","인천 연수구 송도동  2-6송도프라자108호","23","37.395847","126.65242"
"500","서울복권방","경기 동두천시 어수로 116","31","37.90173","127.05534"
"500","로또명당옥천점","충북 옥천군 옥천읍  매화리    236-16","33","36.296867","127.59522"
"500","복권명당","충남 공주시 번영1로 41","34","36.471832","127.13313"
"500","황금당","전남 강진군 강진읍 중앙로 95 황금당","36","34.638718","126.76755"
"500","알리바이금당점","전남 순천시 대석길 44","36","34.945633","127.526306"
"500","학동복권나라","전남 여수시 흥국로 6","36","34.763523","127.663475"
"501","GS25(대전테크노점)","대전 유성구 관평동  833","25","36.424973","127.38892"
"501","명동열쇠","강원 춘천시 중앙로 57 신한은행 신한은행춘천중앙지점옆 가판","32","37.879852","127.727394"
"501","로또복권방분평점","충북 청주시 서원구 월평로 78","33","36.611122","127.493454"
"501","만복상회","경남 창원시 마산회원구 합성옛길 152","38","35.238274","128.5839"
"502","복권천국방","서울 마포구 동교로 92 1층","11","37.554207","126.91237"
"502","로또복권","서울 양천구 신월3동  205-44훼미리마트","11","37.529152","126.83232"
"502","몽곡사","서울 영등포구 버드나루로 51 조광빌딩105호","11","37.523067","126.910576"
"502","복권명당","대전 서구 만년남로3번길 164,(만년동)","25","36.366486","127.37305"
"502","로또판매소","강원 철원군 동송읍 이평로 65,(이평리)","32","38.2092","127.216774"
"502","문덕대박로또","경북 포항시 남구 오천읍 문덕리   문덕리  176-7","37","35.96353","129.40263"
"503","노다지복권방]","서울 노원구 상계로 78,(상계동)","11","37.656223","127.06374"
"503","원스탑","서울 송파구 백제고분로7길 39","11","37.510902","127.08321"
"503","안락점로또판매","부산 동래구 안락동  471-6","21","35.198776","129.11255"
"503","노다지복권방","부산 사상구 괘법동  533서부시외버스터미널1층","21","35.16308","128.981"
"503","복권명당","대구 동구 효신로 23","22","35.874146","128.63422"
"503","행운 마트","인천 남동구 만수로 65","23","37.461594","126.73509"
"503","노다지복권방","대전 동구 대전로 437,(가오동)","25","36.30517","127.45271"
"504","군자로또점","서울 광진구 능동로 295","11","37.55615","127.0786"
"504","로또판매점","서울 성북구 하월곡동  70-150","11","37.60493","127.0369"
"504","복드림","서울 영등포구 양평로 117","11","37.537376","126.89446"
"504","대박유통","부산 중구 구덕로 80 1층","21","35.097702","129.02716"
"504","엔타임편의점(대승복권)","부산 해운대구 좌동  1479-3 세종월드프라자 137","21","35.169605","129.17772"
"504","마두역상행선가판대","경기 고양시 일산동구 중앙로 1181 교보생명 일산사옥 마두역상행선가판대","31","37.65222","126.77706"
"504","복권마트","경기 부천시 소사로 253 1층","31","37.48085","126.79526"
"504","NG24시편의점","경북 구미시 수출대로 555","37","36.110912","128.42572"
"504","수성그린마트","경남 창원시 진해구 경화시장로 34 26호 10호","38","35.15674","128.6909"
"505","구청앞로또명당","서울 강북구 수유3동  191-58","11","37.639614","127.0263"
"505","하늘과바다","인천 부평구 부개동  67-9","23","37.49801","126.7352"
"505","버스매표소 복권판매소","인천 중구 우현로 69 중앙로지하상가 163호","23","37.47554","126.631294"
"505","광성슈퍼","경기 이천시 단월로 33","31","37.221367","127.44998"
"505","팡팡복권방","전북 익산시 인북로 99","35","35.93792","126.95264"
"505","로또복권판매","경북 상주시 삼백로 159","37","36.41895","128.16113"
"506","가판점(신문)","서울 영등포구 양평로 48","11","37.534508","126.90126"
"506","매향슈퍼","경기 수원시 팔달구 창룡대로 42-1","31","37.28264","127.02102"
"506","부흥청과식품점","경북 경산시 하양읍 하양로 35 우방3차상가","37","35.90926","128.81354"
"507","행복만들기","서울 관악구 신사로10길 6","11","37.487255","126.914345"
"507","스파","서울 노원구 동일로 1493 상계주공아파트(10단지) 주공10단지종합상가111","11","37.66166","127.05787"
"507","제이복권방","서울 종로구 종로 225-1 평창빌딩 1층 103호","11","37.571293","127.00283"
"507","국세청앞센타","부산 동구 진성로 23 세무서옆가판","21","35.130405","129.04683"
"507","진플러스안경","대전 중구 대종로 301-1","25","36.3128","127.43504"
"507","행운슈퍼 복권사는날","경기 부천시 경인로 148,(송내동)","31","37.48377","126.77174"
"507","SK@24시편의점","경기 파주시 야동동  589-10","31","37.773052","126.75124"
"507","해수로또","충북 청주시 상당구 산성로 22-1","33","36.62615","127.49938"
"507","로또나라","전남 광양시 중마중앙로 126 1층","36","34.941517","127.69835"
"508","묵동식품","서울 중랑구 동일로 919","11","37.612457","127.07704"
"508","승차권판매소(서구청1호점)","대구 서구 국채보상로 257","22","35.871826","128.55919"
"508","복권＠나라","인천 부평구 평천로 102-1 1층","23","37.51749","126.702545"
"508","훼미리마트두암현대점","광주 북구 두암동  880-17","24","35.17198","126.92538"
"508","대박(토토)","광주 북구 군왕로 196","24","35.178318","126.9351"
"508","노다지복권방","경기 용인시 처인구 금령로 130","31","37.23509","127.2105"
"508","-","경기 의정부시 신곡동  519-19","31","37.745544","127.05891"
"508","J마트","경남 진주시 도동천로 131","38","35.18242","128.11334"
"509","삼성게임프라자","서울 서대문구 북아현로 34-3","11","37.560616","126.95637"
"509","리치복권방","부산 수영구 연수로 269 1층 5호,6호(망미동)","21","35.15661","129.12796"
"509","찬스복권방","인천 부평구 육동로 20-1 1층","23","37.48712","126.72512"
"509","목동행운복권방","대전 중구 동서대로 1399,(목동)","25","36.333656","127.41198"
"509","모퉁이슈퍼","경북 안동시 서동문로 102","37","36.56668","128.72293"
"510","신문가판대","서울 성북구 보문동1가  147-48보문시장앞","11","37.584087","127.02031"
"510","데이앤나잇","서울 성북구 종암로 132 종암우림카이저팰리스 1층 101호","11","37.601955","127.03346"
"510","에이스상사","부산 연제구 연수로 224 1층","21","35.18562","129.08444"
"510","원당역복권방","경기 고양시 덕양구 성사동 410-17","31","37.653427","126.843094"
"510","로터리편의마트","경북 포항시 북구 서동로 85 육거리","37","36.040768","129.36725"
"511","제이마트","서울 서초구 반포동  19-3번지센트럴씨티125호","11","37.50413","127.00307"
"511","샛별복권방","서울 중구 동호로10길 12 1층","11","37.55443","127.01192"
"511","대우로또복권방","인천 부평구 청천동  180-4대우프라자113","23","37.513237","126.70561"
"511","셀피아","울산 북구 명촌7길 43 복권판매점","26","35.553764","129.35832"
"511","돌하르방복권","제주 서귀포시 태평로353번길 9","39","33.246986","126.56006"
"511","행운복권방","제주 제주시 우정로11길 12","39","33.48765","126.4322"
"512","복사문구","서울 강동구 양재대로 1549","11","37.54405","127.14205"
"512","삼호복권","서울 도봉구 도봉로 457","11","37.646816","127.03317"
"512","종합가판점","서울 동대문구 왕산로40길 6 건물 앞쪽 가판점 청량리역 5번출구 앞쪽","11","37.579697","127.04497"
"512","미니슈퍼","부산 부산진구 가야대로 643","21","35.156036","129.04204"
"512","GS25(대전전민)","대전 유성구 전민동  464-1분산상가C동101 102","25","36.42274","127.40082"
"512","CU(군포덕산점)","경기 군포시 당동  902 덕산상가1층","31","37.348972","126.94522"
"512","새서울슈퍼","경기 남양주시 사릉로34번길 24 1층 7호","31","37.63618","127.21105"
"512","현대로또","경기 성남시 중원구 금상로 32-1","31","37.43849","127.1607"
"512","행운을드리는복권방","경기 안산시 상록구 본오로 98","31","37.293797","126.866684"
"512","노다지복권방","경기 파주시 술이홀로 906","31","37.906326","126.91052"
"512","행운복권방","충북 청주시 흥덕구 복대로 207","33","36.63505","127.44054"
"512","잉크와복권방","충남 천안시 동남구 차돌로 84","34","36.802128","127.139435"
"512","드림마트복권방","경북 구미시 비산동  359-7(드림마트내일부)","37","36.12182","128.37726"
"513","마두5번출구가판로또","경기 고양시 일산동구 중앙로 1200","31","37.65387","126.77711"
"513","그린마트","경기 성남시 분당구 대왕판교로 255 107호","31","37.366467","127.10083"
"513","희망복권방","강원 홍천군 홍천로 409 1층","32","37.690258","127.88947"
"514","김포로또","경기 김포시 돌문로 48 한솔프라자101","31","37.619404","126.71802"
"514","운수대통","경기 시흥시 시흥대로1073번길 5 101호","31","37.4317","126.79205"
"514","매표소","충남 천안시 서북구 부송로 191 창대정밀 1동","34","36.882374","127.11257"
"515","청룡마트","충남 천안시 동남구 풍세로 1010-31 현대아파트상가B-102호","34","36.797386","127.15389"
"516","한마음","서울 관악구 관악로 211 봉천중앙시장라열4호","11","37.48357","126.95407"
"516","스파","서울 노원구 동일로 1493 상계주공아파트(10단지) 주공10단지종합상가111","11","37.66166","127.05787"
"516","정평복권","서울 양천구 목동중앙본로7길 30 101호","11","37.539677","126.86694"
"516","부일카서비스","부산 동구 자성로133번길 35","21","35.140015","129.06306"
"516","노다지로또판매점","부산 영도구 남항동2가  248-7","21","35.089134","129.0392"
"516","대박복권방","울산 울주군 구영로 162 1층 102호","26","35.56802","129.24457"
"516","씨스페이스 중동점","경기 부천시 원미구 중동 1152상록쎈트럴 109호","31","37.50152","126.76903"
"516","올인(allin)","경기 화성시 3.1만세로 1147","31","37.135284","126.910614"
"516","로또복권두정점","충남 천안시 서북구 두정로 251 대원빌딩104호","34","36.833515","127.14499"
"516","복조리복권방","전북 장수군 장계면 장계천변길 55-4","35","35.731014","127.58352"
"516","에버빌마트","경북 안동시 강남5길 102 에버빌마트 1층","37","36.551132","128.73126"
"517","역삼역 로또","서울 강남구 역삼동  718 범진빌딩 1층","11","37.516033","127.05031"
"517","잉크와복권","서울 강서구 가로공원로76가길 12","11","37.53307","126.83962"
"517","킹마트","충남 천안시 서북구 쌍용동 1060","34","36.878883","127.200836"
"517","아띠로또판매점","충남 천안시 서북구 두정동 1063번지 레몬타워 110호","34","36.837246","127.13406"
"517","도깨비방망이","전남 완도군 완도읍 장보고대로 220 도깨비방망이","36","34.31606","126.7492"
"518","배임","서울 용산구 보광로 19 1층","11","37.526237","127.000626"
"518","초이스마트 작전역점","인천 계양구 주부토로472번길 51 선우아파트 상가동 102호","23","37.5344","126.73251"
"518","Lotto복권","강원 춘천시 퇴계동  667 7B3L(패밀리마트내)","32","37.866093","127.72451"
"518","잉크와복권방","충남 천안시 동남구 차돌로 84","34","36.802128","127.139435"
"518","오태NG24시복권방","경북 구미시 인동가산로 25  1층 아디다스상설매장","37","36.10665","128.41962"
"518","행운복권","경북 구미시 야은로 763,(신평동)","37","36.123886","128.36266"
"519","훼미리로또","서울 동작구 신대방동  395-68나산보라매타운102호","11","37.49068","126.92393"
"519","부일카서비스","부산 동구 자성로133번길 35","21","35.140015","129.06306"
"519","복권판매소(서문큰장네거리)","대구 서구 국채보상로 438,(내당동)","22","35.870575","128.5788"
"519","가로토큰박스","경기 과천시 중앙동  60과천극장앞","31","37.4299","126.993"
"519","황금대박복권슈퍼","경기 안산시 단원구 선이로 14","31","37.34236","126.803604"
"519","월드복권마트","충북 제천시 죽하로 48-1 주공2단지아파트 장락주공2단지 상가101호","33","37.15561","128.22491"
"519","로또복권판매","경남 하동군 중앙로 12 1층","38","35.070732","127.750885"
"520","영광문구","서울 금천구 범안로 1186","11","37.46633","126.89345"
"520","GS25(서초금호)","서울 서초구 서초동  1689-1","11","37.495155","127.017624"
"520","프로피스","경기 구리시 이문안로 11,(교문동)","31","37.592052","127.13251"
"520","그린24시신화점","충북 청주시 청원구 충청대로 53","33","36.66188","127.49122"
"520","베스트원","전남 영광군 신남로 209-1 1층","36","35.276035","126.5051"
"520","명당편의점","경남 진주시 서장대로 273 1층","38","35.192097","128.06311"
"521","행운복권방","서울 관악구 난곡로 172","11","37.47046","126.92009"
"521","로또복권","서울 성동구 마장동  771-7","11","37.566628","127.043304"
"521","5가로또레드탑","서울 종로구 종로 222","11","37.570747","127.002335"
"521","명동2가로또가판대","서울 중구 남대문로 62","11","37.56261","126.98196"
"521","풍향동복권나라","광주 북구 필문대로 79","24","35.162693","126.92831"
"521","노다지복권방","대전 대덕구 아리랑로 213 대영상가 1층","25","36.374424","127.427124"
"521","복권닷컴","강원 양양군 양양로 62","32","38.075512","128.62233"
"521","DC백화점거북점","전남 여수시 무선로 50 신동아파밀리에아파트 상가 1층 101호","36","34.76534","127.657814"
"522","가로판매점","서울 강동구 양재대로 1443","11","37.534924","127.13851"
"522","가판14호","서울 중구 퇴계로 37","11","37.557816","126.97671"
"522","영화유통(1등복권방)","울산 남구 신정로 19 삼성아파트 상가 204-101","26","35.533833","129.32205"
"522","대박찬스","충북 청주시 흥덕구 가경로161번길 3","33","36.628975","127.43644"
"522","로또","충남 홍성군 조양로 162","34","36.601036","126.66763"
"522","팡팡복권마트.잡화슈퍼","전북 전주시 덕진구 가리내로 26","35","35.834366","127.13327"
"523","로또방","서울 성동구 하왕십리동  946-43호  훼미리마트내","11","37.564026","127.029434"
"523","상호없음","서울 송파구 석촌동  210-9유천빌딩1층GN마트내","11","37.502308","127.098595"
"523","로또","서울 중구 신당동  133-14","11","37.56378","127.0194"
"523","부일카서비스","부산 동구 자성로133번길 35","21","35.140015","129.06306"
"523","세진전자통신","대구 서구 서대구로 156","22","35.8719","128.5552"
"523","행운복권방","경기 포천시 솔모루로 86-1","31","37.8288","127.14748"
"523","으뜸로또복권방","충남 홍성군 문화로 116 4필지","34","36.59767","126.66309"
"524","버스판매소","서울 영등포구 영중로 2 1층(영등포동3가)","11","37.516743","126.906746"
"524","-","대구 중구 동성로2가  160-4번지","22","35.86902","128.59561"
"524","로또복권방분평점","충북 청주시 서원구 월평로 78","33","36.611122","127.493454"
"524","여기있었네복권방","전북 전주시 완산구 전주객사5길 83","35","35.82179","127.14434"
"525","행운로또","서울 동작구 흑석동  43-94","11","37.506958","126.96618"
"525","행운복권방","서울 은평구 서오릉로 10,(녹번동)","11","37.602295","126.92678"
"525","사이버정보통신","부산 부산진구 동평로 411 백조상가동103-1호","21","35.17425","129.07022"
"525","플러스로또","대구 달서구 월곡로45길 56,(상인동)","22","35.81329","128.53883"
"525","미니스톱인천효성점","인천 계양구 안남로 551","23","37.532257","126.71038"
"525","로또판매점","경기 고양시 일산동구 장항동 752삼성메르헨상가102-2","31","37.660133","126.76643"
"525","행복한사람들 (흥부네)","경기 광주시 경충대로 763","24","37.355545","127.325386"
"525","CU(원주W-CITY점)","강원 원주시 단계동  877-1","32","37.344868","127.93092"
"525","로또복권두정점","충남 천안시 서북구 두정로 251 대원빌딩104호","34","36.833515","127.14499"
"526","인동상회","서울 노원구 한글비석로 396 벽산아파트상가108-116","11","37.661465","127.07279"
"526","제일슈퍼","서울 동대문구 회기로 194","11","37.58983","127.05734"
"526","복권방하단스마일","부산 사하구 낙동대로 191 2층","21","35.100925","128.99582"
"526","로또복권신매체인점","대구 수성구 달구벌대로 3233 신매동 효성백년가약상가 401동7호","22","35.8391","128.71039"
"526","까치복권방","경기 시흥시 중심상가로 326 1층102","31","37.336678","126.74821"
"526","로또점","강원 원주시 송림길 48-22 102호","32","37.331318","127.95185"
"526","복권방","강원 원주시 관설동  1702-1","32","37.318775","127.965"
"526","월드마트","충북 청주시 흥덕구 장구봉로129번길 2","33","36.62477","127.44766"
"526","제일복권","제주 제주시 서광로 257","39","33.5001","126.524055"
"527","진흥복권방","서울 서초구 서초동  1315","11","37.486115","127.01449"
"527","로또복권","부산 사상구 모라로192번길 20-83 102호","21","35.183144","129.0004"
"527","수복슈퍼","부산 사상구 광장로37번길 34 1층","21","35.16441","128.98126"
"527","씨유 대전원내점","대전 유성구 원내로 35","25","36.300095","127.31983"
"527","CU(군포덕산점)","경기 군포시 당동  902 덕산상가1층","31","37.348972","126.94522"
"527","은혜상회","경기 남양주시 덕소로 214","31","37.579216","127.21962"
"527","메트로복권","경기 성남시 분당구 성남대로916번길 5 관보골든쇼핑스포츠빌딩 1층 112호","31","37.411636","127.12984"
"527","덕신슈퍼","경기 수원시 권선구 세류3동 524-5","31","37.258976","127.012535"
"527","로또삼성복권방","경기 수원시 영통구 매영로 141 원천훼밀리타운 원천훼미리타운105호","31","37.26672","127.05813"
"527","까치복권방","경기 시흥시 중심상가로 326 1층102","31","37.336678","126.74821"
"527","아트플라워","경기 용인시 처인구 백옥대로 1109","31","37.234646","127.208626"
"527","행운복권방","경기 포천시 솔모루로 86-1","31","37.8288","127.14748"
"527","로또명당해미점","충남 서산시 남문2로 108","34","36.71344","126.54419"
"528","현진식품","서울 구로구 중앙로 32","11","37.500774","126.86386"
"528","GS25 동래대산점","부산 동래구 명륜로 65","21","35.199955","129.08417"
"528","행운플러스","부산 사상구 괘감로 103 1층복권방","21","35.15718","128.98598"
"528","복권휴게실","대구 달서구 월성동  819원더풀스파랜드상가1층 115호 116호일부","22","35.8244","128.52473"
"528","대전하이퍼","대전 중구 보문산로 76","25","36.305202","127.388824"
"528","행운로또복권","울산 중구 학성동  153-2","26","35.561115","129.33919"
"528","삼성통신","경기 구리시 검배로 89,(수택동)","31","37.595184","127.14801"
"528","중앙로또","경기 안산시 단원구 고잔동 681-7대덕프라자 102호","31","37.315105","126.82523"
"528","파란만장복권방","경기 화성시 진안동  878-4번지 101호","31","37.21241","127.038826"
"528","왔다복권","충남 천안시 서북구 서부16길 9","34","36.823116","127.13769"
"528","킴스피씨","제주 제주시 용담2동  2681-35","39","33.50696","126.5094"
"529","이수복권방","서울 동작구 사당동  145-12","11","37.48601","126.980965"
"529","평화슈퍼","서울 은평구 연서로 198-1,(대조동)","11","37.61628","126.919014"
"529","제이복권방","서울 종로구 종로 225-1 평창빌딩 1층 103호","11","37.571293","127.00283"
"529","명동역5번출구가판","서울 중구 퇴계로 115","11","37.561043","126.9845"
"529","디딤슈퍼","경기 부천시 도약로 279","31","37.510635","126.78055"
"529","가판점","경기 부천시 자유로 33 이마트앞 지하도입구","31","37.483967","126.77988"
"529","CU(횡성점)","강원 횡성군 횡성읍  읍하리    118-1","32","37.48886","127.9855"
"529","공주복권방","충남 공주시 웅진로 210-2","34","36.45911","127.1251"
"530","삼성열쇠공사","서울 동작구 만양로 90-1","11","37.511497","126.94448"
"530","GS25(신림로점)","서울 동작구 신대방동  344-258","11","37.49495","126.92712"
"530","통일복권방","서울 송파구 백제고분로7길 6","11","37.510223","127.07944"
"530","가판점","서울 중구 퇴계로 123","11","37.561066","126.98525"
"530","가로판매점117호","서울 중구 장충단로 257","11","37.567608","127.00848"
"530","복권왕국","인천 부평구 동수로 168","23","37.485596","126.73715"
"530","GS25(중촌현대)","대전 중구 중촌동  17-2","25","36.337418","127.4125"
"530","LG슈퍼","경기 광명시 연서로 10","31","37.48104","126.863335"
"530","경희슈퍼","경기 성남시 분당구 야탑로69번길 3 105호","31","37.410084","127.12633"
"530","황금 복권방","경기 용인시 기흥구 어정로 129 어정프라자 어정프라자 103호","31","37.275894","127.144035"
"530","복권","경기 의정부시 의정부동  153","31","37.73927","127.04927"
"531","일등복권편의점","대구 달서구 대명천로 220 1층","22","35.84214","128.53621"
"531","운수대통","인천 남동구 석정로 479","23","37.46613","126.68891"
"531","왕대박복권","인천 부평구 동수천로 108 1층","23","37.495102","126.73705"
"531","GS25(부평중앙)","인천 부평구 부평동  154-161층","23","37.499557","126.72256"
"531","메트로복권","경기 성남시 분당구 성남대로916번길 5 관보골든쇼핑스포츠빌딩 1층 112호","31","37.411636","127.12984"
"531","노다지복권방","경기 용인시 처인구 금령로 130","31","37.23509","127.2105"
"531","로또복권방","경기 평택시 지산로37번길 76","31","37.08238","127.059525"
"531","CU(포남뷰티점)","강원 강릉시 포남동  1150","32","37.767353","128.90926"
"531","불국사명당복권","경북 경주시 산업로 3033","37","35.7765","129.29813"
"532","복권세상","서울 양천구 신월로 187","11","37.51969","126.84364"
"532","감전복권방","부산 사상구 새벽시장로 59 야따이","21","35.15534","128.9803"
"532","로또대박마트","대전 동구 대전로 248 샘터하우스슈퍼 로또대박마트","25","36.2904","127.46335"
"532","화영하이퍼","경기 성남시 수정구 단대동 176-4번지","31","37.44698","127.156685"
"532","버스표가판점","경기 안양시 동안구 관악대로 291","31","37.40312","126.95526"
"532","행복충전소","경기 평택시 탄현로 332-2","31","37.0818","127.05637"
"532","복권명당","경북 경주시 동문로 46","37","35.848606","129.2142"
"533","GS25(압구정역)","서울 강남구 신사동  577-12동헌빌딩1층","11","37.525463","127.02755"
"533","세븐일레븐부산온천장역점","부산 동래구 중앙대로 1520 북쪽출구 빵집","21","35.213894","129.08134"
"533","복권백화점","경기 파주시 평화로 70","31","37.763588","126.76989"
"533","행운예감","충북 충주시 국원대로 5 1층","33","36.969822","127.93024"
"533","둔포로또판매점","충남 아산시 충무로 1810 둔포로또판매점","34","36.930553","127.038376"
"533","CU(구미원평점)","경북 구미시 원평동  1049","37","36.12575","128.3447"
"533","영화복권방","경남 김해시 덕정로 158 복권판매점","38","35.17843","128.80179"
"533","일등복권방","제주 서귀포시 성산읍  고성리    1197-8","39","33.450195","126.914505"
"534","로또명당","인천 미추홀구 인주대로 423 101호","23","37.45115","126.68826"
"535","캐논종합","서울 용산구 청파로 101 나진10동가125호","11","37.533337","126.962296"
"535","부일카서비스","부산 동구 자성로133번길 35","21","35.140015","129.06306"
"535","로또복권방","경기 파주시 금촌동  374-11","31","37.765816","126.77012"
"536","버스카드충전소","서울 서초구 신반포로 205 반포쇼핑타운 6동쇼핑앞","11","37.506935","127.00612"
"536","셀프카메라","부산 부산진구 가야대로443번길 30","21","35.154446","129.02167"
"536","복권방","부산 부산진구 부암동  133-39훼미리마트(부암점)","21","35.152344","129.03827"
"536","프로토베팅샵","부산 중구 국제시장2길 5 4호","21","35.099678","129.0284"
"536","동산병원앞토큰판매소","대구 중구 동산동  194동산병원앞토큰판매","22","35.868584","128.5834"
"536","대박나라복권방","인천 서구 가정로 120-1","23","37.495422","126.67178"
"536","오렌지24시원당점","경기 고양시 덕양구 성사동 702-81층점포1호1","31","37.6496","126.89644"
"536","코사마트","경기 부천시 오정로 203,(내동)","31","37.52708","126.78259"
"536","행운복권","충북 제천시 명륜로 67 1층","33","37.142334","128.20863"
"536","KOREA마트","경북 구미시 구미중앙로42길 7","37","36.120502","128.3523"
"536","동원복권","경남 양산시 북정중앙로 30","38","35.36137","129.04784"
"537","로또구포점","부산 북구 덕천2길 23-3 1층","21","35.209282","129.00656"
"537","주공24시편의방","대전 동구 옥천로180번길 19 판암주공아파트2차상가","25","36.316658","127.46117"
"537","복권왕국","경기 부천시 경인로216번길 7 1층","31","37.48298","126.779526"
"537","은미복권방","경기 부천시 소사로794번길 6","31","37.52689","126.80513"
"537","복권마을","강원 강릉시 주문진읍  교항리 118","32","37.885292","128.8254"
"537","돼지복권","충북 청주시 흥덕구 사직동 236-17 청주대교 앞","33","36.63657","127.48265"
"537","행운복권방공단오거리점","충북 청주시 흥덕구 산단로 4","33","36.63463","127.4476"
"538","찬스365","경기 양평군 양서면  양수리  562-6","31","37.54478","127.31804"
"538","복권백화점","경기 여주시 세종로 41 1층","31","37.294037","127.63629"
"538","구산복권방","경남 김해시 구산동  481-3보보스빌딩108호","38","35.25086","128.87222"
"539","행운찬스복권방","서울 강북구 덕릉로 140","11","37.63495","127.029434"
"539","굿타임","서울 서대문구 연희로 36,(연희동)","11","37.561817","126.927475"
"539","월드24시","서울 은평구 통일로 855-15","11","37.61925","126.919785"
"539","복권명당율하점","대구 동구 율하동로23길 37","22","35.87035","128.69803"
"539","로또복권방","경기 군포시 산본로323번길 16-6 신명타워 신명빌딩1층1005호","31","37.359245","126.93236"
"539","역곡중앙슈퍼","경기 부천시 원미구 역곡동 79-5","31","37.48525","126.81027"
"539","온누리로또","경기 수원시 권선구 세류동 1075-2 1층","31","37.25713","127.017456"
"539","백만장자","경기 용인시 기흥구 흥덕2로105번길 6 흥덕U프라자 흥덕유프라자111호","31","37.27728","127.07333"
"539","이삭","전남 목포시 남악2로 54 남악프라자A동103호","36","34.809925","126.45526"
"540","옥수정로또판매","서울 성동구 성수동2가  317-9","11","37.542248","127.056526"
"540","가판점(신문)","서울 영등포구 양평로 48","11","37.534508","126.90126"
"540","ALWAYSMART","경기 고양시 일산동구 백마로 501-2","31","37.663174","126.803696"
"540","복권왕국","경기 부천시 조마루로105번길 34-7","31","37.501698","126.75627"
"540","행운복권방","경기 포천시 솔모루로 86-1","31","37.8288","127.14748"
"540","대박행운복권방","충남 아산시 온천대로 104 서해안 휴게소내 편의점","34","36.746223","126.86672"
"540","월드복권방","경남 통영시 북신시장1길 12 월드마트 내","38","34.856834","128.42749"
"541","GS25(청담중앙점)","서울 강남구 청담동  21-9","11","37.522636","127.04216"
"541","종합가판점","서울 동대문구 왕산로40길 6 건물 앞쪽 가판점 청량리역 5번출구 앞쪽","11","37.579697","127.04497"
"541","명당복권","서울 동대문구 왕산로 112-1 가판","11","37.577915","127.035774"
"541","복권나라","부산 동구 범일동  44-13","21","35.141685","129.05537"
"541","영화유통(1등복권방)","울산 남구 신정로 19 삼성아파트 상가 204-101","26","35.533833","129.32205"
"541","GS25(구리공원)","경기 구리시 수택동  876","31","37.586742","127.13976"
"541","24시슈퍼","경기 군포시 번영로 497 금화프라자 금화프라자102호","31","37.358295","126.93227"
"541","김포로또","경기 김포시 돌문로 48 한솔프라자101","31","37.619404","126.71802"
"541","종합슈퍼마트","경기 성남시 분당구 야탑동 151테크노파크상가109호","31","37.40409","127.15081"
"541","복권나라","경기 의왕시 부곡중앙로 3-2 의왕역로터리앞","31","37.321228","126.949326"
"541","GS25(창원코아)","경남 창원시 성산구 중앙동 84-1","38","35.226273","128.67802"
"542","대박복권방","서울 양천구 오목로 233 1층1호","11","37.52613","126.863304"
"542","마두역상행선가판대","경기 고양시 일산동구 중앙로 1181 교보생명 일산사옥 마두역상행선가판대","31","37.65222","126.77706"
"542","ING","경기 안양시 만안구 안양로 97 1층","31","37.383656","126.93364"
"542","예술로또","강원 영월군 중앙로 44","32","37.18335","128.46846"
"542","100억만들기","전북 전주시 완산구 평화18길 23-4","35","35.794643","127.13372"
"542","25시슈퍼","경남 창원시 마산회원구 봉양로 75-5","38","35.221214","128.59532"
"543","행운의집","서울 강동구 구천면로 220","11","37.540466","127.1292"
"543","한양슈퍼체인","서울 성북구 지봉로24길 65","11","37.582336","127.020454"
"543","대박복권방","부산 해운대구 재반로 209-1 7통6반","21","35.196014","129.13062"
"543","역전식품","인천 남구 도화동  80-83","23","37.467224","126.65607"
"543","천하명당(염포점)","울산 북구 염포로 643","26","35.534893","129.38977"
"543","화정역 4번출구","경기 고양시 덕양구 화정로 53 새롬프라자1층 112호","31","37.63517","126.83188"
"543","대박복권방","경기 부천시 고리울로 51 고강빌딩1층","31","37.527355","126.8216"
"543","버스매표소","경기 부천시 부천로 32 도로부지","31","37.487022","126.783676"
"543","천하명당복권방","경기 수원시 팔달구 매산로 2","31","37.26661","127.00185"
"543","열두보석복권방","경기 용인시 기흥구 구갈로 74 구갈스포츠센타 구갈스포츠센터106호","31","37.281136","127.11181"
"543","베스트올수성점","전북 정읍시 수성2로 28","35","35.58169","126.854416"
"543","행운로또복권방","전남 광양시 대림오성로 146-1","36","34.964733","127.57778"
"544","충남상회","서울 중구 마장로9길 49-19","11","37.570137","127.0184"
"544","뉴빅마트","부산 기장군 정관중앙로 48 106호","21","35.321114","129.17929"
"544","뉴빅마트","부산 기장군 정관중앙로 48 106호","21","35.321114","129.17929"
"544","동원드림마트","부산 동구 고관로 173 동원드림타운상가104동101호","21","35.132507","129.05078"
"544","GS25(칠곡미래)","대구 북구 국우동  1100-7","22","35.943455","128.57077"
"544","로또슈퍼","광주 서구 상일로 37 모아제일아파트상가1층102호","24","35.15875","126.8621"
"544","행운복권","경기 군포시 곡란로 24 매화아파트상가 108호","31","37.374775","126.93609"
"544","둔전행운복권방","경기 용인시 처인구 포곡로 110","31","37.26922","127.21764"
"544","행운복권방","경기 의정부시 충의로 55","31","37.73674","127.08712"
"544","복권닷컴","강원 양양군 양양로 62","32","38.075512","128.62233"
"544","하나로슈퍼","충남 보령시 주공로 65","34","36.34183","126.60737"
"544","신천하명당","충남 예산군 발연로 1 이마트 24 내","34","36.698784","126.8296"
"544","행운복권방","경남 양산시 덕계로 27","38","35.37093","129.1485"
"545","강일코사할인마트","서울 강동구 고덕로97길 29 강일리버파크9단지아파트 105호","11","37.55984","127.1788"
"545","GS25(구로제일)","서울 구로구 구로동  685-215103호","11","37.49201","126.87578"
"545","교통카드판매대","서울 구로구 경인로 661","11","37.50941","126.88772"
"545","지원물산","서울 노원구 공릉로 108,(공릉동)","11","37.61983","127.078094"
"545","돈벼락맞는곳","부산 동구 조방로49번길 18-1","21","35.139168","129.05995"
"545","A복권방","대구 달서구 본리동  1199-8번지1층","22","35.840054","128.5304"
"545","노다지복권방","인천 미추홀구 한나루로 400 학익시장 외7필지125호","23","37.443375","126.66496"
"545","25시슈퍼","경기 시흥시 함송로14번길 13-17 홍익프라자1층107호","31","37.362453","126.72994"
"545","평택로또판매","경기 평택시 비전5로 7 중앙프라자 105호","31","36.9969","127.09144"
"545","한아름매점","충남 홍성군 광천로 330","34","36.503197","126.62555"
"545","나주복권방","전남 나주시 우정로 56 에이동 108호(빛가람동)","36","35.02372","126.78559"
"546","스파","서울 노원구 동일로 1493 상계주공아파트(10단지) 주공10단지종합상가111","11","37.66166","127.05787"
"546","연보슈퍼","서울 서대문구 연희동  78-43","11","37.572998","126.935234"
"546","토큰판매소","서울 송파구 바람드리길 62","11","37.536663","127.12238"
"546","부일카서비스","부산 동구 자성로133번길 35","21","35.140015","129.06306"
"546","부일카서비스","부산 동구 자성로133번길 35","21","35.140015","129.06306"
"546","부일카서비스","부산 동구 자성로133번길 35","21","35.140015","129.06306"
"546","부일카서비스","부산 동구 자성로133번길 35","21","35.140015","129.06306"
"546","부일카서비스","부산 동구 자성로133번길 35","21","35.140015","129.06306"
"546","부일카서비스","부산 동구 자성로133번길 35","21","35.140015","129.06306"
"546","부일카서비스","부산 동구 자성로133번길 35","21","35.140015","129.06306"
"546","부일카서비스","부산 동구 자성로133번길 35","21","35.140015","129.06306"
"546","부일카서비스","부산 동구 자성로133번길 35","21","35.140015","129.06306"
"546","부일카서비스","부산 동구 자성로133번길 35","21","35.140015","129.06306"
"546","디딤돌","대구 달서구 월곡로45길 110,(상인동)","22","35.811028","128.53796"
"546","힘찬슈퍼 복권방","인천 부평구 장제로 112","23","37.495377","126.73041"
"546","세븐일레븐동천점","광주 서구 동천동  600 세븐일레븐동천점내","24","35.1711","126.8682"
"546","주공슈퍼","경기 고양시 일산동구 장백로 59 주공아파트단지상가","31","37.642292","126.78531"
"546","주공슈퍼","경기 고양시 일산동구 장백로 59 주공아파트단지상가","31","37.642292","126.78531"
"546","대박찬스","경기 남양주시 진접읍 장현로 111 1층1호","31","37.719795","127.18393"
"546","로또복권","경기 시흥시 정왕동  1859-14103","31","37.352997","126.72371"
"546","GS25(안산팔곡)","경기 안산시 상록구 본오동 741-5 1층101","31","37.294895","126.87601"
"546","로또 슈퍼","경기 의정부시 동일로 681,(금오동)","31","37.748566","127.05282"
"546","복권천하 미스터잉크동해점","강원 동해시 발한로 35","32","37.535885","129.10315"
"546","장미슈퍼","충남 부여군 부여읍 계백로 265 부여군청 로터리 부근","34","36.27629","126.90941"
"546","삼례로또복권","전북 완주군 삼례읍 동학로 32","35","35.91063","127.074875"
"546","에버빌마트","경북 안동시 강남5길 102 에버빌마트 1층","37","36.551132","128.73126"
"546","NG24","경북 칠곡군 북중리3길 59","37","36.079823","128.41183"
"546","-","경남 김해시 계동로 220 102호 복권판매점","38","35.190304","128.8022"
"546","합천우리복권방","경남 합천군 핫들2로 8 1층","38","35.56843","128.16539"
"546","한라점","제주 제주시 노형동  2519-14 씨유대화점내","39","33.482132","126.47375"
"547","CU(타워팰리스점)","서울 강남구 언주로30길 56","11","37.488213","127.05441"
"547","한경종합광고","서울 송파구 백제고분로 198 정민빌딩","11","37.50393","127.08855"
"547","대영당안경원","부산 동래구 충렬대로237번길 9,(수안동)","21","35.201954","129.08519"
"547","행복로또","광주 동구 남문로 699 행복로또","24","35.13296","126.92802"
"547","프로피스","경기 구리시 이문안로 11,(교문동)","31","37.592052","127.13251"
"548","천하명당초량점","부산 동구 중앙대로221번길 3","21","35.116898","129.04013"
"548","오천억복권방","광주 서구 상무대로 1087","24","35.15296","126.880745"
"548","노다지복권방","경기 오산시 오산로 298-1","31","37.1541","127.068794"
"548","열두보석복권방","경기 용인시 기흥구 구갈로 74 구갈스포츠센타 구갈스포츠센터106호","31","37.281136","127.11181"
"548","봉담복자리복권과편의점","경기 화성시 삼천병마로 1276","31","37.219654","126.94878"
"548","황금로또","강원 원주시 현충로318번길 35 1층","32","37.381992","127.950325"
"548","행운복권방","강원 인제군 북면 금강로 23 1층","32","38.122444","128.2068"
"548","강원복권방","세종 조치원읍 조치원로 46-1,(상리)","29","36.601658","127.30193"
"549","단골집편의점","서울 강동구 구천면로 194","11","37.540585","127.12622"
"549","태광통신","서울 성북구 동소문로 248 105동 1층 1호","11","37.602764","127.02375"
"549","증산점로또판매","서울 은평구 증산동  189-3","11","37.585514","126.90847"
"549","백금당","부산 중구 중구로29번길 26","21","35.100513","129.02731"
"549","자유극장옆토큰판매소","대구 중구 중앙대로 446-2","22","35.872856","128.59453"
"549","GS25(계산동경)","인천 계양구 계산동  1076-7번지도쿄프라자1층2호","23","37.53578","126.73629"
"549","대박찬스복권전문점","경기 포천시 소흘읍  송우리    452-9","31","37.82579","127.14409"
"549","대박행운복권방","충남 아산시 온천대로 104 서해안 휴게소내 편의점","34","36.746223","126.86672"
"550","로또복권방","서울 강남구 강남대로122길 50 상명빌딩 103호","11","37.508858","127.027054"
"550","나라시스컴","서울 영등포구 영등포동5가  18-58번지영신상가1호","11","37.519783","126.9067"
"550","운수대통복권방","부산 부산진구 전포대로200번길 13","21","35.154648","129.0664"
"550","행운복권방","부산 중구 구덕로 47","21","35.09806","129.03053"
"550","은하로또(상인점)","대구 달서구 월배로 105 1층101호","22","35.81452","128.52594"
"550","탑포인트부평점","인천 부평구 부평동  557-1번지1층","23","37.492844","126.72959"
"550","유공자로또방","대전 중구 오류동  149-29번지","25","36.323357","127.41048"
"550","달동복권점","울산 남구 달동  592-1번지상가 101호","26","35.537045","129.32385"
"550","굳프렌즈일산현대-24시편의점","경기 고양시 일산서구 일청로 40-1 1층","31","37.687454","126.77226"
"550","역전광장상회","경기 파주시 금촌1동  329-19번지","31","37.765278","126.77464"
"550","오뚜기복권방","충남 아산시 온천대로 1094","34","36.78465","126.96118"
"551","대한민국마트","대전 유성구 전민로46번길 40 다세대주택 1층","25","36.396683","127.40249"
"552","티켓코리아","서울 강남구 논현로72길 20 1층 102호","11","37.495804","127.04116"
"552","하프타임(괴정점)","부산 사하구 승학로284번길 42","21","35.102444","128.9978"
"552","하단복권","부산 사하구 당리동  304-3번지인더코너편의점","21","35.105415","128.96988"
"552","세원로또복권방","부산 수영구 수영로725번길 53 수영 엔스타Ⅱ 101호","21","35.16832","129.11609"
"552","복권왕국","인천 동구 화평동  449-2번지","23","37.477715","126.63101"
"552","노다지복권방","울산 남구 두왕로 188 우주상가3호","26","35.519367","129.31198"
"552","까치복권방","경기 시흥시 중심상가로 326 1층102","31","37.336678","126.74821"
"552","서정천하명당","경기 평택시 송탄로 160","31","37.058094","127.05932"
"552","복권나라","경기 포천시 죽엽산로35번길 1","31","37.826786","127.152664"
"552","복권명당","충남 공주시 번영1로 41","34","36.471832","127.13313"
"553","평강슈퍼","서울 노원구 노해로75길 14-2 중앙빌딩1층","11","37.654274","127.0576"
"553","영광정보통신","서울 성북구 화랑로 92 1층 우측1호","11","37.602676","127.0425"
"553","세원로또복권방","부산 수영구 수영로725번길 53 수영 엔스타Ⅱ 101호","21","35.16832","129.11609"
"553","한꿈복권방","울산 중구 번영로 586","26","35.568794","129.34589"
"553","돼지복권","충북 청주시 흥덕구 사직동 236-17번지청주대교 앞","33","36.63657","127.48265"
"553","CU(전주우아점)","전북 전주시 덕진구 우아로 10","35","35.848957","127.15696"
"554","현대서점","서울 동작구 등용로 127 대방동현대아파트 103동 2호","11","37.513","126.931"
"554","신봉","충북 청주시 흥덕구 신봉동 168-8번지신봉삼성아파트3단지 앞도로변","33","36.655724","127.469376"
"555","월드24시","서울 은평구 통일로 855-15","11","37.61925","126.919785"
"555","행운복권방","서울 중랑구 면목로 423  1층","11","37.589806","127.08696"
"555","GS25(뉴둔산타운)","대전 서구 둔산동  1095번지하이스트빌1층104호","25","36.351566","127.37402"
"555","노다지복권방","경기 용인시 처인구 금령로 130","31","37.23509","127.2105"
"555","팡팡복권방","충북 진천군 상산로 71","33","36.854687","127.44187"
"555","행운복권","경북 구미시 진평동  119-2번지JM편의점 내","37","36.094147","128.42616"
"555","복권일번지","경북 상주시 중앙로 250-1","37","36.4158","128.16591"
"555","성원마트","경남 창원시 성산구 대정로 73 성원1차상가120호 이마트24","38","35.211075","128.70038"
"556","GS25(논현동우)","서울 강남구 논현동  232-5번지","11","37.509174","127.03647"
"556","아이티텔랜드","서울 노원구 상계동  749 1층","11","37.6513","127.06175"
"556","연화네마트","광주 북구 양산택지로 17","24","35.208187","126.87869"
"556","현대25시편의점","경기 고양시 덕양구 지도로 75 101호","31","37.62388","126.8241"
"556","CU(단계공원점)","강원 원주시 단계동  853번지","32","37.345882","127.93049"
"556","로또판매점","충남 당진시 당진읍  읍내리   227-3번지","34","36.89354","126.62829"
"556","복권나라","전남 여수시 중앙로 62 1층","36","34.73992","127.73436"
"557","가판대","서울 도봉구 마들로 859-19 도봉산역 1번출구앞 가판대","11","37.685726","127.048035"
"557","GS25(신천으뜸)","서울 송파구 잠실본동  186-7번지","11","37.510628","127.08413"
"557","GS25(십정센터점)","인천 부평구 십정동  117번지B동","23","37.478703","126.6906"
"557","천하명당복권방","경기 수원시 팔달구 효원로 36","31","37.27039","127.008736"
"557","복권명당","경기 안성시 승두길 62","31","37.000015","127.17315"
"557","천하명당복권방","경기 평택시 오성면  죽리67-11번지","31","37.007774","126.97032"
"557","터지는복권방","충북 청주시 서원구 청남로 2034 1층","33","36.613605","127.48587"
"558","유림상사","서울 구로구 신도림동  431-9번지","11","37.511963","126.88423"
"558","GS25(계산동경)","인천 계양구 계산동  1076-7번지도쿄프라자1층2호","23","37.53578","126.73629"
"558","GS25(분당매화)","경기 성남시 분당구 야탑동 275-4번지성원프라자103호","31","37.41165","127.13803"
"558","행운이랑대박이랑","경기 수원시 장안구 만석로 99 정자부동산","31","37.298912","126.99204"
"558","샘내로또판매","경기 양주시 산북동  333-13","31","37.805496","127.045364"
"558","찬스365","경기 양평군 양서면  양수리562-6번지","31","37.54478","127.31804"
"558","로또복권방","경기 의정부시 평화로 223,(호원동)","31","37.711746","127.04727"
"558","올인(allin)","경기 화성시 3.1만세로 1147","31","37.135284","126.910614"
"558","천안역로또토토복권방","충남 천안시 동남구 대흥로 237 아시아마트내","34","36.809166","127.14774"
"558","텔레콤&로또","전남 장성군 장성읍  영천리944-6번지","36","35.299007","126.78168"
"559","로또방","서울 강서구 방화동  618-14번지","11","37.56411","126.806694"
"559","코리아로또성서공단점","대구 달서구 호림동  10번지코리아마트 내","22","35.83921","128.48843"
"559","GS25(월평새미래)","대전 서구 월평동  339번지","25","36.356346","127.36091"
"559","공원복권방","울산 남구 대학로 60 제에이동 1층 가운데","26","35.54068","129.25827"
"559","GS25(군포부곡점)","경기 군포시 부곡동  1140-1번지1층 104호","31","37.35238","126.95642"
"559","율암25시편의점","경기 화성시 시청로 822-10","31","37.166355","126.88175"
"559","행운의집","경북 안동시 북문동  23-7번지","37","36.566982","128.7295"
"560","GS25(쌍문사계절)","서울 도봉구 쌍문동  217-3","11","37.65903","127.03267"
"560","GS25 동작양지","서울 동작구 상도동  365-1","11","37.50203","126.94469"
"560","태원정보통신","서울 중랑구 봉우재로33길 80,(상봉동)","11","37.595444","127.08968"
"560","아로마포미둔산점","대전 서구 둔지로 15 경희빌딩1층","25","36.3512","127.375786"
"560","로또복권방","충남 아산시 모산로 124 시대이발관 PGA스크린골프연습장내","34","36.77425","127.056366"
"560","일등로또","전남 여수시 여문문화길 57-1 이마트24 편의점내","36","34.751823","127.701805"
"560","부흥청과식품점","경북 경산시 하양읍 하양로 35 우방3차상가","37","35.90926","128.81354"
"561","월드24시","서울 은평구 통일로 855-15","11","37.61925","126.919785"
"561","부영마트","서울 중랑구 상봉동  108번지","11","37.594753","127.085655"
"561","CU(원종깨비점)","경기 부천시 오정구 원종동 280-9번지1F","31","37.522907","126.80514"
"561","천하명당복권방","충남 홍성군 조양로 180","34","36.60072","126.66951"
"561","왕대박복권방","경북 문경시 중앙로 15,(모전동)","37","36.588123","128.19293"
"562","럭키슈퍼","서울 양천구 중앙로 251 101호","11","37.51867","126.85318"
"562","왕대박복권","인천 부평구 동수천로 108 1층","23","37.495102","126.73705"
"562","로또복권문수점","울산 남구 무거동  1195-9번지CU마트점포 내","26","35.551674","129.27457"
"562","버스표판매소 로또판매점","경기 고양시 덕양구 토당동 799-46능곡역앞","31","37.624477","126.82043"
"562","성진","경기 성남시 수정구 모란로 91","31","37.44118","127.125694"
"562","GS25(안산산호)","경기 안산시 단원구 선부동 1081번지산호한양상가101호","31","37.336678","126.81326"
"562","모현복권방 및 편의점","경기 용인시 처인구 백옥대로 2383","31","37.336582","127.24914"
"562","CU(원주무실점)","강원 원주시 무실동  1641-10번지애드피아빌딩 103호","32","37.33639","127.92798"
"562","로또명당인주점","충남 아산시 서해로 519-2","34","36.87784","126.89828"
"562","플러스하나","전남 순천시 비봉길 6 상가동 1층 107호","36","34.93302","127.48947"
"562","동원복권","경남 양산시 북정중앙로 30","38","35.36137","129.04784"
"563","씨스페이스(정릉3점)","서울 성북구 정릉동  372-7번지","11","37.608723","127.00776"
"563","행운마트","서울 송파구 마천로15길 9 1층","11","37.50558","127.13482"
"563","로또","서울 중구 신당동  133-14","11","37.56378","127.0194"
"563","로또복권방","인천 부평구 광장로 16 부평민자역사 지하 2층 223호","23","37.489662","126.722664"
"563","한아름슈퍼","울산 남구 야음동  371-43번지","26","35.517834","129.34062"
"563","로또휴게실","경기 용인시 기흥구 용구대로 1885","31","37.256386","127.10432"
"563","로또경주고속점","경북 경주시 태종로 695","37","35.83873","129.2042"
"564","로또복권","서울 관악구 난곡로 247","11","37.476097","126.91573"
"564","-","서울 금천구 독산동  1012-15번지 1012-15","11","37.46836","126.89843"
"564","가로판매대제13호","서울 중구 퇴계로 36,(남창동)","11","37.55729","126.97701"
"564","복권나라","대구 달성군 논공읍 논공중앙로 106,(북리)","22","35.72692","128.44666"
"564","준원슈퍼","대전 중구 보문로260번길 43","25","36.32657","127.42424"
"564","주엽간판점","경기 고양시 일산서구 중앙로 1437 화성프라자 도로","31","37.670036","126.76048"
"564","로또훼미리마트왜관점","경북 칠곡군 왜관읍  왜관리191-3번지CU편의점 내","37","35.99602","128.39926"
"565","현대슈퍼","광주 서구 상무대로 871","24","35.150524","126.857315"
"565","CN마트","울산 동구 대학길 76 1층102호","26","35.49841","129.42188"
"565","성진","경기 성남시 수정구 모란로 91","31","37.44118","127.125694"
"565","보물단지","경기 시흥시 서촌상가2길 10 1층 109호(정왕동,두원프라자)","31","37.346966","126.733826"
"565","행복충전소","경기 평택시 탄현로 332-2","31","37.0818","127.05637"
"565","동해복권방","강원 강릉시 하평길 40","32","37.770157","128.91298"
"565","로또복권장항점","충남 서천군 장항읍  창선리   632-2","34","36.0262","126.6999"
"565","흥건슈퍼","전북 전주시 완산구 거마평로 25 흥건1차아파트상가 흥건슈퍼","35","35.794403","127.11578"
"566","또와식품","서울 강서구 양천로 694","11","37.55008","126.872826"
"566","로또복권방","부산 부산진구 전포동  692","21","35.154285","129.06287"
"566","마리오슈퍼","경기 부천시 송내대로265번길 85 뱅뱅프라자 1층 118호","31","37.50734","126.753876"
"566","황금 복권방","경기 용인시 기흥구 어정로 129 어정프라자 어정프라자 103호","31","37.275894","127.144035"
"567","가판점(신문)","서울 영등포구 양평로 48","11","37.534508","126.90126"
"567","복권명당","경기 안산시 상록구 건건로 41","31","37.304985","126.90198"
"567","로또통신","경기 안성시 장기로 36","31","37.00587","127.26738"
"567","노다지복권방","경기 파주시 문향로67번길 2 순금당안경원","31","37.858105","126.784996"
"567","로또복권","경기 평택시 팽성읍  객사리126-3번지GS25평택송화점","31","36.96442","127.06033"
"567","복권방","강원 원주시 관설동  1702-1","32","37.318775","127.965"
"568","오렌지로또","부산 부산진구 복지로 77 1층 오렌지데이","21","35.146362","129.01993"
"568","대박유통","부산 중구 구덕로 80 1층","21","35.097702","129.02716"
"568","천하명당","경기 안양시 동안구 부림로 121 동아프라자아케이드 제125,제126","31","37.39411","126.96444"
"568","삼거리복권방","경기 파주시 광탄면  신산2리358-33번지","31","37.78326","126.84602"
"568","올인(allin)","경기 화성시 3.1만세로 1147","31","37.135284","126.910614"
"568","88마트","전남 보성군 채동선로 244 1층","36","34.76749","127.08514"
"568","환희복권방","경북 포항시 남구 상공로 243 1층 복권방","37","36.02332","129.37222"
"568","돈벼락맞는곳","경남 김해시 한림면  병동리    980-7","38","35.293262","128.78296"
"568","복권방","경남 창원시 마산합포구 어시장7길 18 회상가 중앙상가 1호","38","35.201122","128.57419"
"568","경일통신","경남 창원시 마산회원구 북성로 340","38","35.23382","128.56064"
"569","온라인복권방","서울 동대문구 용두동  9-2번지","11","37.578262","127.04298"
"569","사이버정보통신","부산 부산진구 동평로 411 백조상가동103-1호","21","35.17425","129.07022"
"569","대박천하마트","인천 부평구 굴포로 48","23","37.51157","126.72634"
"569","씨스페이스 구미옥계 대박점","경북 구미시 흥안로 35 상가1동1층117호(옥계동,동화타운)씨스페이스","37","36.14687","128.41441"
"570","우일","서울 송파구 마천로 235","11","37.49996","127.14397"
"570","대구연쇄점","부산 부산진구 중앙대로783번길 8","21","35.162384","129.06238"
"570","GS25(서면새싹)","부산 부산진구 새싹로14번길 13","21","35.159702","129.05853"
"570","천하명당복권","대구 북구 칠곡중앙대로 545,(읍내동)","22","35.94432","128.55064"
"570","타임마트","대전 서구 동서대로 696 프라임빌딩2차 1층 102호","25","36.331818","127.3402"
"570","원당역복권방","경기 고양시 덕양구 성사동 410-17번지","31","37.653427","126.843094"
"570","대박DREAM","경기 광명시 광명로928번길 10","31","37.481285","126.85637"
"570","천하명당","강원 강릉시 주문진읍 연주로 310-1 복권판매점","32","37.884453","128.81941"
"570","행운의집","경북 안동시 북문동  23-7번지","37","36.566982","128.7295"
"571","복권방","서울 관악구 신림동  94-124번지","11","37.475967","126.93765"
"571","승차권판매소","대구 남구  대명동 대명동 2297-1번지토큰박스","22","35.85427","128.57417"
"571","잘찍어로또방","경기 평택시 안현로서5길 62","31","36.988426","126.92788"
"571","돈벼락맞는곳","경남 김해시  한림면 한림면 병동리980-7번지","38","35.293262","128.78296"
"571","GS25(양산문성)","경남 양산시  평산동 평산동 31-5번지","38","35.384815","129.15508"
"571","GS25(진해제일)","경남 창원시 진해구 화천동 화천동 19-2번지","38","35.152073","128.6598"
"571","원희슈퍼","제주 제주시 신광로 28","39","33.489685","126.489975"
"572","오늘을잡아라","서울 도봉구  창동 창동  74-5번지신원빌딩1층","11","37.652683","127.04636"
"572","복권나라","서울 송파구 백제고분로32길 23 1층복권나라","11","37.500347","127.095024"
"572","로또복권","대구 동구 아양로 294 1층","22","35.88992","128.6426"
"572","삼정로또복권방","광주 북구 삼정로 10 두암주공4단지아파트 주공4단지 1층 우리마트","24","35.162807","126.937965"
"572","영화모음","경기 수원시 장안구 금당로39번길 6 뉴타운프라자A-107","31","37.30316","127.0161"
"572","Letsgo복권유통","전북 전주시 덕진구 무삼지로 29","35","35.82817","127.16468"
"572","행운의집","경북 안동시  북문동 북문동 23-7번지","37","36.566982","128.7295"
"572","구산복권방","경남 김해시  구산동 구산동 481-3번지보보스빌딩108호","38","35.25086","128.87222"
"573","CU(수유대로점)","서울 강북구 노해로 121 두울빌딩","11","37.64605","127.0244"
"573","가판점1호","서울 마포구 합정동  383-14번지","11","37.549137","126.912224"
"573","주안로또","인천 부평구  부평1동 부평1동 529-40번지동아웰빙타운내추럴편의점내109","23","37.498314","126.721054"
"573","현대슈퍼","광주 서구 상무대로 871","24","35.150524","126.857315"
"573","대박로또판매점","경기 수원시 장안구 서부로 2129-1 태양공예가구","31","37.298717","126.97125"
"573","복권마당","경기 연천군 전곡읍 전곡로144번길 10 1층","31","38.02512","127.0694"
"573","오창중앙복권","충북 청주시 청원구 중심상업로 47 103호","33","36.715076","127.42894"
"573","세방매점","경북 경주시 산업로 4447 (용강동)","37","35.877205","129.22649"
"574","대림통상","울산 중구 신기14길 1 일신아파트 일신아파트상가102호","26","35.55233","129.29778"
"574","로또명당가두판매점","경기 안양시 동안구 경수대로 848-2 동안구가로판매대2005-00065","31","37.393017","126.94313"
"575","스파","서울 노원구 동일로 1493 상계주공아파트(10단지) 주공10단지종합상가111","11","37.66166","127.05787"
"575","교통카드판매대","서울 송파구 송파대로28길 27 송파성원쌍떼빌 공영주차장앞가판","11","37.495056","127.120415"
"575","가로판매점","서울 중구 서소문로 109","11","37.563053","126.97326"
"575","로또복권","부산 남구 신선로 317-1","21","35.11442","129.09523"
"575","훼미리로또","광주 남구 봉선로 164 삼환빌딩 CU봉선쌍용점 내","24","35.122723","126.91318"
"575","파크애비뉴","경기 화성시 화성로 1215 가동 1호","31","37.21417","126.81631"
"575","방아다리24시","충북 청주시 상당구 상당로 186","33","36.644943","127.48981"
"575","복권명당","경북 경산시 경안로 214","37","35.82663","128.73682"
"576","스파","서울 노원구 동일로 1493 상계주공아파트(10단지) 주공10단지종합상가111","11","37.66166","127.05787"
"576","복권나라(들안길)","대구 수성구 들안로 165","22","35.844784","128.61642"
"576","로또명당상동점","경기 부천시 송내대로265번길 17 효성프라자108호","31","37.506847","126.75795"
"577","대학도슈퍼","부산 사상구 가야대로 366-1","21","35.150974","129.01256"
"577","CU(군포덕산점)","경기 군포시 당동  902번지 덕산아파트상가1층","31","37.348972","126.94522"
"577","금산로또","경남 진주시 금산면  중천리  331-7번지","38","35.213947","128.14032"
"578","로또복권","서울 종로구 숭인동  228-6번지","11","37.569702","127.00117"
"578","썬마트","대전 서구 관저동  1109번지 신선타워105호 GS25편의점","25","36.300804","127.33443"
"578","복권천하문화점","대전 중구 천근로 23","25","36.309734","127.40282"
"578","와이마트","전북 전주시 완산구 유연로 268 101, 102, 103호","35","35.82515","127.11479"
"579","클린마트","서울 은평구 응암동  61-53번지 1층","11","37.590263","126.909645"
"579","모아주류뱅크광화문점","서울 종로구 통의동  47번지","11","37.576637","126.97289"
"579","오렌지데이연산제일점","부산 연제구 반송로 12 CU마트내 별도부스","21","35.18666","129.08276"
"579","태양슈퍼마켓","부산 해운대구 신반송로 171 삼한115호","21","35.227863","129.1608"
"579","서재강변로또","대구 달성군 다사읍 서재로 172,(서재리)","22","35.878708","128.49748"
"579","인생대역전","인천 계양구 임학동  10-10번지","23","37.545486","126.7387"
"579","럭키뱅크","대전 동구 계족로 491,(용전동)","25","36.35568","127.43251"
"579","보람복권방","울산 남구 화합로 194 18-1","26","35.541786","129.34166"
"579","행운복권","경기 군포시 곡란로 24 매화아파트상가 108호","31","37.374775","126.93609"
"579","센타슈퍼","경기 안산시 상록구 광덕1로 369 센타프라자 센타프라자115호","31","37.308113","126.85044"
"579","로또복권","경기 화성시 사강로 172","31","37.21268","126.73488"
"580","현대복권방","서울 동작구 사당동  323-12번지","11","37.483463","126.975296"
"580","한경종합광고","서울 송파구 백제고분로 198 정민빌딩","11","37.50393","127.08855"
"580","노다지복권방","대전 대덕구 계족산로 23","25","36.36209","127.43391"
"580","돈돈복권방","대전 서구 계룡로 560","25","36.342228","127.38585"
"580","천하명당","경기 이천시 경충대로 3145","31","37.307137","127.40214"
"580","훼미리마트 우아대로점","전북 전주시 덕진구 건산로 276,(우아동2가)","35","35.835472","127.16736"
"580","왕대박복권고령점","경북 고령군 중앙로 15","37","35.729748","128.26942"
"581","복권","서울 관악구 낙성대역길 91 우선빌딩 1층","11","37.474445","126.96383"
"581","현아상회","부산 남구 동명로145번길 3","21","35.119755","129.1127"
"581","동명로또","부산 사상구 사상로 90","21","35.155285","128.99196"
"581","홈돌이로또복권","인천 남동구 경원대로 971 삼성홈플러스간석점2층내","23","37.46954","126.68899"
"581","럭키상사","인천 부평구 부평동  199-20번지 씨스페이스편의점내(가나베스텔105호)","23","37.49354","126.7233"
"581","씽크로또","광주 서구 시청로 6 세븐일레븐편의점","24","35.14898","126.85214"
"581","행복한집","경기 오산시 경기대로148번길 8,(원동)","31","37.13778","127.074196"
"581","복권방","경기 하남시 신장로 122,(신장동)","31","37.53804","127.20478"
"582","복권명당우장산역점","서울 강서구 내발산동  719-6번지 가판(우리은행옆)","11","37.560616","126.83316"
"582","오렌지마트","부산 사하구 장림번영로 96 105동 101호","21","35.08012","128.97574"
"582","대박복권","대구 달서구 이곡동  1000-83번지 세븐일레븐편의점 내","22","35.849407","128.509"
"582","노다지복권방","대전 동구 대전로 437,(가오동)","25","36.30517","127.45271"
"583","온라인복권방","서울 동대문구 용두동  9-2번지","11","37.578262","127.04298"
"583","윈마트","서울 송파구 삼학사로16길 4 삼학사로 16길 우측 건물 1층","11","37.503494","127.09767"
"583","복권나라","부산 동래구 반송로 347,(명장동)","21","35.2102","129.10445"
"583","우리들마트","부산 동래구 온천장로119번길 20 10호(온천동, 온천아파트 점포)","21","35.222446","129.08429"
"583","왕대박복권","대구 달성군 비슬로 2208","22","35.78826","128.46335"
"583","1등복권방","울산 울주군 언양읍  남부리  126-1번지 세븐일레븐내","26","35.56412","129.12718"
"583","나눔로또 스포츠토토(김포장기점)","경기 김포시 김포한강1로78번길 7 장기음식주차타운 1층 110호","31","37.64487","126.67066"
"583","엘지25동명점","경기 안산시 단원구 선부광장로 27 122-2호","31","37.33619","126.81017"
"583","주택복권","경기 이천시 영창로 187","31","37.281433","127.443436"
"583","팡팡복권마트.잡화슈퍼","전북 전주시 덕진구 가리내로 26","35","35.834366","127.13327"
"583","끌레리띠","경남 창원시 마산회원구 구암서6길 12","38","35.2483","128.59213"
"584","CU(소피텔점)","서울 중구 묵정동  18-9번지","11","37.560562","127.00166"
"584","보람복권방","울산 남구 화합로 194 18-1","26","35.541786","129.34166"
"584","대박행진 복권랜드.커피에 반하다","경기 파주시 금빛로 22 금촌프라자107호","31","37.751614","126.76691"
"585","9TO5공항점","서울 강서구 방화동로 14","11","37.562405","126.80923"
"585","금정복권","부산 금정구 부곡동  296-100번지 1층 편의점내","21","35.22598","129.09067"
"585","씨엔에스","대구 서구 비산동  1840-1번지","22","35.884903","128.55618"
"585","복권명당","대구 수성구 수성로 337 1층 동북편상가","22","35.85569","128.61345"
"585","훼미리마트송도프라자","인천 연수구 송도동  2-6번지 송도프라자108호","23","37.395847","126.65242"
"585","유연마트","대전 동구 계족로 88","25","36.32213","127.4451"
"585","금강종합공구","경기 김포시 대곶면  율생리  350-5번지","31","37.652786","126.59066"
"585","대박행진 복권랜드.커피에 반하다","경기 파주시 금빛로 22 금촌프라자107호","31","37.751614","126.76691"
"585","로또복권","경기 평택시 조개터로 17 1층 1호","31","36.98888","127.10167"
"586","다터져복권방","서울 금천구 가산동  60-18번지 한신it타워2차101호","11","37.449486","126.905205"
"586","패기통신","서울 도봉구 노해로 389 제일빌딩1층110호","11","37.652767","127.05134"
"586","토큰판매소","서울 송파구 바람드리길 62","11","37.536663","127.12238"
"586","토큰박스45","서울 중구 광희동1가  186-1번지","11","37.564976","127.00713"
"586","GS25(터미널2)","부산 금정구 노포동  133번지 터미널내1층4호GS25종합터미널2호점","21","35.28393","129.09651"
"586","마두역상행선가판대","경기 고양시 일산동구 중앙로 1181 교보생명 일산사옥 마두역상행선가판대","31","37.65222","126.77706"
"586","천하명당복권방","경기 수원시 팔달구 효원로 36","31","37.27039","127.008736"
"586","로또야놀자","경북 경주시 양정로 211,(동천동)","37","35.85151","129.22398"
"587","천하명당복권","대구 북구 칠곡중앙대로 545,(읍내동)","22","35.94432","128.55064"
"587","로또명당인주점","충남 아산시 서해로 519-2","34","36.87784","126.89828"
"587","성원마트","경남 창원시 성산구 대정로 73 성원1차상가120호 이마트24","38","35.211075","128.70038"
"588","행복슈퍼","서울 성북구 동소문로 49","11","37.591003","127.01112"
"588","세류보석복권방","경기 수원시 권선구 세지로 30","31","37.254864","127.01586"
"588","세류보석복권방","경기 수원시 권선구 세지로 30","31","37.254864","127.01586"
"588","드림","경기 수원시 권선구 정조로 615","31","37.263794","127.01421"
"588","대박복권방","경기 파주시 문산읍 문향로 39","31","37.855328","126.78554"
"589","보경식품","서울 강북구 도봉로 211,(미아동)","11","37.627495","127.02538"
"589","종합가판점","서울 동대문구 왕산로40길 6 건물 앞쪽 가판점 청량리역 5번출구 앞쪽","11","37.579697","127.04497"
"589","천하명당복권방","경기 화성시 남양시장로 83","31","37.209915","126.81828"
"589","그린로또","강원 양양군 양양로 71","32","38.07482","128.62141"
"589","행운예감","충북 충주시 국원대로 5 1층","33","36.969822","127.93024"
"589","삼호복권방","전남 영암군 신항로 76 1층","36","34.74501","126.381775"
"589","로또복권삼주봉황","경북 경산시 진량읍  봉회리  57번지","37","35.88434","128.82066"
"590","정평복권","서울 양천구 목동중앙본로7길 30 101호","11","37.539677","126.86694"
"590","백석교판매점","경기 고양시 일산동구 마두동  783번지 백석고교앞정류소","31","37.653072","126.78578"
"590","경민복권방","경기 수원시 팔달구 정조로 866-2","31","37.285473","127.015816"
"590","태안로또복권방","충남 태안군 독샘로 57","34","36.75318","126.29935"
"590","팡팡로또복권","전북 김제시 요촌동  293-8번지","35","35.804558","126.8857"
"590","세방매점","경북 경주시 산업로 4447 (용강동)","37","35.877205","129.22649"
"590","CU(마산금강점)","경남 창원시 마산합포구 중앙동3가  2-52번지 금강펠릭스타워102호","38","35.180428","128.5571"
"591","노다지복권방","서울 양천구 월정로 137","11","37.531162","126.837425"
"591","CU(대림중앙점)","서울 영등포구 대림로 209 1층","11","37.499256","126.897675"
"591","초월대박복권방","경기 광주시 경충대로 1252","24","37.386677","127.28821"
"591","로또복권방","경기 의정부시 평화로 223,(호원동)","31","37.711746","127.04727"
"591","복권파는집","경남 창원시 마산회원구 3·15대로 765","38","35.240227","128.58365"
"592","가판대","서울 도봉구 마들로 859-19 도봉산역 1번출구앞 가판대","11","37.685726","127.048035"
"592","대전둔산대덕점","대전 서구 둔산2동  1336번지세븐일레븐편의점","25","36.353355","127.38092"
"592","CU(달동초이스점)","울산 남구 달동  1309-1번지","26","35.535606","129.33926"
"592","문구백화점","경기 광주시 중앙로 120","24","37.410374","127.258095"
"592","일등로또방","전북 전주시 완산구 장승배기로 203","35","35.796608","127.13483"
"592","CU(거제해금강)","경남 거제시 고현동  997-5번지","38","34.894135","128.63022"
"593","로또복권","서울 광진구 긴고랑로 38","11","37.562798","127.08021"
"593","대용상회","부산 금정구 노포동  16-6번지","21","35.292843","129.10025"
"593","복권방","부산 부산진구 개금동  258-1번지 1층일부","21","35.157005","129.02504"
"593","GS25(대구교대)","대구 남구 대명동  2007-6번지","22","35.852573","128.5909"
"593","선봉로또","울산 남구 삼산동  1468-6번지 CU판매점 내","26","35.543747","129.33267"
"593","오렌지통신","경기 성남시 수정구 고등동  404번지","31","37.45513","127.10651"
"593","대박로또","경기 안산시 단원구 중앙대로 457 102호","31","37.3282","126.78997"
"593","화천복권방","강원 화천군 화천읍  하리  43-28번지","32","38.104836","127.70451"
"593","화천복권방","강원 화천군 화천읍  하리  43-28번지","32","38.104836","127.70451"
"594","고마트 방화점","서울 강서구 방화동로 68 102호","11","37.5664","126.81278"
"594","로또천국","서울 광진구 군자동  345번지","11","37.5509","127.070915"
"594","흥인식품","서울 중구 흥인동  72번지","11","37.565624","127.01724"
"594","노다지복권방","대전 동구 계족로 393","25","36.346695","127.43213"
"594","금강종합공구","경기 김포시 대곶면  율생리  350-5번지","31","37.652786","126.59066"
"594","대박복권방","경기 안양시 동안구 비산동  459-1번지","31","37.39812","126.93357"
"594","노다지복권방서정지점","경기 평택시 서정역로 23","31","37.0562","127.05544"
"594","썬마트","충북 청주시 흥덕구 진재로23번길 25","33","36.632607","127.42811"
"594","로또천국","충북 충주시 금봉1길  48 1층","33","36.981762","127.91459"
"594","충청복권전문점","충남 천안시 서북구 성환2로 108","34","36.91694","127.132835"
"594","성심상회","경북 포항시 북구 불종로 78","37","36.038174","129.36801"
"595","개봉학마을점로또판매","서울 구로구 개봉동  482번지 교육프라자101 102호","11","37.50752","126.84519"
"595","부일카서비스","부산 동구 자성로133번길 35","21","35.140015","129.06306"
"595","삼성소비자슈퍼","대전 중구 선화서로 128-1","25","36.334328","127.41397"
"595","올인(allin)","경기 화성시 3.1만세로 1147","31","37.135284","126.910614"
"595","조치원복권방","세종   조치원로 9-1","29","36.601532","127.29785"
"595","구례로또","전남 구례군 구례읍 로터리길 2-1","36","35.208714","127.464806"
"595","천하명당(팔용점)","경남 창원시 의창구 사화로 26","38","35.256348","128.6103"
"595","로또정량점","경남 통영시 통영해안로 395","38","34.845318","128.43121"
"596","로또판매점","부산 남구 석포로 41","21","35.123302","129.08534"
"596","씨엔유 삼산한길","인천 부평구 삼산동  121-48번지 CU삼산한길점","23","37.518158","126.74386"
"596","훼미리대박복권방","인천 서구 가좌동  247-1번지 102호","23","37.488895","126.68247"
"596","복권마을","경기 안양시 동안구 흥안대로133번길 4 제1동 제1층 제104호","31","37.371513","126.95739"
"596","CU(안양석수점)","경기 안양시 만안구 석수동  325-13번지","31","37.41083","126.91185"
"596","무지개복권","경기 오산시 현충로 95","31","37.160877","127.07752"
"596","신봉","충북 청주시 흥덕구 신봉동  168-8번지 신봉삼성아파트3단지 앞도로변","33","36.655724","127.469376"
"596","여기있었네복권방","전북 김제시 남북로 171","35","35.79936","126.88456"
"596","C.C.S24시편의점","전북 전주시 덕진구 백제대로 835","35","35.849266","127.1594"
"596","북마산복권전문점","경남 창원시 마산합포구 북성로 98","38","35.215973","128.5708"
"597","복권명가","서울 구로구 개봉로 26","11","37.48799","126.85649"
"597","가로판매소","서울 구로구 새말로 117-24 (신도림역2번출구)(구로동)","11","37.50696","126.8903"
"597","로또복권","서울 노원구 상계동  649-7번지 다모아빌딩103","11","37.665066","127.05804"
"597","농심가슈퍼마트","서울 양천구 목동중앙본로 54 1층","11","37.540688","126.869026"
"597","노다지복권방","서울 종로구 종로 333","11","37.572903","127.01451"
"597","다모아문구","대구 서구 문화로49길 24 1층 103호","22","35.877823","128.55931"
"597","배팅샵(가장)","대전 서구 변동로 89","25","36.32439","127.3828"
"597","금두꺼비복권방","경기 고양시 일산서구 강성로 263 재성빌딩1층","31","37.67674","126.74803"
"597","로또복권방","충남 당진시 당진중앙1로 21","34","36.892937","126.62633"
"597","천하명당복권방","충남 홍성군 조양로 180","34","36.60072","126.66951"
"597","복권명당자인점","경북 경산시 자인로 176","37","35.81624","128.82556"
"597","시네마천국","경남 거창군 거열로 143-1","38","35.68951","127.90948"
"597","GS25(창원극동)","경남 창원시 의창구 팔용동  104-1번지","38","35.254997","128.61241"
"598","대박","서울 강남구 일원로3길 55","11","37.49274","127.08436"
"598","스파","서울 노원구 동일로 1493 상계주공아파트(10단지) 주공10단지종합상가111","11","37.66166","127.05787"
"598","영훈슈퍼마켓","서울 도봉구 덕릉로 222,(창동)","11","37.63781","127.03763"
"598","KB행당동지점옆가판","서울 성동구 고산자로 198","11","37.557804","127.034256"
"598","경남슈퍼행운복권방","서울 양천구 목3동  606-13번지","11","37.54995","126.86413"
"598","행운복권방","서울 중랑구 면목로 423  1층","11","37.589806","127.08696"
"598","부일카서비스","부산 동구 자성로133번길 35","21","35.140015","129.06306"
"598","세븐일레븐부산온천장역점","부산 동래구 중앙대로 1520 북쪽출구 빵집","21","35.213894","129.08134"
"598","로티스트","부산 북구 금곡대로 460","21","35.249462","129.01315"
"598","GS25(괘법덕포)","부산 사상구 괘법동  270-6번지","21","35.16543","128.98407"
"598","칠곡스포츠","대구 북구 칠곡중앙대로 311","22","35.923542","128.54677"
"598","CU(서구가정점)","인천 서구 가정동  527-27번지","23","37.55843","126.65368"
"598","대한민국마트","대전 유성구 전민로46번길 40 다세대주택 1층","25","36.396683","127.40249"
"598","주공공이로또","경기 안양시 동안구 호계동  1039번지","31","37.384113","126.9663"
"598","천하명당복권방","충남 홍성군 조양로 180","34","36.60072","126.66951"
"598","CU(거제신정점)","경남 거제시 장평동  1195-3번지","38","34.89292","128.61444"
"599","천하명당복권방독산점","서울 금천구 독산로85길 16","11","37.472534","126.90221"
"599","대성사","서울 성동구 성수동1가  13-23번지 1층","11","37.550533","127.04971"
"599","로또복권방","서울 성북구 동소문로2길 83","11","37.589466","127.01032"
"599","메트로센터점","대구 중구 달구벌대로 지하 2100 메트로센터C412호","22","35.86582","128.59314"
"599","천동로또","대전 동구 천동  119-4번지","25","36.311916","127.44233"
"599","썬마트","대전 서구 관저동  1109번지 신선타워105호 GS25편의점","25","36.300804","127.33443"
"599","로또명당","경기 시흥시 신현로 21-1 101호","31","37.40707","126.78708"
"599","육사구(6/49)복권방","경기 용인시 처인구 한터로 132","31","37.24952","127.22552"
"600","교통카드판매소","서울 강북구 도봉로 345 가판","11","37.638638","127.02589"
"600","가로판매소","서울 구로구 새말로 117-24 (신도림역2번출구)(구로동)","11","37.50696","126.8903"
"600","태원정보통신","서울 중랑구 봉우재로33길 80,(상봉동)","11","37.595444","127.08968"
"600","인천네트워크","인천 남동구 논고개로 333 12블록5롯트102호","23","37.419785","126.7299"
"600","CU(안산와동점)","경기 안산시 단원구 와동  679-7번지","31","37.33241","126.82774"
"600","로또복권짱","경기 용인시 처인구 동부로 33,(마평동)","31","37.230087","127.214455"
"600","로또복권짱","경기 용인시 처인구 동부로 33,(마평동)","31","37.230087","127.214455"
"600","로또복권방","경기 용인시 처인구 백옥대로 1153 용문빌딩","31","37.23865","127.20859"
"600","로또복권방","경기 용인시 처인구 백옥대로 1153 용문빌딩","31","37.23865","127.20859"
"600","로또복권방","경기 용인시 처인구 백옥대로 1153 용문빌딩","31","37.23865","127.20859"
"600","로또복권방","경기 용인시 처인구 백옥대로 1153 용문빌딩","31","37.23865","127.20859"
"600","로또복권방","경기 용인시 처인구 백옥대로 1153 용문빌딩","31","37.23865","127.20859"
"600","로또토토대박","강원 원주시 무실로 78 1층","32","37.34565","127.94554"
"600","그린하우스","전북 전주시 덕진구 덕진동1가  1276-3번지","35","35.843723","127.12447"
"600","구담쌀슈퍼","경북 안동시 경동로 908","37","36.556965","128.75449"
"601","천하명당미아현대점","서울 강북구 솔샘로 283 1층","11","37.618645","127.02396"
"601","로또수락산점","서울 노원구 동일로 1689 대덕하이베라스101호","11","37.67911","127.054855"
"601","부일카서비스","부산 동구 자성로133번길 35","21","35.140015","129.06306"
"601","복권방","부산 부산진구 당감서로 84 202호","21","35.167698","129.03735"
"601","대운복권","경기 성남시 중원구 성남대로 1149","31","37.432377","127.12866"
"601","하늘채복권방","경기 수원시 영통구 매탄동  1156-1번지","31","37.25919","127.04074"
"601","여기있었네복권방","충남 논산시 중앙로 417","34","36.201103","127.08766"
"601","일공공일안경콘택트수송점","전북 군산시 수송동  850-6번지","35","35.964275","126.71839"
"601","구담쌀슈퍼","경북 안동시 경동로 908","37","36.556965","128.75449"
"602","로또복권","서울 성동구 마장동  771-7번지","11","37.566628","127.043304"
"602","엔.스피드텔레콤","서울 은평구 불광동  281-91번지","11","37.610905","126.930046"
"602","충남상회","인천 미추홀구 석정로 78 10호","23","37.466232","126.64562"
"602","운천점(복권나라)","광주 서구 운천로 153 1층","24","35.14632","126.85665"
"602","로또암반수베팅샵","경기 남양주시 수레로 32","31","37.587234","127.215675"
"602","로또(파발마점)","경기 시흥시 마유로 415 역전프라자105호","31","37.351974","126.740585"
"602","GS25(장유무계)","경남 김해시 장유면  무계리  191-7번지 청학프라자 1-107호","38","35.20001","128.81505"
"602","천하명당복권방","경남 진주시 봉곡동  15-5번지","38","35.194828","128.07715"
"603","삼정그린환경","서울 강동구 양재대로 1355 오스카상가136호","11","37.527393","127.13561"
"603","복권파티","서울 송파구 오금로 516,(거여동)","11","37.492775","127.146126"
"603","HX복권방","경기 이천시 부발읍  아미리  726-9번지 현대시티플라자106호","31","37.25275","127.48955"
"603","청룡마트","충남 천안시 동남구 풍세로 1010-31 현대아파트상가B-102호","34","36.797386","127.15389"
"604","럭키복권방","서울 도봉구 노해로63길 79 우림빌딩106","11","37.653114","127.04623"
"604","승리상사","서울 영등포구 신길동  115-33번지","11","37.517124","126.916374"
"604","일등복권편의점","대구 달서구 대명천로 220 1층","22","35.84214","128.53621"
"604","라이프마트","인천 중구 연안부두로53번길 36 5호","23","37.45236","126.60402"
"604","오천억복권방","광주 서구 상무대로 1087","24","35.15296","126.880745"
"604","럭키로또방","경기 수원시 영통구 센트럴타운로 15 아이플렉스104호","31","37.288116","127.0574"
"604","천하명당우만점","경기 수원시 팔달구 월드컵로369번길 4","31","37.29025","127.03013"
"604","복권명당","경기 안산시 상록구 건건로 41","31","37.304985","126.90198"
"604","GS25(동백역점)","경기 용인시 기흥구 중동  853-1번지","31","37.269962","127.15415"
"604","천하명당복권방","전북 익산시 선화로 130","35","35.94789","126.94501"
"604","삼계복권전문점","경남 창원시 마산회원구 경남대로 915","38","35.231876","128.50462"
"605","미나식품(로또판매점)","서울 강서구 금낭화로 91-12","11","37.5735","126.81066"
"605","대박","경기 구리시 안골로103번길 46","31","37.599422","127.14154"
"605","티켓몰","경기 김포시 사우중로 15","31","37.61704","126.71676"
"605","노다지복권방","경기 시흥시 복지로 103-1 1층상가","31","37.44823","126.79206"
"605","아름다운방","경기 의정부시 금오동  473-1번지 플래티넘프라자1층107","31","37.752235","127.06957"
"605","로또나라","경기 파주시 자유로 2212","31","37.700043","126.68377"
"605","GS25(청주율량)","충북 청주시 상당구 율량동  846번지","33","36.669804","127.491295"
"605","대박복권판매점","충북 충주시 탄금대로 14,(문화동)","33","36.973713","127.926926"
"605","로또명당인주점","충남 아산시 서해로 519-2","34","36.87784","126.89828"
"606","정우로또","서울 강동구 길동  390-20번지","11","37.53676","127.14103"
"606","대박복권방","서울 관악구 조원동  538-1번지 싱싱마트","11","37.48231","126.91421"
"606","스파","서울 노원구 동일로 1493 상계주공아파트(10단지) 주공10단지종합상가111","11","37.66166","127.05787"
"606","스파","서울 노원구 동일로 1493 상계주공아파트(10단지) 주공10단지종합상가111","11","37.66166","127.05787"
"606","천하명당복권방","서울 동대문구 전농로 105-1,(답십리동)","11","37.574413","127.05728"
"606","굿타임","서울 서대문구 연희로 36,(연희동)","11","37.561817","126.927475"
"606","슈퍼복권나라","부산 사하구 하신번영로 370","21","35.114147","128.96078"
"606","빅세일마트","부산 중구 중앙동4가  81-19번지","21","35.107822","129.03752"
"606","주택복권방","경기 용인시 수지구 풍덕천로 144-1 103호","31","37.323883","127.09745"
"606","로또복권","경북 군위군 군위읍 중앙길 32,(서부리)","37","36.231487","128.56749"
"607","스포츠베팅샵","서울 서초구 동산로 48 서희빌딩 104호","11","37.471325","127.04434"
"607","금강종합공구","경기 김포시 대곶면  율생리  350-5번지","31","37.652786","126.59066"
"607","탑스","경기 수원시 팔달구 우만동  578-1번지","31","37.275772","127.04365"
"607","금진슈퍼","전남 여수시 좌수영로 11","36","34.741383","127.72764"
"608","복권세계","서울 구로구 우마길 4","11","37.48224","126.887436"
"608","버스판매소","서울 영등포구 영중로 2 1층(영등포동3가)","11","37.516743","126.906746"
"608","CU(역촌제일점)","서울 은평구  역촌동 78-45번지","11","37.603203","126.91021"
"608","공원슈퍼","경기 수원시 장안구 팔달로 257-1 1층(영화동)","31","37.288837","127.01324"
"608","율암25시편의점","경기 화성시 시청로 822-10","31","37.166355","126.88175"
"608","행운복권방","강원 인제군 북면 금강로 23 1층","32","38.122444","128.2068"
"608","황금당","전남 강진군 강진읍 중앙로 95 황금당","36","34.638718","126.76755"
"609","경남복권방","서울 강북구 도봉로50길 11  1층","11","37.62561","127.02731"
"609","행운대박복권","서울 영등포구 영신로19길 8-1","11","37.514385","126.90675"
"610","Today","서울 광진구 광나루로56길 85 테크노마트9층판매동24호","11","37.53569","127.09574"
"610","대화로또판매점","대전 대덕구 오정동  10-2번지","25","36.36231","127.41753"
"610","GS25(수지수석)","경기 용인시 수지구 풍덕천동  1080-1번지 수석프라자103호","31","37.321804","127.09407"
"610","로또7일레븐 태화점","경북 안동시 태화동  175-3번지","37","36.55354","128.76076"
"611","진흥슈퍼","서울 강남구 논현로150길 31","11","37.519833","127.03093"
"611","대소원로또","충북 충주시 대소원면 중원대로 4373 휴게소내 컨테이너","33","36.973255","127.82359"
"611","역전복권방","충남 예산군 아리랑로 7","34","36.68642","126.83009"
"611","킹마트","충남 천안시 서북구 성정동 624-4","34","36.878883","127.200836"
"612","교통카드충전소","서울 금천구 시흥대로 398","11","37.469357","126.89842"
"612","구포라인점","부산 북구 구포동  700-148번지","21","35.202557","129.00429"
"612","터미널로또판매점","인천 남구 관교동  15번지 인천교통공사대합실1층2호편의점내","23","37.441406","126.70131"
"612","GS25(둔산을지점)","대전 서구 둔산동  1349번지 1층 편의점","25","36.354984","127.38061"
"612","우리들삼산본동점","울산 남구 돋질로 445","26","35.54275","129.35355"
"612","으뜸우리들복권방","울산 남구 울밀로 2907","26","35.555","129.26576"
"612","황금로또","강원 원주시 현충로318번길 35 1층","32","37.381992","127.950325"
"612","복권마트","강원 홍천군 홍천로 409 1층","32","37.690258","127.88947"
"612","대박마트복권방","충남 아산시 음봉로 844 행복한순복음교회 태화상가1층103호","34","36.826508","127.09927"
"612","천하명당복권방","충남 홍성군 조양로 180","34","36.60072","126.66951"
"612","한진롯또대박판매점","전북 고창군 복분자로 900","35","35.51284","126.67393"
"613","슈퍼복권나라","부산 부산진구 범일로142번길 31 1층 복권방","21","35.142838","129.0611"
"613","월드","대구 수성구 달구벌대로631길 3,(매호동)","22","35.842384","128.70306"
"613","복권전문점","인천 부평구 원적로 437","23","37.50383","126.7151"
"613","힘찬슈퍼 복권방","인천 부평구 장제로 112","23","37.495377","126.73041"
"613","동키호테편의점","광주 서구 풍금로38번길 23","24","35.123924","126.864746"
"613","행운복권방","울산 중구 반구정6길 18-4","26","35.555798","129.31615"
"613","굿프랜즈편의점","경기 고양시 덕양구 토당동  877-1번지","31","37.62061","126.82475"
"613","노다지복권방","경기 용인시 처인구 금령로 130","31","37.23509","127.2105"
"613","굿타임24아산석정점(구드림통신)","충남 아산시 충무로 230","34","36.8013","127.00762"
"614","씨유 개화산역점","서울 강서구 양천로 19 (방화동)","11","37.56771","126.825645"
"614","주택복권사랑방","서울 관악구 난곡로 363-1","11","37.486427","126.91341"
"614","오거리마트","서울 은평구 응암로14길 6,(응암동)","11","37.590076","126.9179"
"614","베스트올원당","인천 서구 원당동  824-2골든벨프라자102호","23","37.594124","126.69508"
"614","대야지복권","광주 남구 회재로 1255-1","24","35.134727","126.89801"
"614","플러스복권방","강원 춘천시 효자2동  663-2번지","32","37.871807","127.73285"
"615","연초2호","서울 서초구 신반포로 194 강남고속버스터미널 쇼케이스7호","11","37.50551","127.007034"
"615","금성상회","부산 동래구 충렬대로107번길 92-4","21","35.21074","129.07367"
"615","동일통신","부산 해운대구 선수촌로 16","21","35.19541","129.11856"
"615","복권천국","인천 계양구 동양동  604-2번지","23","37.562126","126.75484"
"615","GS25(구월효명)","인천 남동구 구월동  1463번지 102호","23","37.445183","126.701515"
"615","복권전문점","대전 유성구 유성대로694번길 84","25","36.35407","127.33618"
"615","부자복권방","전북 군산시 구시장로 4","35","35.980473","126.72023"
"615","로또7일레븐 태화점","경북 안동시 태화동  175-3번지","37","36.55354","128.76076"
"615","NG24","경북 칠곡군 북중리3길 59","37","36.079823","128.41183"
"616","달랑슈퍼","서울 강남구 삼성로82길 22","11","37.50528","127.05951"
"616","로또판매점","서울 은평구 응암동  589-38번지","11","37.590572","126.91627"
"616","천하명당복권방(행운을주는사람들)","부산 사상구 광장로38번길 25","21","35.16115","128.98048"
"616","마리나복권","부산 해운대구 좌동  1270-1번지 정선빌딩1층훼미리마트내","21","35.17346","129.16763"
"616","아로마포미둔산점","대전 서구 둔지로 15 경희빌딩1층","25","36.3512","127.375786"
"616","권선로또복권방","경기 수원시 권선구 탑동로 22 천림빌딩 천림빌딩102호","31","37.270844","126.97501"
"616","GS25(수원삼성)","경기 수원시 영통구 매탄동  1267-7번지 중앙프라자104호","31","37.259037","127.04512"
"616","올인로또복권","전북 전주시 완산구 효자동2가  203-5번지 코끼리마트 상가 내","35","35.804657","127.10798"
"616","101편의방","경북 포항시 남구 청림동  3-263번지","37","35.99535","129.41307"
"617","훼미리로또","서울 동작구 신대방동  395-68번지 훼미리타운102호","11","37.49068","126.92393"
"617","로또복권판매소","서울 마포구 마포대로 44 진도빌딩앞","11","37.539944","126.94703"
"617","국세청앞센타","부산 동구 진성로 23 세무서옆가판","21","35.130405","129.04683"
"617","권선로또복권방","경기 수원시 권선구 탑동로 22 천림빌딩 천림빌딩102호","31","37.270844","126.97501"
"617","팡팡사동복권방","경기 안산시 상록구 석호로 170 1층","31","37.296867","126.85053"
"617","로또천국","충북 충주시 금봉1길  48 1층","33","36.981762","127.91459"
"617","운수대통복권방","충남 천안시 동남구 대흥로 122 중앙시장 입구","34","36.80049","127.14926"
"617","울릉로또","경북 울릉군 봉래2길 32-14 1층 울릉로또&커피","37","37.497395","130.90799"
"618","일등복권편의점","대구 달서구 대명천로 220 1층","22","35.84214","128.53621"
"618","충남상회","인천 미추홀구 석정로 78 10호","23","37.466232","126.64562"
"618","일죽휴게소복권","경기 안성시 일죽면  월정리  481-4번지 일죽휴게소내 세븐일레븐 일죽휴게소점","31","37.088207","127.46024"
"618","현대할인마트","경기 이천시 경충대로 3142","31","37.306847","127.403114"
"618","삼거리상회","전남 신안군 압해읍 복룡로 2 삼거리상회","36","34.865288","126.3121"
"619","뉴서울슈퍼","서울 서대문구 서소문로 63","11","37.561935","126.96838"
"619","홈돌이로또복권","경기 김포시 중봉로 14 삼성홈플러스2층","31","37.623863","126.69863"
"619","노다지복권방","경기 안산시 단원구 와동로 17 103호","31","37.33237","126.82717"
"620","개봉2호점로또판매","서울 구로구 가마산로 219  1층","11","37.493847","126.88551"
"620","태양마트","대전 유성구 노은로 157 골드프라자 106호","25","36.373707","127.317375"
"620","우리들복권방(남구청)","울산 남구 삼산로143번길 23 이마트24울산동평점","26","35.5383","129.32205"
"620","우리로또","경기 김포시 김포대로 1421","31","37.651577","126.672646"
"620","단대대박복권방","경기 성남시 중원구 산성대로372번길 14","31","37.44478","127.15859"
"620","G(금정)마트휴게실","전북 군산시 조촌로 66","35","35.969856","126.73807"
"620","Let'sgo복권방(동산점)","전북 전주시 덕진구 쪽구름로 57-1","35","35.8706","127.07655"
"621","대야지복권","광주 남구 회재로 1255-1","24","35.134727","126.89801"
"621","금집복권","광주 북구 첨단연신로108번길 134","24","35.2088","126.86471"
"621","씨스페이스(유성봉명)","대전 유성구 봉명동  546-4번지 씨스페이스편의점","25","36.35456","127.34647"
"621","삼성소비자슈퍼","대전 중구 선화서로 128-1","25","36.334328","127.41397"
"621","운천대박복권방","경기 포천시 영북면 영북로 171-1,(운천리)","31","38.08958","127.27446"
"621","왕대박복권방","경북 문경시 중앙로 15,(모전동)","37","36.588123","128.19293"
"622","베네시티앞가판","서울 강동구 올림픽로 664 대우베네시티cafe7gram앞","11","37.540554","127.12498"
"622","대박천하복권방","서울 은평구 연서로 150 1층 1호","11","37.60352","126.91597"
"622","월드사진관","부산 사하구 윤공단로14번길 53","21","35.057266","128.96973"
"622","라이프마트","인천 중구 연안부두로53번길 36 5호","23","37.45236","126.60402"
"622","CU(신흥점)","인천 중구 신흥동3가  31-49번지","23","37.48932","126.563446"
"622","인천상회","인천 중구 차이나타운로 42","23","37.47559","126.6194"
"622","복권천국","경기 부천시 고강로92번길 41","31","37.52846","126.814476"
"622","코코블루","경기 성남시 분당구 서현로210번길 20 코코프라자지하2호","31","37.38594","127.12409"
"622","복터진날","경기 안성시 진사길 31 우림아파트상가 B-03호","31","36.991642","127.14038"
"623","행복공간","서울 강동구 풍성로 115","11","37.532127","127.12511"
"623","돈다발복권방","서울 종로구 숭인동  288-1번지","11","37.57309","127.01666"
"623","덕하복권슈퍼","울산 울주군 덕하로 238","26","35.49198","129.30516"
"623","가판점","경기 부천시 부일로459번길 8 국민은행버스정류장 옆 가판","31","37.48641","126.78152"
"623","서정천하명당","경기 평택시 송탄로 160","31","37.058094","127.05932"
"623","행운복권방","강원 인제군 북면 금강로 23 1층","32","38.122444","128.2068"
"623","CU(제천역점)","충북 제천시  화산동 208-1번지","33","37.129704","128.20674"
"623","아띠로또판매점","충남 천안시 서북구 두정동  1063번지 레몬타워 110호","34","36.837246","127.13406"
"624","스파","서울 노원구 동일로 1493 상계주공아파트(10단지) 주공10단지종합상가111","11","37.66166","127.05787"
"624","라이프마트","인천 중구 연안부두로53번길 36 5호","23","37.45236","126.60402"
"624","CU(달동초이스점)","울산 남구  달동 1309-1번지","26","35.535606","129.33926"
"624","애리지","경기 성남시 분당구 야탑로69번길 21","31","37.411606","127.12633"
"624","당첨희망복권점","경기 이천시 영창로 145 관고사거리","31","37.282043","127.43878"
"625","엑스트라(우주점)","부산 사상구 모라로110번길 121 주공아파트1단지 가상가106호","21","35.183853","128.99643"
"625","토큰박스(성당포스코더샵)","대구 달서구 장기로 115 성당포스코더샵아파트 도로가 가판","22","35.84231","128.54784"
"625","메트로센터점","대구 중구 달구벌대로 지하 2100 메트로센터C412호","22","35.86582","128.59314"
"625","명당골복권방","경기 수원시 권선구 동수원로242번길 15 104호","31","37.251095","127.03546"
"625","로또명당매표소","경기 수원시 팔달구 중부대로 241","31","37.275543","127.04254"
"626","새시대복권방","서울 금천구 탑골로 6-1","11","37.450966","126.91035"
"626","승지GALLANT","서울 서초구 신반포로 194 강남고속버스터미널 경부고속터미널제2매표소앞 쇼케이스16, 코너3","11","37.50551","127.007034"
"626","세븐일레븐 햇빛점","서울 양천구 목4동  782-3번지","11","37.53553","126.86408"
"626","또또슈퍼","광주 광산구 상무대로 263 1층 또또슈퍼","24","35.14219","126.79503"
"626","위앤조이 유천점","대전 중구 계백로 1624,(유천동)","25","36.318806","127.40034"
"626","CU(군포덕산점)","경기 군포시  당동 902번지덕산아파트상가1층","31","37.348972","126.94522"
"626","명가로또복권","경남 거제시 사등면  덕호리  110-21번지 대교제일할인마트내","38","34.881504","128.4776"
"626","다음정보텔레콤(훼미리마트내)","경남 진주시 평거로9번길  18 1층 2호","38","35.173115","128.06183"
"627","로또판매","서울 강남구 삼성로86길 10 1층 삼성슈퍼","11","37.505627","127.058334"
"627","교통카드판매대","서울 강동구 상일로15길 18 1층","11","37.557686","127.17006"
"627","교통카드판매대","서울 강동구 상일로15길 18 1층","11","37.557686","127.17006"
"627","복터진나라","부산 서구 대영로 27 1층 복권판매점","21","35.109715","129.01494"
"627","안성맞춤","경기 안성시 안성맞춤대로 1099-1","31","37.01107","127.2699"
"627","안성맞춤","경기 안성시 안성맞춤대로 1099-1","31","37.01107","127.2699"
"627","복권나라","경기 포천시 죽엽산로35번길 1","31","37.826786","127.152664"
"627","행운천하명당","충남 서천군 서천로  120","34","36.078808","126.68722"
"627","대산슈퍼","충남 천안시 동남구 복구정3길 1","34","36.76989","127.250206"
"627","제이엠정보통신","경남 함안군 함안대로 552 1층","38","35.27584","128.40576"
"628","원스탑","서울 송파구 백제고분로7길 39","11","37.510902","127.08321"
"628","응암2호점로또판매","서울 은평구 역촌동  74-5번지","11","37.604916","126.90777"
"628","즐거운복권방","인천 미추홀구 미추홀대로 541","23","37.44568","126.67861"
"628","로또판매점","경기 고양시 일산동구 정발산로 24 1층 K-114호","31","37.65477","126.77263"
"628","공단슈퍼","경기 평택시 산단로52번길 3 1층","31","37.03672","127.07599"
"628","복권나라","강원 춘천시 춘천로 286-1","32","37.880527","127.74493"
"628","토토원","충북 청주시 청원구 공항로 95","33","36.66572","127.48628"
"628","양산덕계점(로또)","경남 양산시 평산6길 6 복권판매점","38","35.382153","129.15137"
"628","복권파는집","경남 창원시 마산회원구 3·15대로 765","38","35.240227","128.58365"
"629","행운마트","서울 송파구 마천로15길 9 1층","11","37.50558","127.13482"
"629","행운복권방","부산 중구 구덕로 47","21","35.09806","129.03053"
"629","돈벼락복권방","대구 북구 동변로 82-1 1층","22","35.920517","128.60385"
"629","흥건슈퍼","전북 전주시 완산구 거마평로 25 흥건1차아파트상가 흥건슈퍼","35","35.794403","127.11578"
"629","로또복권하대점","경남 진주시 도동로 188","38","35.18703","128.12248"
"630","롯또","부산 해운대구 윗반송로 77 1층","21","35.230892","129.15727"
"630","복권천국","대구 중구 달구벌대로 2214","22","35.862396","128.60524"
"630","천하명당","경기 평택시 탄현로 224","31","37.07261","127.05525"
"631","북문복권방","경기 수원시 장안구 정조로 927-1","31","37.29028","127.01279"
"631","로또홍성휴게소(하행)판매점","충남 홍성군 은하면  금국리  292-3번지 서해안고속도로 홍성휴게소(하행)내 하이샵코너내","34","36.55207","126.57993"
"631","훼미리마트(시네마로또)","전남 목포시 상동  1129-6번지 CU편의점","36","34.799145","126.433365"
"631","복권나라","전남 여수시 중앙로 62 1층","36","34.73992","127.73436"
"632","GS25(구로미성)","서울 구로구  신도림동 399번지기임빌딩101","11","37.506195","126.876656"
"632","연신내3호점로또판매","서울 은평구 진관동  은평뉴타운구파발아파트 22번지  905동 107호","11","37.638287","126.9178"
"632","복권나라","인천 서구 거북로 80","23","37.503014","126.670654"
"632","대박로또방","대전 서구 탄방동  764번지 세븐일레븐 편의점","25","36.346104","127.387665"
"632","월드컵복권방","경기 광주시 경안로 20","24","37.409946","127.2584"
"632","행운복권방","경기 성남시 분당구 구미동  185-1번지 비즈파이코리아103호","31","37.339294","127.10936"
"632","준","경기 평택시 서동대로 1152","31","36.982677","126.882225"
"632","창운로또","충북 청주시 흥덕구 오송생명로 208-9 리움오피스텔 1층 104호","33","36.63015","127.33232"
"632","복권천지","전남 여수시 흥국로 79","36","34.76119","127.67327"
"632","행복복권방","경남 창원시 의창구 팔용로 399","38","35.25288","128.6106"
"632","프리코너로또방","경남 창원시 마산회원구 석전동로 1","38","35.231186","128.57639"
"633","안목마트","서울 강북구 한천로 1024,(번동)","11","37.639324","127.02814"
"633","형제상회","서울 동대문구 무학로 92","11","37.57249","127.03075"
"633","경성식품","서울 동대문구 망우로21길 52","11","37.590435","127.06028"
"633","종로3가1호선역2번출구가로판매점82호","서울 종로구 돈화문로 23 가판","11","37.5707","126.991875"
"633","GS25(대전송촌)","대전 대덕구  송촌동 456-9번지","25","36.364956","127.43884"
"633","선봉로또","울산 남구  삼산동 1468-6번지CU판매점 내","26","35.543747","129.33267"
"633","복권왕국","경기 부천시 경인로216번길 7 1층","31","37.48298","126.779526"
"633","수일매표소","경기 수원시 장안구 경수대로 1003 대명빌딩","31","37.305878","127.00165"
"633","로또명당인주점","충남 아산시 서해로 519-2","34","36.87784","126.89828"
"633","로또복권","전북 익산시 마동  358-5번지","35","35.93612","126.96561"
"633","세븐일레븐광양시청점","전남 광양시 행정2길 2","36","34.941307","127.69642"
"633","소답시내버스매표소","경남 창원시 의창구 의안로2번길 17 가판","38","35.261776","128.62564"
"634","돈벼락맞는곳","부산 동구 조방로49번길 18-1","21","35.139168","129.05995"
"634","대학도슈퍼","부산 사상구 가야대로 366-1","21","35.150974","129.01256"
"634","행복한사람들 (흥부네)","경기 광주시 경충대로 763","24","37.355545","127.325386"
"634","가판점","경기 부천시 부일로459번길 8 국민은행버스정류장 옆 가판","31","37.48641","126.78152"
"634","영동슈퍼","경기 부천시 원미구 심곡동  409-11번지","31","37.48855","126.78042"
"634","플러스마트","경기 성남시 중원구 광명로 33","31","37.433716","127.13271"
"634","온누리로또","경기 수원시 권선구 세류동  1075-2번지","31","37.25713","127.017456"
"634","GS25(안양병목)","경기 안양시 만안구 안양4동 782-7번지신광빌딩","31","37.399616","126.91938"
"634","행운복권방","경기 포천시 솔모루로 86-1","31","37.8288","127.14748"
"634","한성로또복권","강원 정선군 고한읍  고한리  57-5번지","32","37.196945","128.85828"
"634","25시슈퍼","경남 창원시 마산회원구 봉양로 75-5","38","35.221214","128.59532"
"634","복권명당창원대원점","경남 창원시 성산구 두대로 57","38","35.231815","128.65057"
"635","스파","서울 노원구 동일로 1493 상계주공아파트(10단지) 주공10단지종합상가111","11","37.66166","127.05787"
"635","재벌 로터리","부산 중구 구덕로 1 재벌마트","21","35.097614","129.03546"
"635","일등복권편의점","대구 달서구 대명천로 220 1층","22","35.84214","128.53621"
"635","금산인삼엑스포","대전 대덕구 비래동 140-10번지","25","36.354298","127.44996"
"635","썬마트","대전 서구 관저동  1109번지 신선타워105호 GS25편의점","25","36.300804","127.33443"
"635","오렌지25","경기 고양시 일산서구 고봉로 291 양우에이스스타디움109","31","37.68528","126.777145"
"635","이지마트24 심곡2호","경기 부천시 양지로 205 1층 118호","31","37.467976","126.822464"
"635","꿈에본그자리","경기 성남시 중원구 산성대로 458","31","37.452457","127.16062"
"636","세븐일레븐","서울 강동구 천호동  35-29번지 세븐일레븐내","11","37.549","127.129684"
"636","영광정보통신","서울 성북구 화랑로 92 1층 우측1호","11","37.602676","127.0425"
"636","노다지복권방","부산 사하구 당리동  313-33번지 CU편의점","21","35.10396","128.97362"
"636","김포로또","경기 김포시 돌문로 48 한솔프라자101","31","37.619404","126.71802"
"636","대박복권방","경기 부천시 고리울로 51 고강빌딩1층","31","37.527355","126.8216"
"636","대운복권","경기 성남시 중원구 성남대로 1149","31","37.432377","127.12866"
"636","행복충전소","경기 평택시 탄현로 332-2","31","37.0818","127.05637"
"636","GS25(두정메트로점)","충남 천안시 서북구 성정동 1451번지","34","36.826557","127.14148"
"637","가로판매소","서울 구로구 새말로 117-24 (신도림역2번출구)(구로동)","11","37.50696","126.8903"
"637","복권나라","대구 달성군 논공읍 논공중앙로 106,(북리)","22","35.72692","128.44666"
"637","드림로또","대전 중구 대둔산로 365-2","25","36.30205","127.385864"
"637","NG24","경북 칠곡군 북중리3길 59","37","36.079823","128.41183"
"638","희성상사","인천 남구 주안동  1282-8번지","23","37.44472","126.67983"
"638","인천연수점로또판매","인천 연수구  연수동 631번지세븐일레븐편의점내","23","37.41185","126.67784"
"638","동화나라","광주 광산구 월곡산정로 7 1층","24","35.16682","126.803"
"638","복권세상","광주 광산구 무진대로231번길 28 복권세상","24","35.163258","126.80636"
"638","로또암반수베팅샵","경기 남양주시 수레로 32","31","37.587234","127.215675"
"638","3번출구가판점","경기 성남시 수정구 수정로 80","31","37.439934","127.12953"
"638","이플러스","경기 수원시 영통구 매탄동  153-14번지","31","37.274273","127.04432"
"639","한마음","서울 관악구 관악로 211 봉천중앙시장라열4호","11","37.48357","126.95407"
"639","그린슈퍼","서울 동대문구 왕산로 138","11","37.57798","127.038635"
"639","CU(경대정문점)","대구 북구 대현로19길 86","22","35.88501","128.61392"
"639","달성로또복권판매소","충남 아산시 온천대로 1531","34","36.780804","127.0079"
"640","장안2호점","서울 동대문구 한천로14길 56","11","37.566525","127.06563"
"640","천하명당복권방","서울 동작구 동작대로7길 11","11","37.479813","126.98096"
"640","제이복권방","서울 종로구 종로 225-1 평창빌딩 1층 103호","11","37.571293","127.00283"
"640","따봉복권방","인천 부평구 주부토로 109","23","37.50489","126.72531"
"640","원당역복권방","경기 고양시 덕양구 성사동  410-17번지","31","37.653427","126.843094"
"640","한샘행운복권방","경기 양주시 가래비길 57-1","31","37.82315","126.98549"
"640","복터져","충북 청주시 청원구 율량로 36 103호","33","36.673286","127.49005"
"640","로또복권","전남  해보면  문장리 822-25번지 문장중앙식품","36","35.181183","126.60484"
"640","왕대박복권방","경북 문경시 중앙로 15,(모전동)","37","36.588123","128.19293"
"641","안동슈퍼","대구 중구 중앙대로 463","22","35.87457","128.59447"
"641","호반할인마트","광주 광산구 도산로9번길 40","24","35.127934","126.790115"
"641","월드이동통신","대전 중구 충무로 169 1층 슈퍼","25","36.320896","127.43496"
"641","현대사","경기 성남시 분당구 미금일로 77 구미제2조합상가 102호","31","37.3456","127.111084"
"641","현대사","경기 성남시 분당구 미금일로 77 구미제2조합상가 102호","31","37.3456","127.111084"
"641","현대사","경기 성남시 분당구 미금일로 77 구미제2조합상가 102호","31","37.3456","127.111084"
"641","준","경기 평택시 서동대로 1152","31","36.982677","126.882225"
"641","복권나라동성점","전남 순천시 연향번영길 94 동성아파트 상가113호","36","34.950096","127.51894"
"642","대박로또","서울 성동구 용답19길 11","11","37.56328","127.052055"
"642","우일","서울 송파구 마천로 235","11","37.49996","127.14397"
"642","잠실매점","서울 송파구 올림픽로 269 잠실역 8번출구 앞 가판","11","37.514446","127.10071"
"642","CU(신길도림점)","서울 영등포구  신길동 289-6번지","11","37.508198","126.905426"
"642","복권방","부산 사하구 하단동  589-1번지 강서할인마트 내","21","35.105904","128.96559"
"642","태양슈퍼마켓","부산 해운대구 신반송로 171 삼한115호","21","35.227863","129.1608"
"642","프랜드리","대구 동구 아양로7길 12 신암뜨랜채상가111호","22","35.883347","128.61774"
"642","왕대박복권","인천 부평구 동수천로 108 1층","23","37.495102","126.73705"
"642","대광슈퍼","경기 군포시 고산로 679 미성프라자106호","31","37.371067","126.93395"
"642","알뜰슈퍼","경기 동두천시 평화로 2436-1 4/6","31","37.90527","127.05821"
"642","복권나라","강원 정선군 정선로 1333-1 복권방","32","37.379654","128.66212"
"642","도깨비 복권 전문점","충북 증평군 광장로 119","33","36.78428","127.585045"
"643","가로판매대","서울 동작구 사당동  134-7번지 가판점","11","37.488304","126.98191"
"643","월드복권","광주 남구 봉선2로 51","24","35.13285","126.918625"
"643","명당골복권방","경기 수원시 권선구 동수원로242번길 15 104호","31","37.251095","127.03546"
"643","황금 복권방","경기 용인시 기흥구 어정로 129 어정프라자 어정프라자 103호","31","37.275894","127.144035"
"643","대광복권방","전남 화순군 칠충로 55 대광로제비앙 대광그린상가동 1층109호","36","35.05548","126.97712"
"643","잉크충전","경남 진주시 하대동  300-19번지","38","35.196117","128.1154"
"644","복권1번","부산 부산진구 서면로 56 서면시장1층46호","21","35.15564","129.05817"
"644","복권전문점","인천 부평구 원적로 437","23","37.50383","126.7151"
"644","운천점(복권나라)","광주 서구 운천로 153 1층","24","35.14632","126.85665"
"644","풍무대박복권","경기 김포시 황금3로7번길 85 가동 109호","31","37.6097","126.724846"
"644","행복한집","경기 오산시 경기대로148번길 8,(원동)","31","37.13778","127.074196"
"644","GS25(이천현대)","경기 이천시  대월면 대흥리1-6","31","37.249588","127.47492"
"644","GS25(천안신방)","충남 천안시 동남구 신방동 905번지 현대아파트상가102호 GS25편의점","34","36.789265","127.13003"
"644","복권왕국","전남 여수시 화산로 134","36","34.77723","127.651146"
"645","CU(망우점)","서울 중랑구  망우동 470-10번지","11","37.598965","127.0976"
"645","장군슈퍼","인천 연수구 청량로 104","23","37.41734","126.65594"
"645","로또명당","경기 시흥시 신현로 21-1 101호","31","37.40707","126.78708"
"645","CU(광탄개나리)","경기 파주시  광탄면 신산리358-10번지","31","37.78273","126.84627"
"646","종합가판점","서울 동대문구 왕산로40길 6 건물 앞쪽 가판점 청량리역 5번출구 앞쪽","11","37.579697","127.04497"
"646","노다지복권방","서울 종로구 종로 333","11","37.572903","127.01451"
"646","행운복권","부산 남구 석포로 132","21","35.1288","129.09175"
"646","로또복권방","대전 서구  복수동 492번지1층 썬마트편의점","25","36.29903","127.37823"
"646","올인(allin)","경기 화성시 3.1만세로 1147","31","37.135284","126.910614"
"646","의림유통","강원 원주시 치악로 2335 1층","32","37.38372","127.97537"
"646","행운소리로또판매점","경남 김해시  진영읍 죽곡리203번지","38","35.277954","128.76678"
"647","스파","서울 노원구 동일로 1493 상계주공아파트(10단지) 주공10단지종합상가111","11","37.66166","127.05787"
"647","GS25(석촌센타)","서울 송파구  석촌동 272-25번지","11","37.50102","127.106606"
"647","스위트초이스(엄궁점)","부산 사상구 엄궁북로 10","21","35.1284","128.97186"
"647","제일복권","인천 동구 송림로162번길 10 B107","23","37.477863","126.650566"
"647","프리웨이스토어","경기 광주시 회안대로 605 1층","24","37.40682","127.237946"
"647","신라슈퍼","경북 포항시 남구 동해면 일월로 112,(약전리)","37","35.987953","129.4453"
"647","돈벼락맞는곳","경남 김해시 한림면  병동리  980-7번지","38","35.293262","128.78296"
"648","보경식품","서울 강북구 도봉로 211,(미아동)","11","37.627495","127.02538"
"648","GS25(동천화성)","대구 북구 동천동  933-3번지","22","35.936787","128.5582"
"648","주택복권방","경기 용인시 수지구 풍덕천로 144-1 103호","31","37.323883","127.09745"
"648","버스표판매소","경기 의정부시 평화로 535 의정부역 동부광장 앞(버스정류장)","31","37.740177","127.04713"
"648","로또방","전북 전주시 완산구 소대배기로 9","35","35.787586","127.13131"
"648","세방매점","경북 경주시 산업로 4447 (용강동)","37","35.877205","129.22649"
"648","천하명당복권방","경남 거제시 옥포성안로 60","38","34.891693","128.69492"
"649","복권천국","서울 서초구 서초대로 97 1층","11","37.48771","126.99283"
"649","GS25(서면새싹)","부산 부산진구 새싹로14번길 13","21","35.159702","129.05853"
"649","복권방","경기 가평군 청평중앙로 35 프라자약국 1층","31","37.73741","127.418495"
"649","마두5번출구가판로또","경기 고양시 일산동구 중앙로 1200","31","37.65387","126.77711"
"649","다니엘사","경기 안산시 단원구 원선1로 38 두산위브아파트 101호","31","37.326073","126.80417"
"650","럭키마켓","서울 강동구 명일로 159 1층","11","37.533146","127.14422"
"650","두꺼비로또판매점","서울 관악구 봉천동  1630-1번지","11","37.486862","126.93533"
"650","가로매점","서울 구로구  구로동 604-19번지","11","37.503567","126.87976"
"650","행운마트","인천 부평구 배곶남로9번길 4","23","37.47179","126.69535"
"650","포시즌","경남 김해시 내외중앙로 99 복권판매점","38","35.238827","128.86716"
"651","G마트","서울 영등포구 디지털로 387","11","37.491634","126.902115"
"651","엔타임편의점(대승복권)","부산 해운대구 좌동  1479-3번지 세종월드프라자 137 엔타임편의점내","21","35.169605","129.17772"
"651","그린마트","대전 중구 대종로 465 이안과병원 건너편","25","36.326027","127.4271"
"651","대박","충북 청주시 상당구 용담동 398번지","33","36.63106","127.50617"
"651","로또판매점","충남 당진시 읍내동  227-12번지","34","36.89354","126.62829"
"651","대동도기상사","경북 영천시 금완로 30","37","35.960327","128.93187"
"651","팬더복권","경북 포항시 남구 충무로 39-1 1층,우측상가","37","35.97604","129.41425"
"651","목화휴게소","경남 사천시 사천대로 912","38","35.0018","128.05415"
"652","행운로또","서울 강동구  길동 125-5번지","11","37.537727","127.14621"
"652","GS25(성북장위)","서울 성북구  장위동 66-9번지청마빌딩1층","11","37.611862","127.05452"
"652","버스판매소","서울 영등포구 영중로 2 1층(영등포동3가)","11","37.516743","126.906746"
"652","행운복권","부산 동래구 충렬대로428번길 30 보해이브 102호 1호","21","35.1952","129.1042"
"652","로또복권","경기 성남시 분당구 금곡동  192번지 두산위브상가109호","31","37.35534","127.10517"
"653","노다지훼밀리","서울 강동구 구천면로 251","11","37.542835","127.13127"
"653","상암DMC빌점","서울 마포구 상암동  1584번지 상암동DMC빌상가 104호","11","37.582474","126.88505"
"653","프로토베팅샵","부산 중구 국제시장2길 5 4호","21","35.099678","129.0284"
"653","CU(도화향기점)","인천 남구  도화동 119-44번지","23","37.46806","126.67169"
"653","훼미리마트인천선학점","인천 연수구 봉재산로 20 상가동 107호","23","37.409782","126.66613"
"653","대야지복권","광주 남구 회재로 1255-1","24","35.134727","126.89801"
"653","로또판매점(복권방)","경기 군포시 당동  921-5번지 금강프라자1-110호","31","37.346558","126.94431"
"653","미소로또","경기 남양주시 가운로1길 17 마이라이프 오피스텔","31","37.604572","127.15699"
"653","행운슈퍼 복권사는날","경기 부천시 경인로 148,(송내동)","31","37.48377","126.77174"
"653","GS25(수원황골)","경기 수원시 영통구 영통동 945-7번지","31","37.266285","127.081604"
"653","GS25(수원황골)","경기 수원시 영통구 영통동 945-7번지","31","37.266285","127.081604"
"653","엑스트라","경기 안성시 인지동  419-2번지 1층 엑스트라비디오","31","37.00457","127.26838"
"653","복권방","경기 용인시 기흥구 신갈로68번길 24","31","37.273155","127.10815"
"653","CU(원주명륜점)","강원 원주시  명륜동 751번지","32","37.33302","127.941826"
"654","드림로또","대구 북구 침산로 153 명성푸르지오 상가 103동 B2호","22","35.889423","128.59015"
"654","왕대박복권","인천 부평구 동수천로 108 1층","23","37.495102","126.73705"
"654","오렌지25","경기 고양시 일산서구 고봉로 291 양우에이스스타디움109","31","37.68528","126.777145"
"654","CU(횡성점)","강원 횡성군  횡성읍 읍하리118-1번지","32","37.48886","127.9855"
"654","행운복권","충북 제천시 명륜로 67 1층","33","37.142334","128.20863"
"654","복권나라","충북 청주시 상당구 상당로 9","33","36.629227","127.491035"
"654","돈벼락복권방","충남 논산시 시민로 337 1층 상가","34","36.194923","127.089935"
"654","한솔복권방","전남 목포시 남교동  34-1번지 한솔복권방","36","34.794006","126.38017"
"655","스파","서울 노원구 동일로 1493 상계주공아파트(10단지) 주공10단지종합상가111","11","37.66166","127.05787"
"655","스파","서울 노원구 동일로 1493 상계주공아파트(10단지) 주공10단지종합상가111","11","37.66166","127.05787"
"655","부일카서비스","부산 동구 자성로133번길 35","21","35.140015","129.06306"
"655","세븐일레븐 수완점","광주 광산구 장신로 68  101호","24","35.190487","126.81769"
"655","로또복권방","경기 시흥시 은계호수로 31 그린타워 1층 112호","31","37.444515","126.80343"
"655","25시슈퍼","경기 시흥시 함송로14번길 13-17 홍익프라자1층107호","31","37.362453","126.72994"
"655","찬스365","경기 양평군 양서면  양수리  562-6번지","31","37.54478","127.31804"
"655","천하명당복권방","경기 의왕시 경수대로 248 보왕빌딩","31","37.348602","126.974144"
"655","화성슈퍼","경남 창원시 의창구 남산로17번길 33","38","35.26091","128.61499"
"656","파워마트 복권나라","광주 북구 서하로  117 101호 (매곡동)","24","35.187523","126.89344"
"656","현대25편의점","경기 고양시 일산서구 미래로 164","31","37.69311","126.74687"
"657","가로판매점","서울 관악구 과천대로 955","11","37.47595","126.98115"
"657","하이로또","서울 금천구 금하로 686","11","37.451874","126.906334"
"657","성서제일복권","대구 달서구 성서동로 320 1층","22","35.849182","128.516"
"657","세븐일레븐 현풍대로점","대구 달성군 비슬로 581 세븐일레븐현풍대로점","22","35.690544","128.44447"
"657","복권명당","대구 중구 태평로1가  19-1번지","22","35.873936","128.59943"
"657","대광광고사","대전 유성구 구즉로 54","25","36.433846","127.385056"
"657","로또가게","경기 용인시 처인구 경기동로706번길 1","31","37.13827","127.19789"
"657","로또.토토.블루베리","경기 평택시 안현로서6길 7 대건빌딩 105호","31","36.98331","126.928055"
"657","CU로또(구미고아점)","경북 구미시 고아읍  관심리  668-9번지 CU편의점 내","37","36.20934","128.33025"
"658","성모마트","서울 강남구 역삼동  813번지","11","37.502804","127.02634"
"658","로또","서울 광진구 자양4동  6-39번지","11","37.540123","127.067696"
"658","버스토큰판매소","서울 구로구 시흥대로 583-1 꽃집 옆 가판대","11","37.48411","126.902695"
"658","왕대박로또","대구 달서구 구마로39길 88 1층 9,10,11호","22","35.84132","128.54912"
"658","동원슈퍼","광주 남구 대남대로 277-1,(월산동)","24","35.137066","126.89665"
"658","맑은샘","광주 동구 중앙로 161-1 NC웨이브 정문앞 가판","24","35.148766","126.9131"
"658","로또(파발마점)","경기 시흥시 마유로 415 역전프라자105호","31","37.351974","126.740585"
"658","복권나라","전남 여수시 중앙로 62 1층","36","34.73992","127.73436"
"658","삼삼마트","경남 진주시 진주대로 1165-1","38","35.19521","128.07565"
"659","Today","서울 광진구 광나루로56길 85 테크노마트9층판매동24호","11","37.53569","127.09574"
"659","버스판매소","서울 영등포구 영중로 2 1층(영등포동3가)","11","37.516743","126.906746"
"659","대영당안경원","부산 동래구 충렬대로237번길 9,(수안동)","21","35.201954","129.08519"
"659","서구연희로또","인천 서구 염곡로 39 1층","23","37.4884","126.664154"
"659","대전우표사","대전 동구 중앙로204번길 16-1","25","36.330036","127.432076"
"659","㈜현대택배권선영업소","경기 수원시 권선구 곡반정로 95-1 104호","31","37.23694","127.03014"
"659","천하명당복권방","경기 안성시 중앙로 424","31","37.006596","127.27369"
"659","천하명당복권방","경기 안성시 중앙로 424","31","37.006596","127.27369"
"659","행운복권","충북 제천시 명륜로 67 1층","33","37.142334","128.20863"
"659","천하제일복권명당연무점","충남 논산시 연무읍  안심리  1126-36번지","34","36.13547","127.10008"
"659","천하제일복권명당연무점","충남 논산시 연무읍  안심리  1126-36번지","34","36.13547","127.10008"
"660","GS25(구로제일)","서울 구로구  구로동 685-215번지103호","11","37.49201","126.87578"
"660","스포츠베팅샵","서울 서초구 동산로 48 서희빌딩 104호","11","37.471325","127.04434"
"660","buy the way (반포공원점)","서울 서초구 반포동  709-8번지","11","37.50922","127.02032"
"660","잠실매점","서울 송파구 올림픽로 269 잠실역 8번출구 앞 가판","11","37.514446","127.10071"
"660","가락하단","부산 사하구 하단동  885-9번지 세븐일레븐","21","35.108837","128.95908"
"660","각골할인마트","경기 안산시 상록구 각골로 37","31","37.292725","126.87227"
"660","OK편의점","경기 이천시 중리천로 56","31","37.279842","127.44385"
"660","CU(횡성점)","강원 횡성군  횡성읍 읍하리118-1번지","32","37.48886","127.9855"
"660","현대복권방","충북 청주시 청원구 향군로 140-1","33","36.656837","127.48003"
"660","로또복권판매도통점","전북 남원시 용성로 232,(도통동)","35","35.41778","127.39722"
"661","애니타임로또","대전 유성구 계룡로46번길 85","25","36.351692","127.334496"
"661","대광슈퍼","경기 군포시 고산로 679 미성프라자106호","31","37.371067","126.93395"
"661","로또박사","경기 의정부시 신곡동  760-2번지 세명프라자1층","31","37.74948","127.06935"
"661","로또스튜디오","충북 청주시 청원구 사뜸로 48-1 1층","33","36.666542","127.48148"
"661","썬마트","충북 청주시 흥덕구 진재로23번길 25","33","36.632607","127.42811"
"661","Let'sgo복권유통","전북 전주시 덕진구 무삼지로 29","35","35.82817","127.16468"
"661","불국사명당복권","경북 경주시 산업로 3033","37","35.7765","129.29813"
"661","로또방","경남 창원시 의창구 봉곡로 81","38","35.249256","128.66838"
"662","동수슈퍼문구복권","인천 부평구 동수로 101","23","37.485455","126.72979"
"662","버스표거리판매점","경기 수원시 장안구 조원동  768-10번지","31","37.29874","127.01599"
"662","노다지복권방","경기 안산시 단원구 와동  779-7번지 102호","31","37.34525","126.821724"
"662","터미널식품","경기 의정부시 동일로 640,(금오동)","31","37.745457","127.05505"
"662","황금복권마트","경기 이천시 증신로325번길 5 1층","31","37.297546","127.438866"
"662","원동슈퍼","충남 보령시 대천로 28","34","36.35113","126.59745"
"662","GS25(두정메트로점)","충남 천안시 서북구 성정동 1451번지","34","36.826557","127.14148"
"662","행운복권방 보생당건강원","전북 익산시 무왕로 1268","35","35.960304","126.99727"
"663","스파","서울 노원구 동일로 1493 상계주공아파트(10단지) 주공10단지종합상가111","11","37.66166","127.05787"
"663","명동슈퍼","경기 광명시 디지털로 17 1동 107호(철산동, (주)티오티비 오렌지타운)","31","37.474014","126.86936"
"663","그린마트","경기 성남시 분당구 대왕판교로 255 107호","31","37.366467","127.10083"
"663","행운복권방","경기 포천시 솔모루로 86-1","31","37.8288","127.14748"
"663","인생역전로또","충북 청주시 상당구 용암동 1795번지","33","36.606075","127.50503"
"663","CU(포항오거리)","경북 포항시 북구 죽도동 42-17번지","37","36.033848","129.36467"
"663","GS25(노형대림점)","제주 제주시  노형동 2511-5번지성림미래안아파트1층102호","39","33.48404","126.47025"
"664","행운마트","서울 강동구 구천면로34길 71","11","37.542873","127.13504"
"664","삼덕상회","부산 금정구  구서1동 409-11번지하프타임 편의점 내","21","35.21402","129.10315"
"664","강화상회","인천 강화군 강화읍  갑곳리  846-1번지 102호","23","37.74287","126.49272"
"664","훼미리로또","광주 남구 봉선로 164 삼환빌딩 CU봉선쌍용점 내","24","35.122723","126.91318"
"664","태일이엔지","경기 수원시 권선구 경수대로302번길 22 상가동 107호(권선동, 권선한양아파트)","31","37.25249","127.02103"
"664","천하명당우만점","경기 수원시 팔달구 월드컵로369번길 4","31","37.29025","127.03013"
"664","스타마트","경북 구미시 임은길 15","37","36.087524","128.36456"
"664","대박찬스로또복권방","경북 의성군 문소3길 95-1","37","36.354443","128.69412"
"664","로터리편의마트","경북 포항시 북구 서동로 85 육거리","37","36.040768","129.36725"
"664","창원병원앞매표소","경남 창원시 성산구 중앙동  104-1번지  가판","38","35.2185","128.67143"
"665","썬마트","충북 청주시 흥덕구 진재로23번길 25","33","36.632607","127.42811"
"665","로또복권두정점","충남 천안시 서북구 두정로 251 대원빌딩104호","34","36.833515","127.14499"
"665","복권나라","전남 목포시 당가두로14번길 47-1 103호 복권나라","36","34.807583","126.43719"
"665","25시슈퍼","경남 창원시 마산회원구 봉양로 75-5","38","35.221214","128.59532"
"666","준마트","경기 고양시 덕양구 행당로 35","31","37.619385","126.82859"
"666","로또판매점","경기 안산시 상록구 영화6길 21-1 102호","31","37.280636","126.85183"
"666","가두판매점","경기 안양시 만안구 안양로 330-1","31","37.401344","126.91967"
"666","로또부자세상","강원 원주시 천사로 286 1층","32","37.35452","127.954575"
"666","이효민나눔로또","경남 거제시 능포로 164 1층","38","34.877945","128.73323"
"666","대우할인매장","경남 창원시 성산구 정동로162번길 74 대운상가1층109","38","35.200825","128.69797"
"667","뚜레쥬르화곡역점","서울 강서구  우장산동 1052-9번지","11","37.542492","126.83993"
"667","복권나라","서울 성동구 용답중앙15길 12-1 1층","11","37.56443","127.05383"
"667","천하명당복권방","서울 성북구 정릉로 268","11","37.603355","127.01292"
"667","종로3가1호선역2번출구가로판매점82호","서울 종로구 돈화문로 23 가판","11","37.5707","126.991875"
"667","씨스페이스(범어사역점)","부산 금정구 남산동  21-4번지 11통1반","21","35.27165","129.09244"
"667","동성복권방","울산 동구 서부동  315-2번지","26","35.54043","129.42532"
"667","싱글벙글할인마트","경기 광명시 광명로 884 1층 좌측호(광명동)","31","37.477818","126.85391"
"668","스파","서울 노원구 동일로 1493 상계주공아파트(10단지) 주공10단지종합상가111","11","37.66166","127.05787"
"668","천하명당복권방","경기 수원시 팔달구 매산로 2","31","37.26661","127.00185"
"668","로또복권방","경기 파주시 금촌동  374-11번지","31","37.765816","126.77012"
"668","동명슈퍼","강원 속초시 중앙로 205 GS25동명점","32","38.208916","128.59273"
"668","로또행운마트","경남 김해시 능동로 177 복권판매점","38","35.203793","128.81001"
"669","GS25(민락중앙)","부산 수영구  민락동 181-82번지1층","21","35.155888","129.125"
"669","라이프마트","인천 중구 연안부두로53번길 36 5호","23","37.45236","126.60402"
"669","드림복권방","경기 수원시 권선구 정조로 515","31","37.25527","127.011055"
"669","복권방","경기 수원시 팔달구 권광로 213","31","37.26662","127.0332"
"669","재우텔레콤","경기 하남시 신평로 74","31","37.539894","127.20607"
"669","복권왕국","충북 제천시 풍양로 108 중앙시장상가 지하145","33","37.136654","128.2113"
"670","공항로또","서울 강서구 공항대로 37 7호","11","37.56155","126.81148"
"670","양평점로또판매","서울 영등포구 양평동4가  197-1번지","11","37.537758","126.89548"
"670","GS25(대구교대)","대구 남구  대명동 2007-6번지","22","35.852573","128.5909"
"670","베스트올원당","인천 서구 원당동  824-2골든벨프라자102호","23","37.594124","126.69508"
"670","25시 스토리","인천 서구 가정로 246 1층 111호","23","37.513657","126.67296"
"670","제일슈퍼","인천 연수구 앵고개로 242 제일상가112호","23","37.408646","126.670815"
"670","현암꽃플라워","대전 동구 태전로 167","25","36.342148","127.419106"
"670","토토복권방(병영점)","울산 중구 병영로 11","26","35.570312","129.34595"
"670","송내매표소","경기 부천시 송내대로 37,(송내동) 버스정류장","31","37.48689","126.75283"
"670","분당점로또판매","경기 성남시 분당구 판교로 436 홍우프라자 1층 13호 일부","31","37.40513","127.12218"
"670","평촌3호점로또판매","경기 안양시 동안구 관양동 1604 1604번지","31","37.39362","126.962616"
"670","일등복권","경북 칠곡군 동명면 금암중앙길 42,(금암리)","37","35.982574","128.55367"
"671","황금로또","강원 원주시 현충로318번길 35 1층","32","37.381992","127.950325"
"671","천금복권방","충북 청주시 상당구 쇠내로 150-1","33","36.620747","127.50797"
"671","중앙복권방","전북 전주시 완산구 공북로 95","35","35.826454","127.14215"
"671","목화휴게소","경남 사천시 사천대로 912","38","35.0018","128.05415"
"672","GS25(구로제일)","서울 구로구  구로동 685-215번지103호","11","37.49201","126.87578"
"672","복권천국방","서울 마포구 동교로 92 1층","11","37.554207","126.91237"
"672","천복권방","대전 대덕구 한밭대로1043번길 2","25","36.358776","127.41447"
"672","로또복권방","경기 고양시 덕양구 행신동 950-1 삼일프라자1층105호","31","37.623337","126.837"
"672","금강종합공구","경기 김포시 대곶면  율생리  350-5번지","31","37.652786","126.59066"
"672","버스표가두판매점","경기 수원시 팔달구 중부대로  171-2 가로판매대11","31","37.277588","127.03502"
"672","가야홀인원복권방","경기 의정부시 체육로 306-14,(녹양동)","31","37.760475","127.04132"
"672","명성복권방","경기 화성시 경기대로 1043","31","37.208466","127.0343"
"672","로또복권","경기 화성시 사강로 172","31","37.21268","126.73488"
"673","삼익마트","서울 강동구 상암로 211 1층","11","37.546654","127.14613"
"673","동서복권","서울 송파구 문정동  53-9번지","11","37.488716","127.12215"
"673","노다지복권방","부산 중구 동광동5가  16번지","21","35.107334","129.03322"
"673","로또일도점","대구 북구 학정로 421 일도프라자101호","22","35.942387","128.5631"
"673","구월슈퍼","인천 남동구 문화로145번길 13","23","37.45191","126.69915"
"673","대박로또판매점","경기 수원시 장안구 서부로 2129-1 태양공예가구","31","37.298717","126.97125"
"673","행운복권방","경기 양평군 용문로 358-1 1층","31","37.484356","127.59362"
"673","개그스토리마트 동백점","경기 용인시 기흥구 평촌1로1번길 7 101호 마실","31","37.283543","127.15347"
"673","동부슈퍼로또","충남 보령시 중앙로 178 동부아파트상가107호","34","36.35449","126.5852"
"673","복권천지","전남 여수시 흥국로 79","36","34.76119","127.67327"
"674","스파","서울 노원구 동일로 1493 상계주공아파트(10단지) 주공10단지종합상가111","11","37.66166","127.05787"
"674","인더라인25","서울 마포구 성미산로 199","11","37.56252","126.927086"
"674","뉴빅마트","부산 기장군 정관중앙로 48 106호","21","35.321114","129.17929"
"674","로또복권편의점","광주 광산구 송정동  890-3번지T월드 이동통신내","24","35.13525","126.797325"
"674","GS25(하안연서)","경기 광명시 안현로 52","31","37.465557","126.877495"
"674","영로또","충북 음성군 사예2길 24 1층 106호","33","36.912643","127.54497"
"674","라이프25시","경북 구미시  구포동 536-2번지GS25편의점 내","37","36.117832","128.34003"
"674","진교로또복권판매점","경남 하동군 민다리길 76","38","35.02851","127.903046"
"675","베스토아","서울 강남구 역삼로 166 세현빌딩","11","37.494987","127.03726"
"675","신동아로또판매점","서울 동작구 상도동  17-62번지","11","37.506195","126.947525"
"675","GS25(성애병원)","서울 영등포구 신길동 467-3","11","37.512157","126.9217"
"675","예스24","경기 고양시 덕양구 화정동  977번지 밀레니엄타워105","31","37.632137","126.83306"
"676","현대","서울 도봉구 도봉로110길 74","11","37.64619","127.037636"
"676","가판","서울 마포구 마포대로 58 가든호텔정문옆가판","11","37.540684","126.94833"
"676","탑훼미리마트","부산 해운대구 중동  1392-90번지","21","35.16203","129.16374"
"676","경북윤업사","대구 남구 대명로 161","22","35.839363","128.57545"
"676","로또복권사업장","인천 미추홀구 주안로 86 주안역지하도상가 28,29,46,47호","23","37.464413","126.68042"
"676","복권방(행운열차)","울산 중구 다운로 114","26","35.56312","129.26729"
"676","송내매표소","경기 부천시 송내대로 37,(송내동) 버스정류장","31","37.48689","126.75283"
"676","로또복권","충남 천안시 동남구 봉정로 58","34","36.807117","127.14025"
"677","경방필백화점라이츠21호","서울 은평구  갈현동 396-11번지","11","37.61931","126.92036"
"677","종합가로가판점","서울 중구 마른내로 166","11","37.564297","127.00633"
"677","샛별복권방","서울 중구 동호로10길 12 1층","11","37.55443","127.01192"
"677","대진","대구 동구 안심로22길 40-3 마치프라자 제1동 제1층 제109호","22","35.863617","128.69513"
"677","CU(도화향기점)","인천 남구  도화동 119-44번지","23","37.46806","126.67169"
"677","1등로또복권방","경기 의정부시 용현동  266-10번지","31","37.734592","127.08003"
"677","CU(제천고암점)","충북 제천시 고암로 69 1층 CU편의점","33","37.157856","128.21468"
"677","로또명당 청원점","충북 청주시 청원구 오창읍 각리 651-3번지 금일프라자 102호","33","36.708595","127.414215"
"678","GS25(계산동경점)","인천 계양구 계산동 1076-7번지 도쿄프라자1층2호","23","37.53578","126.73629"
"678","복권명당","대전 중구 태평로44번길 27 현암에버드림 상가","25","36.321293","127.39428"
"678","복권방","경기 고양시 덕양구 혜음로 8 삼라마이다스프라자 제1층 제115호","31","37.701103","126.901794"
"678","광성슈퍼","경기 이천시 단월로 33","31","37.221367","127.44998"
"678","올인(allin)","경기 화성시 3.1만세로 1147","31","37.135284","126.910614"
"678","열린서점","전남 목포시 삼각로43번길 10 열린서점","36","34.80461","126.41833"
"679","노다지복권방","서울 강동구 천호대로170길 47 1층","11","37.53326","127.132614"
"679","로또판매점","서울 관악구 관천로10길 20 1층","11","37.485016","126.92646"
"679","로또복권","인천 서구 중봉대로612번길 10-16 109호(청라동, 마르씨엘)","23","37.533318","126.65199"
"679","복권파는집","경남 창원시 마산회원구 3·15대로 765","38","35.240227","128.58365"
"679","봉암마트","경남 창원시 마산합포구 합포로 126-1 1층","38","35.209354","128.58305"
"680","우리들마트","부산 동래구 온천장로119번길 20 10호(온천동, 온천아파트 점포)","21","35.222446","129.08429"
"680","플러스24","광주 광산구 장신로 143 45타워 109호 로또플러스24","24","35.191006","126.825905"
"680","보경복권","울산 북구 명촌6길 7","26","35.558064","129.36029"
"680","초월대박복권방","경기 광주시 경충대로 1252","24","37.386677","127.28821"
"680","장군슈퍼","경기 부천시 소사로 837","31","37.530933","126.80509"
"680","은미복권방","경기 부천시 소사로794번길 6","31","37.52689","126.80513"
"680","GS25(영통번영점)","경기 수원시 영통구 영통동 1038-1번지","31","37.2538","127.0769"
"680","왕대박","경기 평택시 안정로29번길 32 1층 우측","31","36.96071","127.0464"
"680","CU(제천역점)","충북 제천시 화산동 208-1번지","33","37.129704","128.20674"
"680","CU(제천역점)","충북 제천시 화산동 208-1번지","33","37.129704","128.20674"
"680","천금복권방","충북 청주시 상당구 쇠내로 150-1","33","36.620747","127.50797"
"680","해적책대여점 복권방","충북 청주시 서원구 대원로 28","33","36.639973","127.479355"
"680","신방복권","충남 천안시 동남구 신촌로 19 101호","34","36.788727","127.12157"
"680","대박복권방","전북 전주시 덕진구 건산로 252","35","35.834652","127.16473"
"681","강북구교통카드판매대","서울 강북구 솔샘로 260 가판","11","37.61919","127.0214"
"681","우면점로또판매","서울 서초구 우면동 2-9번지","11","37.469906","127.02541"
"681","안전열쇠","인천 계양구 경명대로 1124 명인프라자102호","23","37.54285","126.731895"
"681","노다지복권방","인천 미추홀구 한나루로 400 학익시장 외7필지125호","23","37.443375","126.66496"
"681","역전복권방","광주 광산구 상무대로 208 1층","24","35.13774","126.79203"
"681","공단마트로또점","경남 함안군 삼칠로 831 슈퍼 옆 1층","38","35.360252","128.48526"
"682","대박","서울 강남구 일원로3길 55","11","37.49274","127.08436"
"682","복권명당(서부점)","대구 달서구 월배로 452","22","35.833633","128.55486"
"682","김포로또","경기 김포시 돌문로 48 한솔프라자101","31","37.619404","126.71802"
"682","버스표가판점","경기 안양시 동안구 동안로 125-2 범계역4-1출구앞 버스표가판점","31","37.389736","126.95106"
"683","덕성상회","서울 강서구 외발산동 424번지 강서농수산물도매시장내 1층 슈퍼","11","37.566425","126.81504"
"683","헬로마트","서울 도봉구 도봉로170길 8,(도봉동)","11","37.680374","127.04596"
"683","가로판매점","서울 송파구 올림픽로37길 109 잠실나루역 2번출구","11","37.522404","127.104744"
"683","복권","서울 중랑구 망우로30길 8 105호","11","37.592857","127.07427"
"683","부영마트","서울 중랑구 상봉동 108번지","11","37.594753","127.085655"
"683","모닝마트","대구 남구 성당로18길 45-10,(대명동)","22","35.84553","128.56494"
"683","삼성로또명당","인천 계양구 하느재로 14","23","37.544548","126.72533"
"683","영진슈퍼","경기 성남시 분당구 야탑동 353-1번지 영진다이비스117호","31","37.411606","127.12633"
"683","태일이엔지","경기 수원시 권선구 경수대로302번길 22 상가동 107호(권선동, 권선한양아파트)","31","37.25249","127.02103"
"683","로또복권","경기 안산시 단원구 선부광장1로 121 중앙슈퍼 101호","31","37.33222","126.81208"
"683","GS25(안산신영점)","경기 안산시 상록구 본오동 874-12번지 신영빌딩103호104호","31","37.301926","126.86434"
"683","현대장미슈퍼","전북 익산시 동서로61길 41 현대아파트1층108호","35","35.95509","126.98032"
"683","로또복권나라","전북 정읍시 연지동 315-15번지","35","35.573956","126.845375"
"683","SKY정보통신","경북 청도군 청도읍 청화로 140,(고수리)","37","35.644585","128.74147"
"683","성심상회","경북 포항시 북구 불종로 78","37","36.038174","129.36801"
"683","대박찬스","경남 창원시 마산합포구 자산삼거리로 16","38","35.202923","128.56621"
"684","땡큐마트","대구 수성구 만촌1동 636-21번지","22","35.872864","128.64719"
"684","GS25(둔산을지점)","대전 서구 둔산동 1349번지","25","36.354984","127.38061"
"684","골든복권방","울산 남구 문수로435번길 24","26","35.535637","129.30103"
"684","부강로또","세종 부강면 부강로 34,(부강리)","29","36.529217","127.3665"
"684","행복충전소","경기 평택시 탄현로 332-2","31","37.0818","127.05637"
"684","세종로또복권방","세종  금남면 용포리 88-17번지","29","36.463173","127.28049"
"684","로또판매점","전북 장수군 장수읍 싸리재로 18","35","35.648823","127.520744"
"684","복권명당판매소","경북 의성군 안계면 용기리 851-29","37","36.38624","128.43475"
"684","목화휴게소","경남 사천시 사천대로 912","38","35.0018","128.05415"
"685","토큰판매점","서울 강북구 도봉로 45 가판","11","37.61315","127.02949"
"685","스파","서울 노원구 동일로 1493 상계주공아파트(10단지) 주공10단지종합상가111","11","37.66166","127.05787"
"685","로또복권판매대","서울 서초구 반포동 54-7번지 e-b/d1층","11","37.50102","127.009895"
"685","동성당","서울 종로구 청계천로 261","11","37.569958","127.00655"
"685","명동역5번출구가판","서울 중구 퇴계로 115","11","37.561043","126.9845"
"685","복권천국","경기 부천시 부일로 502","31","37.485237","126.785835"
"685","로또(파발마점)","경기 시흥시 마유로 415 역전프라자105호","31","37.351974","126.740585"
"685","하이로또복권방","경기 안양시 동안구 관악대로339번길 7,(관양동)","31","37.404186","126.96016"
"685","로또휴게실","경기 용인시 기흥구 용구대로 1885","31","37.256386","127.10432"
"685","진성식품","충북 제천시 의병대로 84 1층","33","37.136086","128.20995"
"685","상우상사","경남 통영시 광도면 죽림리 1580-42번지 1층 CU편의점 內","38","34.877377","128.42078"
"686","복권천국","서울 서초구 서초대로 97 1층","11","37.48771","126.99283"
"686","복권명당율하점","대구 동구 율하동로23길 37","22","35.87035","128.69803"
"686","한국인세계대박복권","인천 연수구 한나루로197번길 34","23","37.42769","126.65522"
"686","로또복권","경기 광명시 하안동 260-2번지 8단지종합상가공유지","31","37.45889","126.88217"
"686","복권백화점","경기 여주시 세종로 41 1층","31","37.294037","127.63629"
"686","로또휴게실","경기 용인시 기흥구 용구대로 1885","31","37.256386","127.10432"
"686","베스트올수성점","전북 정읍시 수성2로 28","35","35.58169","126.854416"
"686","복권전문점선산","경북 구미시 선산읍 완전리 11-3 세븐일레븐 편의점","37","36.241978","128.30127"
"687","CU(망우점)","서울 중랑구 망우동 470-10번지","11","37.598965","127.0976"
"687","갈렙분식한식","서울 중랑구 용마산로115길 92","11","37.59823","127.09528"
"687","부일카서비스","부산 동구 자성로133번길 35","21","35.140015","129.06306"
"687","노다지복권방","인천 부평구 십정동 186-353번지 1층","23","37.483994","126.70731"
"687","오복슈퍼","경기 성남시 중원구 금광동 2880번지","31","37.450253","127.165855"
"687","주택복권방","경기 용인시 수지구 풍덕천로 144-1 103호","31","37.323883","127.09745"
"688","재벌 로터리","부산 중구 구덕로 1 재벌마트","21","35.097614","129.03546"
"688","가정슈퍼","인천 미추홀구 숙골로43번길 158-19","23","37.46708","126.657074"
"688","아리러브마트복권방","울산 중구 유곡로 19-1","26","35.55638","129.30725"
"688","로또명당구래점","경기 김포시 구래동 6683-16번지 경서프라자 106호 CU김포구래점","31","37.64419","126.627335"
"688","로또방","경기 성남시 분당구 야탑로139번길 6-14  B02호","31","37.40982","127.13512"
"688","로또통신","경기 안성시 장기로 36","31","37.00587","127.26738"
"688","GS25(이천현대점)","경기 이천시 대월면 대흥리 1-6번지","31","37.249588","127.47492"
"688","일확천금로또판매점","충남 보령시 죽정동 691 다육농원(꽃가게)옆 점포","34","36.358685","126.604195"
"688","태안로또복권방","충남 태안군 독샘로 57","34","36.75318","126.29935"
"689","왕대박복권방","부산 사하구 다대동 958-15번지 친철슈퍼","21","35.066494","128.98042"
"689","좋은이웃들","경기 군포시 산본천로199번길 42-4","31","37.371876","126.93826"
"689","복권전문점","경기 시흥시 정왕동 1625-6번지 105호 훼미리마트내","31","37.337143","126.74829"
"689","홍천대명로또","강원 홍천군 서면 굴업리 361-7 1층 (with-me편의점)","32","37.693012","127.89306"
"689","동남슈퍼","전북 부안군 번영로 173","35","35.727222","126.73916"
"689","제일복권","전북 전주시 완산구 홍산1길 7","35","35.814102","127.10863"
"689","구산복권방","경남 김해시 구산동 481-3번지 보보스빌딩108호","38","35.25086","128.87222"
"690","복권나라","서울 관악구 남부순환로 1739-9","11","37.482788","126.943474"
"690","신나라복권나라","서울 동대문구 이문로 201","11","37.604477","127.061775"
"690","GS25 동작양지","서울 동작구 상도동 365-1번지","11","37.50203","126.94469"
"690","로또판매점(바이더웨이)","부산 금정구 구서동 415-2번지 세븐일레븐내","21","35.246536","129.09087"
"690","씨스페이스(범어사역점)","부산 금정구 남산동 21-4번지","21","35.27165","129.09244"
"690","행운 마트","인천 중구 운중로 39-2 1층 1호","23","37.493896","126.53794"
"690","로또25","울산 남구 삼산동 1543-1번지","26","35.5436","129.3422"
"690","팡팡사동복권방","경기 안산시 상록구 석호로 170 1층","31","37.296867","126.85053"
"690","엑스트라","경기 안성시 인지동(안성2동) 419-2 1층 엑스트라비디오","31","37.00457","127.26838"
"690","행운복권방","경기 양평군 용문로 358-1 1층","31","37.484356","127.59362"
"690","팡팡복권방","충북 진천군 상산로 71","33","36.854687","127.44187"
"690","부자복권방","전북 군산시 구시장로 4","35","35.980473","126.72023"
"690","대광복권방","전남 화순군 칠충로 55 대광로제비앙 대광그린상가동 1층109호","36","35.05548","126.97712"
"690","행운의집제1호점","경북 안동시 영가로 24","37","36.56516","128.7333"
"690","CU(마산합성점)","경남 창원시 마산회원구 합성동 316-37번지","38","35.228886","128.58452"
"691","신규판매점","서울 광진구 자양4동 829번지 현대종합상가114호","11","37.53316","127.06724"
"691","욱일슈퍼","인천 부평구 경인로 1144","23","37.484604","126.746704"
"691","하나로슈퍼복권방","경기 성남시 분당구 정자로 78 104호 (정자동, 영동프라자)","31","37.36312","127.11351"
"691","버스표가판점","경기 안양시 동안구 동안로 125-2 범계역4-1출구앞 버스표가판점","31","37.389736","126.95106"
"691","굿타임24아산석정점(구드림통신)","충남 아산시 충무로 230","34","36.8013","127.00762"
"691","행복을주는집","충남 예산군 예덕로 13","34","36.705246","126.66933"
"692","하이퍼","서울 영등포구 당산동4가 32-58번지","11","37.529243","126.89868"
"692","로또판매점(바이더웨이)","부산 금정구 구서동 415-2번지 세븐일레븐내","21","35.246536","129.09087"
"692","복권나라","인천 서구 완정로65번길 10 검단1차대주피오레아파트 검단2지구59블럭검단1차피오레아파트상가B동제비107호","23","37.59642","126.66594"
"692","로또행운방","전북 전주시 완산구 효자동3가 1458-3번지","35","35.834377","127.100494"
"692","CU(구미원평점)","경북 구미시 원평동 1049번지","37","36.12575","128.3447"
"692","영남통상","경북 성주군 성주읍 성주로 3228,(경산리)","37","35.91804","128.28683"
"692","해피복권","경남 창원시 마산합포구 가포로 98  1층 CU편의점 내","38","35.175564","128.5623"
"693","천하명당복권방독산점","서울 금천구 독산로85길 16","11","37.472534","126.90221"
"693","삼육구마트","서울 양천구 목동중앙서로 43 1층","11","37.53738","126.86832"
"693","심봤다복권나라","대구 북구 노원로 128","22","35.8964","128.57538"
"693","세이브슈퍼","대구 수성구 달구벌대로 2467","22","35.85927","128.63261"
"693","GS25(대전원내점)","대전 유성구 원내동 343-11번지","25","36.29803","127.319984"
"693","행운복권방","경기 광주시 양벌로 329","24","37.369953","127.246414"
"693","버스표가판점","경기 안양시 동안구 흥안대로  498-2","31","37.398514","126.97752"
"693","행운복권방","경기 의정부시 충의로 55","31","37.73674","127.08712"
"693","로또편의점","전남 강진군 보은로 115","36","34.63695","126.77138"
"693","베스트원","전남 영광군 신남로 209-1 1층","36","35.276035","126.5051"
"694","코리아마트(비산점)","대구 서구 비산동 368-2번지","22","35.872482","128.5687"
"694","풍향동복권나라","광주 북구 필문대로 79","24","35.162693","126.92831"
"694","주몽동명","경기 용인시 수지구 포은대로 319 중앙빌딩 104호","31","37.315742","127.08753"
"694","행운복권방","경기 포천시 솔모루로 86-1","31","37.8288","127.14748"
"694","행운로또","경기 하남시 미사강변중앙로 164 101호","31","37.561512","127.19113"
"694","명성복권방","경기 화성시 경기대로 1043","31","37.208466","127.0343"
"694","부자복권방","전북 군산시 구시장로 4","35","35.980473","126.72023"
"694","복권천국","전남 목포시 비파로 29 복권천국","36","34.801384","126.42771"
"694","행복나라","경남 창원시 성산구 중앙동 97-6번지 캔버라타운1층103호 위드미 내","38","35.22122","128.67685"
"694","씨유제주구남중앙점","제주 제주시 구남동2길 27","39","33.489044","126.53533"
"695","행복나눔복권방","서울 강서구 가양동 155-8번지","11","37.56886","126.84109"
"695","충무로또","부산 서구 구덕로 115-2","21","35.096386","129.02332"
"695","복권명당(영남점)","대구 달서구 월배로 122,(진천동)","22","35.814716","128.52782"
"695","토큰박스","대구 동구 해동로 49 1층  CU편의점","22","35.8937","128.63759"
"695","버스매표소","인천 부평구 부평대로 3 가판","23","37.49181","126.722725"
"695","포시즌마전점","인천 서구 완정로10번길 6-6 검단2지구37블록1롯트","23","37.59451","126.67347"
"695","1등복권방","울산 울주군 동문길 84","26","35.564198","129.1246"
"695","복권나라","경기 안산시 단원구 원본로 38,(원곡동)","31","37.329906","126.79361"
"695","영일종합장식","경기 안산시 단원구 고잔로 112 신광프라자102호","31","37.318695","126.83853"
"695","로또휴게실","경기 용인시 기흥구 용구대로 1885","31","37.256386","127.10432"
"695","HX복권방","경기 이천시 부발읍 아미리 726-9 현대시티플라자106호","31","37.25275","127.48955"
"696","씨스페이스(숭인2점)","서울 종로구 숭인동(숭인제2동) 178-89","11","37.574642","127.01979"
"696","사거리슈퍼","부산 사상구 감전동 118-8번지 세븐일레븐편의점","21","35.15563","128.99068"
"696","세진전자통신","대구 서구 서대구로 156","22","35.8719","128.5552"
"696","우리상회","인천 동구 송림동 31-16번지","23","37.47762","126.64983"
"696","소요산복권판매점","경기 동두천시 평화로2922번길 2","31","37.94722","127.06189"
"696","대박복권방","경기 양주시 가래비길 33","31","37.82246","126.986694"
"696","둔포로또판매점","충남 아산시 충무로 1810 둔포로또판매점","34","36.930553","127.038376"
"696","로또천안성남점","충남 천안시 동남구 신사대화로 148","34","36.742165","127.23655"
"696","미래유통","전남 목포시 영산로 623","36","34.82103","126.42085"
"696","외동복권","경남 김해시 동남로49번길 83 GS25 김해대동점","38","35.236355","128.98598"
"697","다모아복권","서울 구로구 경인로19길 4","11","37.495926","126.84278"
"697","다모아복권","서울 구로구 경인로19길 4","11","37.495926","126.84278"
"697","조은복권방","울산 남구 수암로 124","26","35.527668","129.32079"
"697","복권방","울산 동구 일산동 462-23번지","26","35.50411","129.42747"
"697","샘복권방","울산 울주군 천상중앙길 69","26","35.56302","129.22873"
"697","쌍굴다리슈퍼","경기 부천시 부천로 173 1층 일부","31","37.500458","126.786064"
"697","명진슈퍼","경기 의왕시 효행로 15","31","37.34923","126.974396"
"697","행복충전소","경기 평택시 탄현로 332-2","31","37.0818","127.05637"
"697","봉의산마트","강원 춘천시 춘천로 326 1층","32","37.88261","127.74867"
"697","로또명당","충남 천안시 동남구 천안대로 103 5호","34","36.759037","127.171036"
"698","새로나슈퍼","서울 강서구 강서로5나길 10","11","37.52875","126.84772"
"698","로또방","서울 성동구 하왕십리동 946-43번지 훼미리마트내","11","37.564026","127.029434"
"698","코리아마트","대구 달서구 당산로 193","22","35.85376","128.54796"
"698","한솔사","인천 미추홀구 경인로 384 1층 1호","23","37.45807","126.68257"
"698","로또삼각점","광주 북구 삼각동 755-16","24","35.19388","126.90089"
"698","대박찬스","광주 북구 서하로 196,(오치동)","24","35.18705","126.901886"
"698","역곡역전로또","경기 부천시 경인로 506 가판대","31","37.4839","126.811646"
"698","농산물직판장","전북 군산시 백토로 128,(나운동, 현대3차아파트)","35","35.96753","126.70487"
"699","로또사랑점","서울 강남구 역삼동 706-20번지 한화진넥스빌제1층106호","11","37.501945","127.04422"
"699","교통카드충전","서울 서초구 서초대로77길 3","11","37.497936","127.02651"
"699","구포라인점","부산 북구 구포동 700-148번지","21","35.202557","129.00429"
"699","풍인식품","인천 남동구 남동대로934번길 13 2호","23","37.465904","126.70883"
"699","복권전문점","인천 부평구 원적로 437","23","37.50383","126.7151"
"699","정우","경기 용인시 처인구 백옥대로 574 C동상가","31","37.18781","127.20619"
"699","건강마트","경기 하남시 신장2동 315-2번지","31","37.547123","127.211426"
"699","천하명당","충남 천안시 서북구 직산읍 수헐리 85-4 미니스탑 내","34","36.889416","127.13991"
"700","상호없음","서울 광진구 구의동 589-10번지 대림아크로리버상가102","11","37.55465","127.07817"
"700","와이케이파트너스","서울 동작구 사당동 265-29번지 1층","11","37.483833","126.97233"
"700","빛고을로또","광주 광산구 소촌로 147 세븐일레븐","24","35.15734","126.79186"
"700","주택복권방","경기 안양시 만안구 수리산로 53,(안양동)","31","37.389378","126.93165"
"700","평택포승점로또","경기 평택시 여술로 24 CU편의점 내","31","36.988068","126.84539"
"700","왕대박복권전문점","강원 동해시 중앙로 234 이주민상가1층18호","32","37.52171","129.115"
"700","서울로또방","충북 옥천군 삼금로 8","33","36.29949","127.56668"
"700","로또판매점","충북 음성군 신내로 443 1층","33","36.966633","127.49071"
"701","CU(타워팰리스점)","서울 강남구 언주로30길 56","11","37.488213","127.05441"
"701","로또복권방","서울 강남구 강남대로122길 50 상명빌딩 103호","11","37.508858","127.027054"
"701","복권나라","서울 관악구 남부순환로 1739-9","11","37.482788","126.943474"
"701","중구-가로가판대-37","서울 중구 남대문로 20-2,(남대문로3가)","11","37.56083","126.97805"
"701","왕대박","부산 동래구 여고로113번길 59-4","21","35.201073","129.0741"
"701","대박로또","대구 북구 고성북로 3 고성아파트상가101동18호","22","35.88018","128.58212"
"701","용두천하","광주 북구 하서로 373","24","35.20835","126.87351"
"701","행운로또복권","울산 남구 무거동 852-1 CU마트 내","26","35.547806","129.26038"
"701","코리아마트","경기 광명시 안재로14번길 27","31","37.461033","126.87407"
"701","복권백화점","경기 여주시 세종로 41 1층","31","37.294037","127.63629"
"702","대박종합복권가로판매점","서울 서대문구 신촌로 75,(창천동)","11","37.55614","126.934845"
"702","CU(대림중앙점)","서울 영등포구 대림로 209 1층","11","37.499256","126.897675"
"702","CU(대림중앙점)","서울 영등포구 대림로 209 1층","11","37.499256","126.897675"
"702","CU(대림중앙점)","서울 영등포구 대림로 209 1층","11","37.499256","126.897675"
"702","CU(대림중앙점)","서울 영등포구 대림로 209 1층","11","37.499256","126.897675"
"702","CU(역촌제일점)","서울 은평구 역촌동 78-45","11","37.603203","126.91021"
"702","세븐일레븐동천점","광주 서구 동천동 600번지 세븐일레븐 동천점 내","24","35.1711","126.8682"
"702","성안편의점","경기 안산시 상록구 용신로 197 한영빌딩","31","37.303665","126.84419"
"702","버스가판점","경기 안양시 만안구 관악대로 55 진흥아파트앞 버스정류장","31","37.397255","126.930504"
"702","팡팡복권방","충북 진천군 상산로 71","33","36.854687","127.44187"
"702","낙동복권방","경남 창원시 의창구 북면 신촌리 451-6","38","35.35332","128.60927"
"703","복권나라","서울 동작구 상도로 178 최안과 1층 101호","11","37.50437","126.93872"
"703","코코주","서울 중구 장충단로 261-1 밀리오래 앞 가판","11","37.56797","127.00887"
"703","부일카서비스","부산 동구 자성로133번길 35","21","35.140015","129.06306"
"703","경북상회","부산 연제구 고분로236번길 70","21","35.181286","129.10776"
"703","다음마트","강원 춘천시 소양로2가(소양동) 175-8","32","37.888817","127.72508"
"704","장보고복권방","서울 중랑구 면목로 288","11","37.578384","127.08619"
"704","다산복권","경기 남양주시 퇴계원면 퇴계원리 74-1","31","37.65691","127.14367"
"704","광장복권판매점","경기 화성시 동탄중심상가2길 26-15 지성프라자","31","37.206593","127.074234"
"704","운수대통복권방","충남 천안시 동남구 대흥로 122 중앙시장 입구","34","36.80049","127.14926"
"705","종합가판점","서울 동대문구 왕산로40길 6 건물 앞쪽 가판점 청량리역 5번출구 앞쪽","11","37.579697","127.04497"
"705","하영","인천 서구 청라에메랄드로 65 서해그랑블 아파트 상가 102호","23","37.53106","126.6557"
"705","영화유통(1등복권방)","울산 남구 신정로 19 삼성아파트 상가 204-101","26","35.533833","129.32205"
"705","죽전열쇠 로또복권방","경기 용인시 수지구 대지로 36 신흥빌딩 신흥빌딩101","31","37.327824","127.1137"
"706","일이오마켓","서울 서초구 방배동(방배2동) 454-20","11","37.479424","126.98344"
"706","수공화원로또","서울 성동구 마장동 792번지 1층 수공화원","11","37.565346","127.042274"
"706","부일카서비스","부산 동구 자성로133번길 35","21","35.140015","129.06306"
"706","로또복권","충남 아산시 온천대로 2240 101호","34","36.77712","127.08152"
"707","예스마트","서울 강서구 화곡로42길 35","11","37.54598","126.84741"
"707","토큰판매소","서울 송파구 바람드리길 62","11","37.536663","127.12238"
"707","복권명당(동아스포츠점)","대구 수성구 지범로 91 1층","22","35.825844","128.63191"
"707","무한대박","인천 연수구 새말로 107","23","37.41867","126.68115"
"707","소망복권(cu정발산건영점)","경기 고양시 일산동구 정발산동 697","31","37.668194","126.77163"
"707","금도깨비복권전문점","경기 김포시 하성면 월하로 721","31","37.709766","126.634705"
"707","홈돌이로또복권","경기 김포시 중봉로 14 삼성홈플러스2층","31","37.623863","126.69863"
"707","복권백화점","경기 파주시 평화로 70","31","37.763588","126.76989"
"707","복권나라","충북 증평군 중앙로 199-1","33","36.783936","127.58088"
"707","굿모닝","전남 순천시 중앙로 220 굿모닝","36","34.965294","127.484985"
"707","무진장로또","제주 제주시 일도일동(일도1동) 1047-4","39","33.511913","126.53149"
"707","킴스정보","제주 제주시 용담이동(용담2동) 2681-35","39","33.50696","126.5094"
"708","꿈나라복권방","대전 대덕구 동춘당로 83 5동119호","25","36.364376","127.44023"
"708","다우복권방","경기 동두천시 중앙로 110-13 1층 104호(지행동,개림프라자)","31","37.9018","127.05275"
"708","CU(강릉터미널점)","강원 강릉시 홍제동 990-6번지","32","37.755253","128.8794"
"708","또또복권방","전북 익산시 고봉로32길 3","35","35.95982","126.971695"
"709","씨스페이스(코엑스점)","서울 강남구 삼성동 159번지 H115","11","37.512512","127.05879"
"709","선서적","서울 금천구 독산로74길 6","11","37.468636","126.9026"
"709","평안당","서울 종로구 종로 219","11","37.57123","127.00219"
"709","로또복권방","서울 중구 마른내로 21","11","37.56494","126.99025"
"709","부일카서비스","부산 동구 자성로133번길 35","21","35.140015","129.06306"
"709","슈퍼복권나라","부산 사하구 하신번영로 370","21","35.114147","128.96078"
"709","일등복권편의점","대구 달서구 대명천로 220 1층","22","35.84214","128.53621"
"709","버블샵카페 고래의꿈","광주 광산구 목련로273번길 88 운남주공아파트 상가108호","24","35.17795","126.82506"
"709","보경복권","울산 북구 명촌6길 7","26","35.558064","129.36029"
"709","대박","경기 고양시 덕양구 고양대로1369번길 7 1층","31","37.65515","126.83632"
"709","행복한사람들 (흥부네)","경기 광주시 경충대로 763","24","37.355545","127.325386"
"709","행복한사람들 (흥부네)","경기 광주시 경충대로 763","24","37.355545","127.325386"
"709","대박찬스","경기 성남시 중원구 금광동 4460번지","31","37.44687","127.15818"
"709","해피마트","경기 의왕시 부곡중앙로 3-2 의왕역로터리앞","31","37.321228","126.949326"
"710","북가좌2호점로또판매","서울 서대문구 북가좌동 329-8번지","11","37.58209","126.9091"
"710","황금어장","부산 중구 중앙대로 96 흥우빌딩1층 나들가게편의점","21","35.10627","129.03659"
"710","월드복권","대구 서구 북비산로 98","22","35.878357","128.54366"
"710","황금대박방","경기 고양시 덕양구 삼송동 30-29번지","31","37.653103","126.89347"
"710","에이스복권방","경기 동두천시 삼육사로 1005 1층","31","37.899334","127.06164"
"711","복권방 담배","서울 도봉구 도당로 91,(방학동)","11","37.66569","127.03695"
"711","운수대통가판점","서울 성동구 왕십리로 327","11","37.562363","127.03318"
"711","CU(성북장위점)","서울 성북구 정릉로38마길 29 101~104호 CU정릉센터점 내","11","37.60101","127.01579"
"711","송강로또","대전 유성구 봉산로 10","25","36.434746","127.388214"
"711","스카이25","경기 남양주시 미금로 26-2,(도농동)","31","37.607315","127.152275"
"711","건강마트","경기 하남시 신장2동 315-2번지","31","37.547123","127.211426"
"711","세종로또복권방","세종  금남면 용포리 88-17번지","29","36.463173","127.28049"
"712","가로매점","서울 강북구 도봉로 34 cgv 앞 가판","11","37.61205","127.03069"
"712","감만정보통신","부산 남구 우암로 61","21","35.116047","129.08105"
"712","대박복권방","경기 양주시 가래비길 33","31","37.82246","126.986694"
"712","복권백화점","경기 파주시 평화로 70","31","37.763588","126.76989"
"713","행운복권","서울 노원구 동일로 992 1층","11","37.61881","127.07561"
"713","제이복권방","서울 종로구 종로 225-1 평창빌딩 1층 103호","11","37.571293","127.00283"
"713","복권백화점","울산 중구 태화동 37-7번지 1층 리버스트 24hour편의점내","26","35.554863","129.30864"
"713","마리오슈퍼","경기 부천시 송내대로265번길 85 뱅뱅프라자 1층 118호","31","37.50734","126.753876"
"713","HX복권방","경기 이천시 부발읍 아미리 726-9 현대시티플라자106호","31","37.25275","127.48955"
"713","아띠로또판매점","충남 천안시 서북구 두정동 1063번지 레몬타워 110호","34","36.837246","127.13406"
"713","천하명당복권방","전북 익산시 선화로 130","35","35.94789","126.94501"
"713","로타리상회","경북 구미시 산호대로 199 상가1층4호","37","36.101402","128.38506"
"713","진영로또판매점","경남 김해시 진영읍 진영로 189-2","38","35.30304","128.73392"
"714","세븐일레븐 송파푸르지오 시티점","서울 송파구 문정동 620번지 송파푸르지오시티1층세븐일레븐","11","37.47999","127.12668"
"714","로또로또","서울 영등포구 영등포동(영등포본동) 618-496 세븐일레븐영등포역사","11","37.535877","126.89954"
"714","봄동로또","대구 수성구 지범로 252","22","35.817497","128.64503"
"714","그린마트","경기 성남시 분당구 대왕판교로 255 107호","31","37.366467","127.10083"
"714","대박마트","충남 천안시 동남구 봉서8길 13 봉명청솔아파트상가103호","34","36.81099","127.13251"
"714","조례로또복권방","전남 순천시 봉화2길 58 조례로또복권방","36","34.95842","127.51815"
"714","조례로또복권방","전남 순천시 봉화2길 58 조례로또복권방","36","34.95842","127.51815"
"715","CU(성북장위점)","서울 성북구 정릉로38마길 29 101~104호 CU정릉센터점 내","11","37.60101","127.01579"
"715","부자나라석촌점","서울 송파구 백제고분로17길 37","11","37.508816","127.085396"
"715","세븐일레븐 현풍대로점","대구 달성군 비슬로 581 세븐일레븐현풍대로점","22","35.690544","128.44447"
"715","행운로또복권","경기 수원시 팔달구 인계동 907-3","31","37.269787","127.02078"
"715","로또","경기 포천시 죽엽산로196번길 4","31","37.814644","127.16044"
"715","보은로또판매점","충북 보은군 보청대로 1892 식자재마트 앞 가판","33","36.489136","127.71749"
"716","베스토아","서울 강남구 역삼로 166 세현빌딩","11","37.494987","127.03726"
"716","행복공간","서울 강동구 풍성로 115","11","37.532127","127.12511"
"716","로또판매점","서울 관악구 관천로10길 20 1층","11","37.485016","126.92646"
"716","로또하우스","서울 양천구 목동 907-10번지 현대파리지앙107호","11","37.536663","126.87982"
"716","엑스트라(우주점)","부산 사상구 모라로110번길 121 주공아파트1단지 가상가106호","21","35.183853","128.99643"
"716","로또슈퍼","인천 부평구 경인로 1106","23","37.48543","126.74269"
"716","송내매표소","경기 부천시 송내대로 37,(송내동) 버스정류장","31","37.48689","126.75283"
"716","운수대통","경기 수원시 권선구 매실로 73","31","37.269012","126.95872"
"716","복권사랑","경기 양주시 평화로 1444,(덕계동)","31","37.81949","127.047104"
"716","GS25(천안장미점)","충남 천안시 서북구 쌍용동 1194번지","34","36.80115","127.1296"
"716","행운복권방 보생당건강원","전북 익산시 무왕로 1268","35","35.960304","126.99727"
"716","드림마트","경북 구미시 진평동 416-7번지 DC마트내","37","36.104507","128.41792"
"717","CU(옥동점)","울산 남구 옥동 591-1번지","26","35.53586","129.28812"
"717","포유25대호점","경기 오산시 대호로  104","31","37.159443","127.05442"
"717","월롱엘지복권방","경기 파주시 월롱면 덕은리 1247 105호 (파크뷰)","31","37.811913","126.75621"
"717","프림","경기 평택시 서해로 1402","31","37.0175","126.94532"
"717","행운복권","경북 구미시 야은로 763,(신평동)","37","36.123886","128.36266"
"717","나나 복권판매소","경남 양산시 상북중앙로 319 복권판매점","38","35.4122","129.05919"
"718","호미복권방","서울 관악구 인헌4길 9","11","37.474533","126.96624"
"718","가로매점","서울 구로구 구로동 604-19번지","11","37.503567","126.87976"
"718","GS25(사당남사점)","서울 동작구 사당동 1005-54번지","11","37.482853","126.98076"
"718","행운복권방","서울 성동구 성수동2가 250-64번지","11","37.53935","127.062096"
"718","미래통신","서울 성북구 장월로 118-1","11","37.616188","127.04891"
"718","하이퍼","서울 영등포구 당산동4가(당산제2동) 32-58","11","37.529243","126.89868"
"718","가판점(신문)","서울 영등포구 양평로 48","11","37.534508","126.90126"
"718","노다지복권","부산 남구 문현동 60-2번지 애플마트내","21","35.144684","129.07649"
"718","행운복권방","부산 중구 구덕로 47","21","35.09806","129.03053"
"718","복권매니아","인천 남동구 만수동 937-3번지 1층","23","37.451576","126.72854"
"718","송정마트","울산 동구 월봉4길 29","26","35.489582","129.41843"
"718","황금복권마트","경기 이천시 증신로325번길 5 1층","31","37.297546","127.438866"
"718","나눔로또 신동탄점","경기 화성시 능동 1098-8","31","37.215828","127.05615"
"718","반딧불로또","전북 무주군 무주읍 읍내리 249-4번지","35","36.007782","127.663"
"718","복권나라","전북 전주시 완산구 거마평로 60","35","35.797844","127.11708"
"718","남평로또점","전남 나주시 남평1로 12 파평회관 1층","36","35.046345","126.8391"
"718","동원복권","경남 양산시 북정중앙로 30","38","35.36137","129.04784"
"719","복권전문점","서울 강북구 솔샘로64길 43,(미아동)","11","37.61555","127.028656"
"719","장안홈타운","서울 동대문구 장안동 355-1번지","11","37.56795","127.073814"
"719","굿-7","부산 수영구 광안로 49","21","35.1553","129.1177"
"719","동광슈퍼","광주 서구 천변좌로 228","24","35.154858","126.90159"
"719","대박찬스","경기 남양주시 진접읍 장현로 111 1층1호","31","37.719795","127.18393"
"719","대운복권","경기 성남시 중원구 성남대로 1149","31","37.432377","127.12866"
"719","행복충전소","경기 평택시 탄현로 332-2","31","37.0818","127.05637"
"719","중앙로또(로손편의점내)","경북 칠곡군 북삼로 41 복권판매점","37","36.071457","128.34279"
"719","로또복권","경남 창원시 진해구 냉천로 93 그린프라자 이마트24편의점","38","35.153454","128.7071"
"720","복권파티","서울 송파구 오금로 516,(거여동)","11","37.492775","127.146126"
"720","로또로또","서울 영등포구 영등포동(영등포본동) 618-496 세븐일레븐영등포역사","11","37.535877","126.89954"
"720","가로판매점","서울 중랑구 망우로 212","11","37.593704","127.07617"
"720","돈벼락맞는곳","부산 기장군 읍내로 109","21","35.24525","129.21635"
"720","돈벼락복권방","대구 북구 동변로 82-1 1층","22","35.920517","128.60385"
"720","하나마트(하남4번로)","광주 광산구 하남산단4번로 172 로또카페","24","35.19074","126.80882"
"720","형제기획 복권시대","광주 동구 금남로 193-1 복권시대","24","35.151287","126.91412"
"720","광명나눔로또","광주 서구 동천동(동림동) 164 건축자재공구백화점 1층","24","35.151566","126.881645"
"720","태일이엔지","경기 수원시 권선구 경수대로302번길 22 상가동 107호(권선동, 권선한양아파트)","31","37.25249","127.02103"
"720","터미널식품","경기 의정부시 동일로 640,(금오동)","31","37.745457","127.05505"
"720","D-마트담배","강원 속초시 조양상가길 25 롯데마트속초점, 1층 복권판매점","32","38.190304","128.57982"
"720","민우로또","충북 청주시 서원구 장암동 326-1","33","36.59404","127.48701"
"720","로또복권두정점","충남 천안시 서북구 두정로 251 대원빌딩104호","34","36.833515","127.14499"
"720","알리바이(나주점)","전남 나주시 나주로 142 알리바이","36","35.031338","126.71719"
"721","삼정그린환경","서울 강동구 양재대로 1355 오스카상가136호","11","37.527393","127.13561"
"721","복권명당곰달래점","서울 강서구 화곡동 799-10번지","11","37.53213","126.860245"
"721","행운복권","서울 관악구 봉천동(청룡동) 1568-8","11","37.47902","126.9511"
"721","크로바","서울 종로구 종로54길 42","11","37.57039","127.01396"
"721","노다지복권방","서울 종로구 종로 333","11","37.572903","127.01451"
"721","부흥청과식품점","경북 경산시 하양읍 하양로 35 우방3차상가","37","35.90926","128.81354"
"721","CU(구평희망점)","경북 구미시 인동46길 5 cu 구평희망점","37","36.09269","128.44077"
"721","나나 복권판매소","경남 양산시 상북중앙로 319 복권판매점","38","35.4122","129.05919"
"722","월드24시","서울 은평구 통일로 855-15","11","37.61925","126.919785"
"722","광성슈퍼","경기 이천시 단월로 33","31","37.221367","127.44998"
"722","광성슈퍼","경기 이천시 단월로 33","31","37.221367","127.44998"
"722","대흥슈퍼","전북 익산시 익산대로20길 43","35","35.941715","126.95285"
"723","수서역로또명당","서울 강남구 수서동 724 벨리상가1층세븐일레븐수서역점","11","37.487316","127.10312"
"723","스파","서울 노원구 동일로 1493 상계주공아파트(10단지) 주공10단지종합상가111","11","37.66166","127.05787"
"723","-","서울 서초구 반포동(반포4동) 19-4 서울고속버스터미널경부선대합식2H로또판매점","11","37.50551","127.007034"
"723","장보고복권방","서울 중랑구 면목로 288","11","37.578384","127.08619"
"723","대박천하마트","인천 부평구 굴포로 48","23","37.51157","126.72634"
"723","역전로또방","강원 영월군 영월읍 덕포리 501-4번지 1호","32","37.182358","128.47981"
"723","광포로또복권","경북 울진군 죽변북로 154","37","37.06768","129.41031"
"723","광포로또복권","경북 울진군 죽변북로 154","37","37.06768","129.41031"
"724","토큰판매점","서울 강북구 도봉로 45 가판","11","37.61315","127.02949"
"724","진텔레콤","서울 구로구 구로중앙로 216-1 1층","11","37.505302","126.877335"
"724","행복슈퍼","서울 성북구 동소문로 49","11","37.591003","127.01112"
"724","캐논종합","서울 용산구 청파로 101 나진10동가125호","11","37.533337","126.962296"
"724","씨유 트윈시티","경기 고양시 일산동구 위시티로 75 외1필지 풍산트윈시티1동113호","31","37.678833","126.81109"
"724","명동슈퍼","경기 광명시 디지털로 17 1동 107호(철산동, (주)티오티비 오렌지타운)","31","37.474014","126.86936"
"724","천하명당복권방","경기 수원시 팔달구 매산로 2","31","37.26661","127.00185"
"724","행운나라복권방","경기 안양시 만안구 충훈로 95","31","37.40742","126.89791"
"724","스파황금나눔로또","충남 보령시 대천방조제로 20 주2동 1~2호","34","36.34624","126.58906"
"724","원동슈퍼","충남 보령시 대천로 28","34","36.35113","126.59745"
"724","알리바이(나주점)","전남 나주시 나주로 142 알리바이","36","35.031338","126.71719"
"724","CU로또 냉림대박점","경북 상주시 냉림동 93-78번지 CU냉림주공점","37","36.422737","128.16463"
"725","드림로또","서울 은평구 진관동 72 1층 112호","11","37.638535","126.92209"
"725","복권","서울 중구 을지로 지하 58 을지입구지하도상가 92호","11","37.566036","126.98364"
"725","고향편의점복권방","대구 북구 노원로 184","22","35.89945","128.5801"
"725","복권명당","대구 북구 복현로 32-1","22","35.899063","128.58038"
"725","코사24편의점 (나들가게)","경기 고양시 일산서구 일산로 502 후곡마을14단지 105,106호","31","37.677185","126.77169"
"725","행운Cafe","경기 김포시 김포한강1로97번길 10-14 1동 101호","31","37.64755","126.671555"
"725","로또암반수베팅샵","경기 남양주시 수레로 32","31","37.587234","127.215675"
"725","HX복권방","경기 이천시 부발읍 아미리 726-9 현대시티플라자106호","31","37.25275","127.48955"
"725","천사마트","충남 천안시 서북구 두정로 117 상가1층6호","34","36.834194","127.12997"
"725","대광복권방","전남 화순군 칠충로 55 대광로제비앙 대광그린상가동 1층109호","36","35.05548","126.97712"
"725","대도레코드사","경남 진주시 진양호로 334","38","35.182484","128.06752"
"726","복권마을","서울 강동구 풍성로 173","11","37.530457","127.13124"
"726","행운복권","서울 관악구 봉천동(청룡동) 1568-8","11","37.47902","126.9511"
"726","로또판매","서울 구로구 구로동(구로제5동) 3-25 1층 077호","11","37.50696","126.8903"
"726","나눔의 로또","서울 노원구 한글비석로 383 삼창타워플라자아파트","11","37.661465","127.07279"
"726","명당복권","서울 동대문구 왕산로 112-1 가판","11","37.577915","127.035774"
"726","원스탑","서울 송파구 백제고분로7길 39","11","37.510902","127.08321"
"726","코리아마트(비산점)","대구 서구 비산동 368-2번지","22","35.872482","128.5687"
"726","로또명당","인천 미추홀구 문학길 4 편의점내","23","37.43852","126.681046"
"726","25운수점","광주 광산구 어등대로 581-1 1층 운수대통","24","35.15126","126.786285"
"726","썬마트","충북 청주시 흥덕구 진재로23번길 25","33","36.632607","127.42811"
"726","로또복권방","충남 서산시 고운로 164 미림화랑 옆 1층 상가","34","36.783356","126.45343"
"726","광시당","경북 영주시 원당로 121","37","36.82263","128.62712"
"726","로또명당(왜관IC)","경북 칠곡군 중앙로 95 1층 커피&로또명당","37","35.983677","128.39816"
"726","신우운동구","경남 사천시 사천읍 읍내로 20-1","38","35.08378","128.08789"
"727","럭키복권방","서울 도봉구 노해로63길 79 우림빌딩106","11","37.653114","127.04623"
"727","경성식품","서울 동대문구 망우로21길 52","11","37.590435","127.06028"
"727","행운복권방","부산 서구 충무동1가 28-19번지","21","35.09553","129.02344"
"727","로또(복권방)","인천 서구 신석로77번길 38","23","37.513268","126.67086"
"727","영웅기획","광주 남구 독립로 77","24","35.140537","126.90203"
"727","초월대박복권방","경기 광주시 경충대로 1252","24","37.386677","127.28821"
"727","복권방","경기 군포시 당동로 8","31","37.35095","126.943695"
"727","풍전슈퍼","경기 부천시 조마루로 428,(원미동)","31","37.49708","126.79113"
"727","아성슈퍼","경기 부천시 부흥로 202","31","37.495853","126.764984"
"727","드림","경기 수원시 권선구 정조로 615","31","37.263794","127.01421"
"727","GS25(안산산호점)","경기 안산시 단원구 선부동 1081번지 산호한양상가101호","31","37.336678","126.81326"
"727","서해로또방","경기 화성시 화성로 1471","31","37.223217","126.84257"
"727","뉴팡팡복권","전북 전주시 덕진구 쪽구름로 117","35","35.873688","127.07243"
"727","영화복권","경남 창원시 진해구 안청남로 14","38","35.10107","128.8045"
"728","서재강변로또","대구 달성군 다사읍 서재로 172,(서재리)","22","35.878708","128.49748"
"728","대박천하마트","인천 부평구 굴포로 48","23","37.51157","126.72634"
"728","프리웨이스토어","경기 광주시 회안대로 605 1층","24","37.40682","127.237946"
"728","매표소","경기 부천시 원미구 도당동 255-2번지 도로부지","31","37.508667","126.78507"
"728","왕대박천하명당","충남 천안시 동남구 광풍로 1767 1층 다호","34","36.77657","127.14302"
"729","셀프카메라","부산 부산진구 가야대로443번길 30","21","35.154446","129.02167"
"729","로또하는날","부산 연제구 연산동 590-38번지 원플러스25점포 내","21","35.185684","129.08319"
"729","진도로또","전남 진도군 진도읍 동외리 1151-2 진도로또","36","34.481274","126.269325"
"729","씨유월영마을점","경남 창원시 마산합포구 월영남로 21,(해운동)","38","35.17691","128.55867"
"730","새로나문구","서울 양천구 신정동 294-58번지","11","37.518898","126.87131"
"730","부일카서비스","부산 동구 자성로133번길 35","21","35.140015","129.06306"
"730","으뜸우리들복권방","울산 남구 울밀로 2907","26","35.555","129.26576"
"730","복권방","경기 안양시 동안구 부림로 194","31","37.400047","126.96133"
"730","행운복권방","강원 인제군 북면 금강로 23 1층","32","38.122444","128.2068"
"730","복권나라","강원 정선군 정선로 1333-1 복권방","32","37.379654","128.66212"
"730","미래유통","전남 목포시 영산로 623","36","34.82103","126.42085"
"730","한솔","제주 제주시 아라일동 6139","39","33.47142","126.546005"
"731","묵동식품","서울 중랑구 동일로 919","11","37.612457","127.07704"
"731","복권백화점(대백.한라앞)","대구 달서구 달구벌대로 1223","22","35.852062","128.50122"
"731","복권닷컴","강원 양양군 양양로 62","32","38.075512","128.62233"
"731","로또판매점","충북 음성군 신내로 443 1층","33","36.966633","127.49071"
"731","누가마트","전북 군산시 백릉로 64","35","35.975273","126.7328"
"731","노다지복권방거창점","경남 거창군 중앙로 108-1","38","35.68605","127.91028"
"731","GS25(양산혜인점)","경남 양산시 평산동 31-5번지","38","35.384815","129.15508"
"732","행운마트","서울 구로구 개봉동(개봉제3동) 359-40","11","37.486473","126.85501"
"732","찬스센터","인천 남동구 남동대로370번길 114 동보아파트상가 상가동 1층 101호","23","37.41274","126.71224"
"732","한일로또나라","경기 수원시 장안구 경수대로 930 삼성홈플러스 북수원홈플러스內","31","37.302715","127.00877"
"732","복권명당천안터미널점","충남 천안시 동남구 만남로 43 emart24 편의점 내","34","36.819386","127.154274"
"732","카카오복권방","전북 익산시 금마4길 5-5","35","35.991646","127.052986"
"732","포시즌마트","전남 순천시 장천3길 10 포시즌마트","36","34.947544","127.490486"
"732","대동복권방","경남 김해시 월산로 112-57 월산마을5단지두산위브아파트상가 이마트편의점 좌측 복권판매점","38","35.206844","128.80473"
"733","돈벼락맞는곳","부산 해운대구 양운로 55 두산위브센티움상가102호","21","35.168194","129.17624"
"733","일등복권편의점","대구 달서구 대명천로 220 1층","22","35.84214","128.53621"
"733","하늘과바다","인천 부평구 부개동 67-9번지","23","37.49801","126.7352"
"733","광장복권판매점","경기 화성시 동탄중심상가2길 26-15 지성프라자","31","37.206593","127.074234"
"734","스파","서울 노원구 동일로 1493 상계주공아파트(10단지) 주공10단지종합상가111","11","37.66166","127.05787"
"734","가로판매점","서울 은평구 대조동 185-5번지","11","37.618237","126.92146"
"734","로또(파발마점)","경기 시흥시 마유로 415 역전프라자105호","31","37.351974","126.740585"
"734","복권나라","전북 군산시 번영로 891","35","35.94672","126.81039"
"734","팡팡복권마트.잡화슈퍼","전북 전주시 덕진구 가리내로 26","35","35.834366","127.13327"
"734","복권명당","경북 경주시 동문로 46","37","35.848606","129.2142"
"734","로또복권역전점","경북 경주시 금성로259번길 38 1층 CU 노서점 내","37","35.841015","129.20303"
"734","로또행운마트","경남 김해시 능동로 177 복권판매점","38","35.203793","128.81001"
"734","GS25(창원코아점)","경남 창원시 성산구 중앙동 84-1번지","38","35.226273","128.67802"
"735","토큰판매소","대구 동구 아양로 200","22","35.885696","128.6349"
"735","로또명당","인천 미추홀구 문학길 4 편의점내","23","37.43852","126.681046"
"735","L마트","인천 서구 승학로 528 아카데미프라자 아카데미프라자107호","23","37.565594","126.678185"
"735","대박복권전문점","광주 서구 금화로115번길 9 한국APT 2차상가 106호","24","35.133663","126.860535"
"735","씨유 대전원내점","대전 유성구 원내로 35","25","36.300095","127.31983"
"735","우리들동부점","울산 동구 동해안로 27","26","35.541866","129.42636"
"735","로또명당가두판매점","경기 안양시 동안구 경수대로 848-2 동안구가로판매대2005-00065","31","37.393017","126.94313"
"735","열두보석복권방","경기 용인시 기흥구 구갈로 74 구갈스포츠센타 구갈스포츠센터106호","31","37.281136","127.11181"
"735","현대슈퍼","강원 강릉시 입암로 157 103호","32","37.759712","128.91841"
"735","다원마트","경북 김천시 영남대로 1953","37","36.11925","128.1436"
"736","로또복권","서울 구로구 구로중앙로24길 22-2 지1층","11","37.497204","126.88868"
"736","로또방","서울 영등포구 영중로 12 에쉐르아이 시네마 쇼핑몰","11","37.517628","126.90648"
"736","내촌복권","경기 포천시 내촌로 58-1","31","37.78531","127.22705"
"736","행운복권방","경기 포천시 솔모루로 86-1","31","37.8288","127.14748"
"736","용원로또방","경남 창원시 진해구 용원로7번길 18 용원엘룩스상가 113호","38","35.101913","128.81096"
"737","로또송현","대구 달서구 송현동 1930-35번지 썬빌리지편의점 내","22","35.829865","128.5504"
"737","장미유통","인천 계양구 아나지로 394","23","37.525383","126.73586"
"737","LG25복권명당","경북 안동시 삼산동 53-1번지","37","36.565193","128.7171"
"737","대복로또","경남 양산시 청운로 46-1 복권판매점","38","35.307915","128.99242"
"738","버스판매소","서울 영등포구 영중로 2 1층(영등포동3가)","11","37.516743","126.906746"
"738","현리행운복권방","경기 가평군 조종희망로 14 1층","31","37.818184","127.35024"
"738","풍무복권방","경기 김포시 풍무로 73","31","37.60208","126.721214"
"738","돼지방","경기 성남시 중원구 상대원동 1964번지","31","37.433643","127.16063"
"738","드림","경기 수원시 권선구 정조로 615","31","37.263794","127.01421"
"738","114로또복권판매점","경기 수원시 영통구 태장로54번길 66 1층 104호","31","37.236088","127.051704"
"738","파란만장복권방","경기 화성시 진안동 878-4 101호","31","37.21241","127.038826"
"738","복권나라","충북 청주시 청원구 율봉로176번길 8-2","33","36.668503","127.488235"
"738","충주복권명당","충북 충주시 예성로 23,(호암동)","33","36.961075","127.92912"
"738","시영마트","전북 익산시 부송로 52","35","35.956783","126.99182"
"738","로또복권하대점","경남 진주시 도동로 188","38","35.18703","128.12248"
"739","길동방","서울 강동구 진황도로49길 16 3호","11","37.53437","127.14083"
"739","로또생삼겹","인천 남동구 논고개로 77","23","37.39841","126.726234"
"739","복권백화점","경기 파주시 평화로 70","31","37.763588","126.76989"
"739","의림유통","강원 원주시 치악로 2335 1층","32","37.38372","127.97537"
"740","행운로또","서울 강동구 길동 125-5","11","37.537727","127.14621"
"740","가판14호","서울 중구 퇴계로 37","11","37.557816","126.97671"
"740","GS25 뉴강서역점","부산 강서구 대저로 275 1층","21","35.212795","128.98227"
"740","슈퍼복권나라수정점","부산 동구 고관로 95,(수정동)","21","35.127537","129.04518"
"740","나도대박","부산 사상구 덕포동 421-6번지 CU편의점","21","35.17224","128.98312"
"740","로또복권방","인천 부평구 광장로 16 부평민자역사 지하 2층 223호","23","37.489662","126.722664"
"740","장군슈퍼","인천 연수구 청량로 104","23","37.41734","126.65594"
"740","금집복권","광주 북구 첨단연신로108번길 134","24","35.2088","126.86471"
"740","베스트로또(수원탑동)","경기 수원시 권선구 탑동(서둔동) 749-1","31","37.274883","126.973366"
"740","샘내로또판매","경기 양주시 산북동 333-13번지","31","37.805496","127.045364"
"740","대박","경기 여주시 창동(중앙동) 181-7 CU 여주대로점","31","37.22399","127.55877"
"740","로또복권판매점","경기 의정부시 용현로 144 태원프라자103","31","37.740723","127.0918"
"740","복권백화점","경기 파주시 평화로 70","31","37.763588","126.76989"
"740","로또명당인주점","충남 아산시 서해로 519-2","34","36.87784","126.89828"
"740","천안역로또토토복권방","충남 천안시 동남구 대흥로 237 아시아마트내","34","36.809166","127.14774"
"740","영유통(로또복권)","전북 군산시 미룡로 45","35","35.944042","126.68995"
"740","GS25(경산사동점)","경북 경산시 삼풍동 509-4번지","37","35.821297","128.75475"
"740","GS25(진해제일점)","경남 창원시 진해구 화천동 19-2번지","38","35.152073","128.6598"
"741","흥부네복권","인천 부평구 부흥로243번길 7 대우아파트상가102호","23","37.499496","126.71825"
"741","시네월드일곡점","광주 북구 설죽로 514","24","35.205006","126.89824"
"741","대박","경기 구리시 안골로103번길 46","31","37.599422","127.14154"
"741","로또명당구래점","경기 김포시 구래동 6883-16 경서프라자 106호 CU김포구래점","31","37.64419","126.627335"
"741","죽향복권방","전남 담양군 죽녹원로 33","36","35.317688","126.98519"
"741","행운마트","경남 통영시 죽림4로 18","38","34.885555","128.41646"
"742","천하명당복권방","서울 광진구 능동로 413","11","37.565952","127.08408"
"742","-","서울 서초구 신반포로 194 강남고속버스터미널 코너1호점 (하차장로또)","11","37.50551","127.007034"
"742","묵동식품","서울 중랑구 동일로 919","11","37.612457","127.07704"
"742","하프타임(괴정점)","부산 사하구 승학로284번길 42","21","35.102444","128.9978"
"742","세진전자통신","대구 서구 서대구로 156","22","35.8719","128.5552"
"742","도안스마트공인중개사사무소","대전 유성구 원신흥남로 13","25","36.333645","127.33791"
"742","그린로또","대전 중구 대흥로 94","25","36.322495","127.42251"
"742","베스토아","경기 성남시 분당구 내정로166번길 43 104호(수내동, 금산프라자빌딩)","31","37.37034","127.12261"
"742","인덕원가판점","경기 안양시 동안구 관악대로 478","31","37.402664","126.97511"
"742","금도끼 은도끼","경기 양주시 부흥로 1830","31","37.788265","127.07031"
"742","서정천하명당","경기 평택시 송탄로 160","31","37.058094","127.05932"
"742","준","경기 평택시 서동대로 1152","31","36.982677","126.882225"
"742","로또다 로또","충북 청주시 청원구 2산단1로 14 편의점","33","36.731724","127.45047"
"742","복권명당","충남 공주시 번영1로 41","34","36.471832","127.13313"
"742","대박행운복권방","충남 아산시 온천대로 104 서해안 휴게소내 편의점","34","36.746223","126.86672"
"742","천하명당복권방","제주 제주시 중앙로 129","39","33.507114","126.52496"
"743","-","서울 금천구 남부순환로 1390 전영수내과의원 가판","11","37.479816","126.90518"
"743","정원복권방","서울 도봉구 도봉로 468 흥일빌딩 1층 101-3호","11","37.64732","127.03438"
"743","평안당","서울 종로구 종로 219","11","37.57123","127.00219"
"743","셀프카메라","부산 부산진구 가야대로443번길 30","21","35.154446","129.02167"
"743","빅세일복권방","부산 부산진구 서면문화로 6","21","35.158302","129.05809"
"743","행운가득복권","경기 화성시 반월동 460 1층 101호","31","37.2468","127.04147"
"743","왕대박복권","강원 속초시 번영로 142 1층, 102호","32","38.211353","128.58932"
"744","위드미강동본점","서울 강동구 성내동 38-3번지","11","37.53613","127.125595"
"744","단골집편의점","서울 강동구 구천면로 194","11","37.540585","127.12622"
"744","부일카서비스","부산 동구 자성로133번길 35","21","35.140015","129.06306"
"744","왕대박복권게임방","대구 달서구 달서대로 713","22","35.862953","128.49113"
"744","세븐일레븐 수완점","광주 광산구 장신로 68  101호","24","35.190487","126.81769"
"744","시청슈퍼","광주 동구 무등로 309-1","24","35.162334","126.9171"
"744","천하명당복권방역전점","대전 동구 대전로 815","25","36.332386","127.43188"
"744","천하제일복권명당유성점","대전 유성구 유성대로654번길 111","25","36.350956","127.33514"
"744","노다지복권방","경기 광명시 범안로 1043 (하안동, 원촌빌딩 1층)","31","37.462326","126.878654"
"744","L-마트","경기 부천시 삼작로 22 부천테크노파크100-103","31","37.518986","126.76236"
"744","가판대","경기 부천시 부일로 293,(상동)","31","37.488617","126.762764"
"744","나눔로또 판교역점","경기 성남시 분당구 대왕판교로606번길 39 107호","31","37.396473","127.11148"
"744","가판점","경기 성남시 수정구 수정로 188","31","37.443333","127.14071"
"744","CU(안산와동점)","경기 안산시 단원구 와동 679-7","31","37.33241","126.82774"
"744","스카이편의점","경기 안양시 만안구 박달로 527","31","37.40275","126.91124"
"745","신사우리가판","서울 강남구 강남대로 620","11","37.51676","127.02005"
"745","GS25(강남나누리점)","서울 강남구 논현동(논현2동) 63-19 1층 GS25(강남나누리점)","11","37.520023","127.03336"
"745","행복한 꿈 이야기","서울 관악구 남부순환로 1626-1 1층","11","37.4842","126.93132"
"745","행복편의점","서울 구로구 구로중앙로 14","11","37.491585","126.89228"
"745","가로판매점","서울 금천구 시흥대로 480 가판","11","37.47635","126.89906"
"745","스파","서울 노원구 동일로 1493 상계주공아파트(10단지) 주공10단지종합상가111","11","37.66166","127.05787"
"745","어머화장품","서울 송파구 가락로11길 19","11","37.502045","127.10405"
"745","윈마트","서울 송파구 삼학사로16길 4 삼학사로 16길 우측 건물 1층","11","37.503494","127.09767"
"745","바른 행정사 . 공인중개사 사무소","경기 고양시 일산서구 현중로 32","31","37.693535","126.76803"
"745","영원한대박복권","경기 수원시 장안구 천천동 502-4","31","37.300148","126.97974"
"745","로그인안산자유복권","경기 안산시 단원구 화랑로 358 자유센터빌딩","31","37.320984","126.82747"
"745","GS25(안양병목점)","경기 안양시 만안구 안양동(안양4동) 782-7 신광빌딩","31","37.399616","126.91938"
"745","로또복권방","경기 안양시 만안구 경수대로 1265 103호","31","37.42011","126.90889"
"745","역전광장상회","경기 파주시 금촌1동 329-19번지","31","37.765278","126.77464"
"745","해수로또","충북 청주시 상당구 산성로 22-1","33","36.62615","127.49938"
"745","로또명당인주점","충남 아산시 서해로 519-2","34","36.87784","126.89828"
"745","안면로또점","충남 태안군 안면읍 승언리 1148번지","34","36.518147","126.34509"
"745","알짜마트왕지점","전남 순천시 왕궁길 60 중흥파크상가 309-101호","36","34.956314","127.53233"
"745","위드미 마산만복점","경남 창원시 마산회원구 합성옛길 152","38","35.238274","128.5839"
"745","소답시내버스매표소","경남 창원시 의창구 의안로2번길 17 가판","38","35.261776","128.62564"
"746","신문가판점","서울 용산구 한강대로77길 19 남영역 앞","11","37.541813","126.97192"
"746","부일카서비스","부산 동구 자성로133번길 35","21","35.140015","129.06306"
"746","인더라인 로또","인천 부평구 경인로667번길 4 105호(십정동)","23","37.46936","126.707855"
"746","우미슈퍼","광주 서구 풍암순환로 183 우미아파트상가118동-101호","24","35.12672","126.88115"
"746","대림통상","울산 중구 신기14길 1 일신아파트 일신아파트상가102호","26","35.55233","129.29778"
"746","로데오복권방","경기 고양시 일산동구 무궁화로 40 우림보보카운티108","31","37.662975","126.76896"
"746","으뜸할인마트","경기 안양시 동안구 관악대로287번길 27 태광빌딩 27","31","37.40415","126.954414"
"746","복권왕국","충북 제천시 풍양로 108 중앙시장상가 지하145","33","37.136654","128.2113"
"746","Goodday복권전문점","경남 창원시 성산구 반송로50번길 14","38","35.239998","128.66164"
"747","잠실매점","서울 송파구 올림픽로 269 잠실역 8번출구 앞 가판","11","37.514446","127.10071"
"747","CU(구월프랜드점)","인천 남동구 구월동 1191-10번지","23","37.44723","126.7076"
"747","CU(구월프랜드점)","인천 남동구 구월동 1191-10번지","23","37.44723","126.7076"
"747","호반할인마트","광주 광산구 도산로9번길 40","24","35.127934","126.790115"
"747","나눔로또 스포츠토토(김포장기점)","경기 김포시 김포한강1로78번길 7 장기음식주차타운 1층 110호","31","37.64487","126.67066"
"747","대박","경기 안양시 동안구 관평로170번길 33","31","37.392975","126.962234"
"747","가판대","경기 안양시 만안구 안양동 456-2번지","31","37.3927","126.92598"
"747","조치원복권방","세종   조치원로 9-1","29","36.601532","127.29785"
"747","씨유(거창대동점)","경남 거창군 거창대로 93","38","35.689865","127.91475"
"748","우리식품","서울 광진구 아차산로 589","11","37.54599","127.10473"
"748","가로판매점","서울 중구 서소문로 109","11","37.563053","126.97326"
"748","로또복권방","부산 동래구 반송로 202","21","35.19889","129.0973"
"748","월롱엘지복권방","경기 파주시 월롱면 덕은리 1247 105호 (파크뷰)","31","37.811913","126.75621"
"748","시네마천국","강원 춘천시 금강로 12 1층","32","37.880795","127.713455"
"748","정관장홍삼부안점","전북 부안군 부안읍 석정로 197","35","35.72811","126.737434"
"748","알리바이(나주점)","전남 나주시 나주로 142 알리바이","36","35.031338","126.71719"
"748","나우리고현점","경남 거제시 거제중앙로 1904","38","34.88801","128.62357"
"748","GS25(양산혜인점)","경남 양산시 평산동 31-5번지","38","35.384815","129.15508"
"749","행운폰스토리","서울 강동구 천호동(천호제3동) 410-188 상가 1층","11","37.539047","127.129745"
"749","가판 창동역점","서울 도봉구 마들로11길 73 창동역문화마당앞","11","37.653225","127.04908"
"749","-","서울 서초구 서초동 1571-18번지 청화빌딩","11","37.50712","127.00982"
"749","경남슈퍼행운복권방","서울 양천구 목3동 606-13번지","11","37.54995","126.86413"
"749","씨유학장중앙점 로또판매","부산 사상구 가야대로378번길 20 제비표페인트","21","35.15033","129.01381"
"749","예스로또","부산 사하구 낙동남로 1381","21","35.106487","128.9629"
"749","복권뱅크","대구 수성구 지산동 1193-3번지","22","35.8219","128.63008"
"749","금맥을캐다","대전 중구 대둔산로 472-1","25","36.3112","127.38884"
"749","김포로또","경기 김포시 돌문로 48 한솔프라자101","31","37.619404","126.71802"
"749","애플마트","경기 평택시 포승원정길 35-5 1층 애플마트내","31","36.99481","126.840546"
"749","복권방","강원 원주시 관설동(반곡관설동) 1702-1 1층 (CU)","32","37.318775","127.965"
"749","로또명당인주점","충남 아산시 서해로 519-2","34","36.87784","126.89828"
"749","인제로또","전남 순천시 매안로 66 CU편의점내","36","34.932346","127.55535"
"750","잉크와복권","서울 강서구 가로공원로76가길 12","11","37.53307","126.83962"
"750","복권천국방","서울 마포구 동교로 92 1층","11","37.554207","126.91237"
"750","일이오마켓","서울 서초구 방배동(방배2동) 454-20","11","37.479424","126.98344"
"750","하나복권","인천 남동구 구월로 281 세븐일레븐편의점내","23","37.455925","126.72196"
"750","위드미","경기 고양시 일산동구 견달산로 249","31","37.688164","126.81944"
"750","분당점로또판매","경기 성남시 분당구 판교로 436 홍우프라자 1층 13호 일부","31","37.40513","127.12218"
"750","해적책대여점 복권방","충북 청주시 서원구 대원로 28","33","36.639973","127.479355"
"751","24시슈퍼","경기 군포시 번영로 497 금화프라자 금화프라자102호","31","37.358295","126.93227"
"751","세븐일레븐 김포학운공단점","경기 김포시 황금로110번길 2","31","37.619083","126.621124"
"751","알뜰슈퍼","경기 동두천시 평화로 2436-1 4/6","31","37.90527","127.05821"
"751","풍전슈퍼","경기 부천시 조마루로 428,(원미동)","31","37.49708","126.79113"
"751","미금헤리츠점","경기 성남시 분당구 성남대로 151 엠코헤리츠 1층110호","31","37.349277","127.10829"
"751","찬스로또복권방","경기 수원시 권선구 권선동 1032-1","31","37.258583","127.02389"
"751","로또24시편의점","경기 안산시 단원구 달미로 85 1층101호","31","37.343452","126.81495"
"751","동남슈퍼","전북 부안군 번영로 173","35","35.727222","126.73916"
"752","복권나라","서울 성동구 용답중앙15길 12-1 1층","11","37.56443","127.05383"
"752","우일","서울 송파구 마천로 235","11","37.49996","127.14397"
"752","월드24시","서울 은평구 통일로 855-15","11","37.61925","126.919785"
"752","홈돌이로또복권","인천 남동구 경원대로 971 삼성홈플러스간석점2층내","23","37.46954","126.68899"
"752","로또또","경기 김포시 봉수대로 1704 102호","31","37.62097","126.63304"
"752","승일유통","충북 청주시 흥덕구 월명로 42","33","36.63832","127.45375"
"752","현텔레콤","전북 전주시 덕진구 아중로 142","35","35.825504","127.16533"
"752","천하명당복권방","경남 거제시 옥포성안로 60","38","34.891693","128.69492"
"752","블루진 로또점","경남 거제시 거제중앙로19길 8 102호","38","34.885803","128.62367"
"753","덕성상회","서울 강서구 외발산동 424번지 강서농수산물도매시장내 1층 슈퍼","11","37.566425","126.81504"
"753","GS25(계산동경점)","인천 계양구 계산동 1076-7번지 도쿄프라자1층2호","23","37.53578","126.73629"
"753","오리엔트복권","대전 대덕구 중리남로 18","25","36.36129","127.42938"
"753","GS25(울산무거점)","울산 남구 무거동 1526-13","26","35.55063","129.26077"
"753","명지나눔로또","경기 용인시 처인구 명지로 41 에이치탑용인빌딩5 제지1층 제비111호","31","37.230343","127.18772"
"753","큐마트학동점로또","전남 여수시 학동서5길 2 큐마트내","36","34.761883","127.65653"
"754","헬스프라자","서울 관악구 관악로 184 1층","11","37.48153","126.95316"
"754","운수대통가판점","서울 성동구 왕십리로 327","11","37.562363","127.03318"
"754","CU(본리점)","대구 달서구 본리동 379-2","22","35.840603","128.5375"
"754","로또645","강원 춘천시 퇴계동 945 금호타운아파트상가 1층 8호","32","37.849625","127.73843"
"754","다사랑복권","전북 전주시 완산구 중화산로 54 1층","35","35.81506","127.11841"
"755","천하명당초량점","부산 동구 중앙대로221번길 3","21","35.116898","129.04013"
"755","세진전자통신","대구 서구 서대구로 156","22","35.8719","128.5552"
"755","인생대역전","인천 계양구 임학동 10-10번지","23","37.545486","126.7387"
"755","버스매표소","인천 부평구 부평대로 3 가판","23","37.49181","126.722725"
"755","노다지복권방","경기 용인시 처인구 금령로 130","31","37.23509","127.2105"
"755","대박상사","경기 화성시 궁평항로 1646-1 1층","31","37.161903","126.70735"
"755","아리랑마트","경남 창원시 진해구 충장로 438","38","35.149624","128.69774"
"755","GS25(노형런던점)","제주 제주시 다랑곶6길 51","39","33.491116","126.478615"
"756","가로매점","서울 종로구 종로 186 우리은행 우리은행앞 가판","11","37.570404","126.99847"
"756","부강로또","세종 부강면 부강로 34,(부강리)","29","36.529217","127.3665"
"756","버스표가판점","경기 안양시 동안구 동안로 125-2 범계역4-1출구앞 버스표가판점","31","37.389736","126.95106"
"756","가말로또","전북 남원시 도통동 498-7번지 CU","35","35.421642","127.39352"
"756","바다로또방","경남 통영시 서호동 177-358번지","38","34.840717","128.42125"
"757","다모아복권방","서울 구로구 서해안로30길 13-7 1층","11","37.4933","126.844315"
"757","행운마트","서울 노원구 중계로 96","11","37.64442","127.083305"
"757","훼미리로또","서울 동작구 신대방동(신대방제2동) 395-68 102호","11","37.49068","126.92393"
"757","복권명당","서울 동작구 국사봉길 26","11","37.498108","126.92918"
"757","교통카드판매대","서울 송파구 송파대로28길 27 송파성원쌍떼빌 공영주차장앞가판","11","37.495056","127.120415"
"757","사이버정보통신","부산 부산진구 동평로 411 백조상가동103-1호","21","35.17425","129.07022"
"757","청구마트","대구 북구 검단로 34 청구아파트상가108동102호","22","35.90048","128.6171"
"757","세진전자통신","대구 서구 서대구로 156","22","35.8719","128.5552"
"757","대박복권방","인천 서구 대평로 3","23","37.547123","126.67662"
"757","복권나라","인천 중구 제물량로 84-3","23","37.467392","126.63372"
"757","한꿈복권방","울산 중구 번영로 586","26","35.568794","129.34589"
"757","김포로또","경기 김포시 돌문로 48 한솔프라자101","31","37.619404","126.71802"
"757","전인정보통신","경기 남양주시 오남읍 진건오남로 658 외1필지1층101","31","37.69125","127.21451"
"757","-","경기 성남시 수정구 수정로 128","31","37.44143","127.13456"
"757","준","경기 평택시 서동대로 1152","31","36.982677","126.882225"
"757","복권방","경기 하남시 하남대로 795 1층6호","31","37.540417","127.20887"
"757","세븐일레븐삼척삼원점","강원 삼척시 중앙로 185 용비타워 세븐일레븐삼척삼원점","32","37.440216","129.16751"
"757","GS25(청주수곡점)","충북 청주시 서원구 수곡동 910","33","36.61605","127.47295"
"757","GS25(청주수곡점)","충북 청주시 서원구 수곡동 910","33","36.61605","127.47295"
"757","행운을주는사람들","충북 충주시 연수상가길 42 1층 복권방","33","36.987648","127.93161"
"757","바다로또방","경남 통영시 서호동 177-358번지","38","34.840717","128.42125"
"758","성보복권","서울 노원구 석계로 98-1","11","37.62335","127.06107"
"758","가판대","서울 중구 을지로4가 28번지","11","37.56677","126.99606"
"758","우리들공업탑점","울산 남구 수암로 21","26","35.532272","129.3106"
"758","로또복권","경기 평택시 평택로 59 보광당금은방","31","36.9924","127.0859"
"758","(없음)","충북 청주시 상당구 무농정로 10-1","33","36.605873","127.50429"
"758","로또","충남 홍성군 조양로 162","34","36.601036","126.66763"
"758","봉황로또","전북 임실군 운수로 6","35","35.616184","127.28901"
"758","토큰판매","경북 경산시 대학로 291 토큰박스","37","35.837166","128.75374"
"759","미래통신","서울 성북구 장월로 118-1","11","37.616188","127.04891"
"759","종합복권슈퍼","경기 시흥시 마유로 336 정일빌딩104","31","37.34572","126.73561"
"759","인제복권방","강원 인제군 비봉로 11-1","32","38.068172","128.17274"
"759","작은신부","충남 서산시 구진로 6","34","36.936096","126.43599"
"759","GS25(양산혜인점)","경남 양산시 평산동 31-5번지","38","35.384815","129.15508"
"759","바다로또방","경남 통영시 서호동 177-358번지","38","34.840717","128.42125"
"760","명당","서울 강서구 강서로18가길 4","11","37.53413","126.847046"
"760","명당마트","서울 강서구 양천로 91","11","37.573605","126.81405"
"760","삼호복권","서울 도봉구 도봉로 457","11","37.646816","127.03317"
"760","세진전자통신","대구 서구 서대구로 156","22","35.8719","128.5552"
"760","우미슈퍼","광주 서구 풍암순환로 183 우미아파트상가118동-101호","24","35.12672","126.88115"
"760","권선로또복권방","경기 수원시 권선구 탑동로 22 천림빌딩 천림빌딩102호","31","37.270844","126.97501"
"760","행운슈퍼","경기 화성시 병점3로 37 106호","31","37.20829","127.03755"
"760","예술로또","강원 영월군 중앙로 44","32","37.18335","128.46846"
"761","행운로또복권판매점","서울 구로구 고척로 123-2","11","37.502304","126.84798"
"761","산업정보고등학교앞가판점","서울 마포구 마포대로 249 아현산업정보학교 아현역3번출구앞","11","37.556522","126.95708"
"761","행운복권방","서울 은평구 연서로 258 상가102호","11","37.619785","126.92332"
"761","-","부산 북구 금곡대로 270 상가동 110호","21","35.231136","129.01552"
"761","포시즌마전점","인천 서구 완정로10번길 6-6 검단2지구37블록1롯트","23","37.59451","126.67347"
"761","대박천하","경기 의정부시 녹양로 65,(녹양동)","31","37.7571","127.03316"
"761","제일대박복권","전북 전주시 완산구 쑥고개로 389 101호","35","35.804455","127.10735"
"762","로또판매점","서울 노원구 상계로 309-1 cu","11","37.67087","127.07999"
"762","치즈마트","서울 송파구 양재대로 932 가락동농수산물도매시장 가락몰 2관 1층 2-1호","11","37.493473","127.11148"
"762","신세계슈퍼","서울 영등포구 대림로 191","11","37.49777","126.89829"
"762","탑플러스","인천 서구 청마로19번길 9 103호","23","37.59243","126.67142"
"762","O.K마트","대전 중구 은행동 53-27번지","25","36.328426","127.428566"
"762","대박로또편의점","경기 과천시 별양상가2로 20 새서울프라자 1호","31","37.42682","126.99254"
"762","세류보석복권방","경기 수원시 권선구 세지로 30","31","37.254864","127.01586"
"762","은행복권방","경기 시흥시 대은로104번길 1 우남상가2동101호","31","37.445133","126.80047"
"762","로또명당","경기 평택시 동부대로 12 1호","31","37.105522","127.08245"
"762","로또편의점","전북 전주시 덕진구 아중로 173","35","35.827095","127.1683"
"763","GS25(동묘역점)","서울 종로구 종로 344","11","37.572796","127.01605"
"763","뉴빅마트","부산 기장군 정관중앙로 48 106호","21","35.321114","129.17929"
"763","서울복권방","경기 동두천시 어수로 116","31","37.90173","127.05534"
"763","주택복권방","경기 용인시 수지구 풍덕천로 144-1 103호","31","37.323883","127.09745"
"763","강릉성산점","강원 강릉시 구산길 58 1층 복권판매점","32","37.715824","128.8306"
"763","로또복권","충북 청주시 상당구 중고개로 344 103호","33","36.630768","127.50273"
"763","대박마트","충남 천안시 동남구 봉서8길 13 봉명청솔아파트상가103호","34","36.81099","127.13251"
"763","코사마트크로바점","전북 전주시 덕진구 매봉로 26,(금암동)","35","35.840446","127.14152"
"764","로또복권","서울 광진구 긴고랑로 38","11","37.562798","127.08021"
"764","현대사","경기 성남시 분당구 미금일로 77 구미제2조합상가 102호","31","37.3456","127.111084"
"764","승일유통","충북 청주시 흥덕구 월명로 42","33","36.63832","127.45375"
"764","복권세상","전남 목포시 청호로 139 1층 복권세상","36","34.8039","126.37585"
"764","홈런복권방","경북 영덕군 영덕읍 남석길 57,(남석리)","37","36.409187","129.3682"
"764","잉크풀","경남 창원시 진해구 진해대로776번길 15 501동 102호","38","35.157036","128.699"
"764","1등로또","제주 서귀포시 남원읍 남원리 105 CU 남제주점 내","39","33.279125","126.71842"
"765","버스카드판매대","서울 관악구 신림로 145-2","11","37.47187","126.93328"
"765","노다지복권방","서울 성동구 연무장7길 5 1층 1호","11","37.543236","127.05435"
"765","세종장식","서울 양천구 오목로 204","11","37.52534","126.860054"
"765","중앙토탈대리점","부산 금정구 금강로565번길 16 복권판매점","21","35.25818","129.08672"
"765","서면문화로또","부산 부산진구 신천대로65번길 59","21","35.147545","129.0582"
"765","용현시장로또복권","인천 남구 용현동 459-30번지","23","37.45719","126.65"
"765","현대할인마트","경기 이천시 경충대로 3142","31","37.306847","127.403114"
"765","맨유편의점","충북 청주시 흥덕구 덕암로30번길 31 두진메인빌 상가 105호","33","36.652126","127.45791"
"765","대박복권","충남 논산시 계백로 976","34","36.20192","127.086044"
"765","로또복권역전점","경북 경주시 금성로259번길 38 1층 CU 노서점 내","37","35.841015","129.20303"
"765","로또복권역전점","경북 경주시 금성로259번길 38 1층 CU 노서점 내","37","35.841015","129.20303"
"765","로또복권역전점","경북 경주시 금성로259번길 38 1층 CU 노서점 내","37","35.841015","129.20303"
"765","로또복권역전점","경북 경주시 금성로259번길 38 1층 CU 노서점 내","37","35.841015","129.20303"
"765","로또복권역전점","경북 경주시 금성로259번길 38 1층 CU 노서점 내","37","35.841015","129.20303"
"765","스타마트","경북 구미시 임은길 15","37","36.087524","128.36456"
"766","뉴빅마트","부산 기장군 정관중앙로 48 106호","21","35.321114","129.17929"
"766","골드로또복권","부산 동래구 사직동 48-21번지 CU사직제일점 내","21","35.198685","129.0603"
"766","소망복권방","인천 남동구 만수5동 925-2번지 진우빌딩101호","23","37.452003","126.72654"
"766","대박슈퍼","인천 부평구 경원대로 1438","23","37.490837","126.728645"
"766","운수대통","경기 수원시 권선구 매실로 73","31","37.269012","126.95872"
"766","가말로또","전북 남원시 도통동 498-7번지 CU","35","35.421642","127.39352"
"766","대동도기상사","경북 영천시 금완로 30","37","35.960327","128.93187"
"766","위드미로또경화점","경남 창원시 진해구 조천로 29 세븐일레븐","38","35.1603","128.68478"
"767","진흥슈퍼","서울 강남구 논현로150길 31","11","37.519833","127.03093"
"767","가로판매점","서울 서대문구 신촌로 103,(창천동)","11","37.55555","126.93745"
"767","평안당","서울 종로구 종로 219","11","37.57123","127.00219"
"767","CU(망우점)","서울 중랑구 망우동 470-10번지","11","37.598965","127.0976"
"767","위드미 달서송현점","대구 달서구 송현로 32","22","35.822025","128.54869"
"767","로또3공단","대구 북구 노원동3가 1038-3번지","22","35.894455","128.57187"
"767","GS25(대전시네마점)","대전 서구 괴정동 423-19번지 1층","25","36.339935","127.3893"
"767","GS25(대전시네마점)","대전 서구 괴정동 423-19번지 1층","25","36.339935","127.3893"
"767","GS25(대전시네마점)","대전 서구 괴정동 423-19번지 1층","25","36.339935","127.3893"
"767","GS25(대전시네마점)","대전 서구 괴정동 423-19번지 1층","25","36.339935","127.3893"
"767","GS25(대전시네마점)","대전 서구 괴정동 423-19번지 1층","25","36.339935","127.3893"
"767","인덕원복권방","경기 안양시 동안구 흥안대로 523","31","37.400696","126.97621"
"767","CU(정동진모래시계점)","강원 강릉시 강동면 정동진리 3-2번지","32","37.68632","129.0366"
"767","행운복권방","충북 청주시 서원구 분평동 246-24번지 1층 편의점","33","36.61088","127.4842"
"767","천하명당(팔용점)","경남 창원시 의창구 사화로 26","38","35.256348","128.6103"
"768","로또복권","서울 노원구 하계동 272번지 시영아파트5단지상가104","11","37.633224","127.06564"
"768","헬로마트","서울 도봉구 도봉로170길 8,(도봉동)","11","37.680374","127.04596"
"768","서교동가판점","서울 마포구 양화로 115","11","37.554047","126.91951"
"768","세진전자통신","대구 서구 서대구로 156","22","35.8719","128.5552"
"768","인생대역전","인천 계양구 임학동 10-10번지","23","37.545486","126.7387"
"768","GS25시 나눔로또","경기 양주시 호국로 511","31","37.716553","126.97139"
"768","행복충전소","경기 평택시 탄현로 332-2","31","37.0818","127.05637"
"768","행운의시작복권전문점","강원 삼척시 사대안길 5 8통1반","32","37.444267","129.16542"
"768","주공S.P","충남 서산시 동문동 228-2번지","34","36.777824","126.46421"
"768","CU구례중앙점복권방","전남 구례군 봉동길 8  구례 하나로 마트 앞","36","35.209152","127.46866"
"768","하당복권방","전남 목포시 옥암로 46","36","34.803894","126.429474"
"768","플러스하나","전남 순천시 비봉길 6 상가동 1층 107호","36","34.93302","127.48947"
"768","불국사명당복권","경북 경주시 산업로 3033","37","35.7765","129.29813"
"769","수공화원로또","서울 성동구 마장동 792번지 1층 수공화원","11","37.565346","127.042274"
"769","무지개슈퍼","서울 영등포구 영등포로 379-1 (신길동)","11","37.505875","126.91818"
"769","행운복권방","경기 광주시 양벌로 329","24","37.369953","127.246414"
"769","운수대통","경기 군포시 군포로745번길 24","31","37.37093","126.94142"
"769","패밀리복권방","경기 남양주시 늘을2로 20 CH리베로원 103호","31","37.654453","127.24409"
"769","행운복권방","경기 평택시 청북면 후사리 271-5 자연휴게소 내","31","37.029663","126.94141"
"769","또또복권방","전북 익산시 고봉로32길 3","35","35.95982","126.971695"
"769","창원병원앞매표소","경남 창원시 성산구 중앙동 104-1번지 가판","38","35.2185","128.67143"
"769","복권나라","경남 창원시 진해구 용원로 107 CU편의점 내","38","35.098515","128.82086"
"770","상호없음","서울 광진구 구의동 589-10번지 대림아크로리버상가102","11","37.55465","127.07817"
"770","싱글벙글6/45","부산 연제구 중앙대로 1041 좌측 싱글벙글복권방","21","35.181576","129.07777"
"770","코리아마트(비산점)","대구 서구 비산동 368-2번지","22","35.872482","128.5687"
"770","복권전문점","대전 유성구 유성대로694번길 84","25","36.35407","127.33618"
"770","우리들공업탑점","울산 남구 수암로 21","26","35.532272","129.3106"
"770","성명전력","경기 동두천시 큰시장로 43","31","37.90014","127.05292"
"770","하이로또","경기 시흥시 죽율로 205 1층","31","37.400043","126.79957"
"770","서해로또방","경기 화성시 화성로 1471","31","37.223217","126.84257"
"771","가로판매소","서울 구로구 새말로 117-24 (신도림역2번출구)(구로동)","11","37.50696","126.8903"
"771","해피+24시편의점","광주 북구 하서로 330","24","35.2045","126.8739"
"771","영화복권(버들점)","광주 서구 상무버들로 32","24","35.164616","126.86002"
"771","행운나라복권방","경기 안양시 만안구 충훈로 95","31","37.40742","126.89791"
"772","구청앞로또명당","서울 강북구 수유3동 191-58번지","11","37.639614","127.0263"
"772","영일식품","서울 영등포구 당산로32길 10","11","37.526226","126.8978"
"772","아이센스복권방","서울 중랑구 중랑역로 17,(중화동)","11","37.59573","127.07604"
"772","선경상회","부산 부산진구 범천동 1252-1번지 이훼밀리마트내","21","35.14832","129.0537"
"772","라이프마트","인천 중구 연안부두로53번길 36 5호","23","37.45236","126.60402"
"772","위드미유성코아점","대전 유성구 문화원로6번길 103 코아마트","25","36.35746","127.33811"
"772","위드미유성코아점","대전 유성구 문화원로6번길 103 코아마트","25","36.35746","127.33811"
"772","진성식품","충북 제천시 의병대로 84 1층","33","37.136086","128.20995"
"772","심마니대박복권방","충북 충주시 국원대로 68","33","36.977448","127.92788"
"772","북마산복권전문점","경남 창원시 마산합포구 북성로 98","38","35.215973","128.5708"
"773","스파","서울 노원구 동일로 1493 상계주공아파트(10단지) 주공10단지종합상가111","11","37.66166","127.05787"
"773","복돼지복권방","서울 성동구 아차산로7길 42","11","37.54864","127.05583"
"773","한아름로또","서울 송파구 성내천로  299 1층 세븐일레븐","11","37.49412","127.15571"
"773","명문슈퍼","부산 북구 만덕대로 82,(덕천동)","21","35.212013","129.01376"
"773","보람복권방","울산 남구 화합로 194 18-1","26","35.541786","129.34166"
"773","인더라인25시","경기 부천시 신흥로 170-1 위브더스테이트상가6-109","31","37.49871","126.77855"
"773","천하명당복권방","경기 수원시 권선구 매송고색로 720-1","31","37.251213","126.98327"
"773","로또복권방","경기 평택시 지산로37번길 76","31","37.08238","127.059525"
"773","충주복권명당","충북 충주시 예성로 23,(호암동)","33","36.961075","127.92912"
"773","화산복권판매점","충남 서천군 충서로 187-1","34","36.09583","126.66436"
"773","토큰판매","경북 경산시 대학로 291 토큰박스","37","35.837166","128.75374"
"774","비디오카페(성수점)","서울 성동구 성덕정길 84 1층","11","37.53776","127.052765"
"774","꿈의나라","부산 동래구 명륜동 533-49번지 세븐일레븐마트 내","21","35.205193","129.07956"
"774","노다지복권방","부산 북구 덕천로 287","21","35.20986","129.03535"
"774","천하복권방","울산 동구 전하로 29","26","35.512436","129.4275"
"774","복권방","울산 동구 바드래2길 1","26","35.51749","129.43167"
"774","복받는복권방","울산 중구 중앙길 77-1","26","35.555424","129.318"
"774","마두역상행선가판대","경기 고양시 일산동구 중앙로 1181 교보생명 일산사옥 마두역상행선가판대","31","37.65222","126.77706"
"774","행운복권","경기 군포시 대야1로 3 현대팰리스 1동","31","37.32638","126.91891"
"774","에이원","경기 안양시 동안구 관평로319번길 29","31","37.40511","126.95588"
"774","복권백화점","경기 여주시 세종로 41 1층","31","37.294037","127.63629"
"774","유방매표소","경기 용인시 처인구 백옥대로 1388","31","37.25881","127.21292"
"775","보경식품","서울 강북구 도봉로 211,(미아동)","11","37.627495","127.02538"
"775","행운복권방","서울 성북구 삼선교로 20-1 1층","11","37.587494","127.00815"
"775","복권나라","서울 중구 남대문로5가(회현동) 21-1","11","37.55862","126.975"
"775","GS25(서대신점)","부산 서구 서대신동3가(서대신제3동) 271-2","21","35.1139","129.01424"
"775","장원로또","경기 수원시 영통구 중부대로246번길 10 1층 3호","31","37.27466","127.04233"
"776","굿타임","서울 서대문구 연희로 36,(연희동)","11","37.561817","126.927475"
"776","럭키슈퍼","서울 용산구 후암로 52","11","37.550594","126.97736"
"776","복권왕국","대전 서구 정림동 594번지","25","36.306316","127.36585"
"776","선봉로또","울산 남구 삼산동 1468-6번지 CU판매점 내","26","35.543747","129.33267"
"776","씨지랜드","경기 부천시 송내대로73번길 11 금강리빙스텔111","31","37.4901","126.75339"
"776","동탄복권방","경기 화성시 동탄순환대로 702 성산타워 B동 101호","31","37.20735","127.11097"
"776","동덕로또방","충남 아산시 시장남길 26","34","36.782608","127.00331"
"777","담배","서울 강북구 삼양로 252","11","37.62585","127.01845"
"777","화곡본마트","서울 강서구 까치산로4길 3","11","37.54247","126.844124"
"777","용꿈돼지꿈","서울 마포구 마포대로 112-5","11","37.544727","126.95221"
"777","일이오마켓","서울 서초구 방배동(방배2동) 454-20","11","37.479424","126.98344"
"777","여명슈퍼마켓","서울 성북구 장위로15길 4","11","37.61431","127.04147"
"777","5가로또레드탑","서울 종로구 종로 222","11","37.570747","127.002335"
"777","복권세상","대구 북구 칠곡중앙대로46길 32","22","35.918865","128.55035"
"777","복권전문점","인천 부평구 원적로 437","23","37.50383","126.7151"
"777","인현동지하가판","인천 중구 참외전로 117-15 동인천게임랜드,짱분식 가판","23","37.476265","126.631454"
"777","CU(광주서동점)","광주 남구 서동 13-2번지","24","35.148132","126.90557"
"777","지산로또방","광주 동구 지호로 25-2","24","35.14832","126.93205"
"777","천사로또방","경기 남양주시 사릉로34번길 24 1층 7호","31","37.63618","127.21105"
"777","오렌지통신","경기 성남시 수정구 고등동 404-2","31","37.45513","127.10651"
"777","여수복권방","경기 성남시 중원구 성남대로997번길 25-9","31","37.418343","127.12638"
"777","둘리복권방","경기 시흥시 중심상가2길 12-6 한강프라자제1층101호","31","37.345314","126.73626"
"777","금성24시편의점","경기 양주시 화합로 1355","31","37.843998","127.06234"
"777","GS25(청주주은점)","충북 청주시 서원구 분평동 1255","33","36.609867","127.49133"
"777","장미슈퍼","충남 부여군 부여읍 계백로 265 부여군청 로터리 부근","34","36.27629","126.90941"
"777","장미슈퍼","충남 부여군 부여읍 계백로 265 부여군청 로터리 부근","34","36.27629","126.90941"
"777","아이24(수송점)","전북 군산시 문화로 119","35","35.970097","126.71895"
"777","탑로또","경남 거제시 거제중앙로 1787 서원탑훼밀리마트 서원탑훼밀리마트고현점 내(계룡온천옆)","38","34.878452","128.62807"
"778","행운로또","충남 천안시 서북구 늘푸른1길 19 부경아파트 상가동 내","34","36.82701","127.12832"
"778","한아름매점","충남 홍성군 광천로 330","34","36.503197","126.62555"
"778","로또복권","경북 포항시 북구 용두산길 31 파리바케트 옆","37","36.06645","129.38101"
"779","돈벼락맞는곳","부산 동구 조방로49번길 18-1","21","35.139168","129.05995"
"779","제이지컴퍼니(JGC)","부산 부산진구 연수로 43 1층","21","35.17507","129.07489"
"779","원바이원","부산 중구 흑교로 18","21","35.10113","129.02533"
"779","복권명당(서부점)","대구 달서구 월배로 452","22","35.833633","128.55486"
"779","로또복권방","인천 서구 장고개로 333","23","37.492275","126.68656"
"779","행복세상","대전 대덕구 중리로 52","25","36.363663","127.42535"
"779","천사로또방","경기 남양주시 사릉로34번길 24 1층 7호","31","37.63618","127.21105"
"779","로또판매점","충북 음성군 신내로 443 1층","33","36.966633","127.49071"
"779","복권나라","충남 계룡시 엄사면 엄사리 184-4","34","36.28952","127.24185"
"779","씨유 목포세진점","전남 목포시 해안로249번길 17 CU편의점","36","34.787647","126.38714"
"779","복권왕국","전남 여수시 중앙로 24-1","36","34.740177","127.73026"
"780","대박복권","서울 강서구 등촌동 674-1번지 미니스톱내발산역점(내)","11","37.559284","126.838844"
"780","가판 창동역점","서울 도봉구 마들로11길 73 창동역문화마당앞","11","37.653225","127.04908"
"780","명당복권방","대전 서구 도마동 89-19번지","25","36.316864","127.37873"
"780","로또복권판매소","경기 고양시 덕양구 성사동 408-7번지 성사동 원당역편의점","31","37.654106","126.84189"
"780","종합복권슈퍼","경기 시흥시 마유로 336 정일빌딩104","31","37.34572","126.73561"
"780","찬스복권","충북 청주시 서원구 분평동 1372번지 금송빌딩104호","33","36.607517","127.48992"
"780","복권1번지편의점","전북 완주군 봉동중앙로 88","35","35.928066","127.16296"
"780","팡팡복권마트.잡화슈퍼","전북 전주시 덕진구 가리내로 26","35","35.834366","127.13327"
"780","정아복권방","전남 목포시 상동(신흥동) 1141-16 1층","36","34.794643","126.38077"
"780","강남슈퍼내복권판매","전남 순천시 이수로 280 동양빌딩1층 행운슈퍼","36","34.951668","127.51517"
"780","삼성유통","경남 거제시 연초면 한내리 621-2","38","34.93521","128.59935"
"781","터미널로또수리점","광주 서구 광천동 49-1번지 광주종합버스터미널 내 금호고속사무실부근","24","35.160297","126.88015"
"781","세븐일레븐동천점","광주 서구 동천동 600번지 세븐일레븐 동천점 내","24","35.1711","126.8682"
"781","새상무복권","광주 서구 치평로 30 수암빌딩 1층 102호","24","35.149944","126.84769"
"781","우리로또","경기 김포시 김포대로 1421","31","37.651577","126.672646"
"781","평택로또판매","경기 평택시 비전5로 7 중앙프라자 105호","31","36.9969","127.09144"
"781","왕대박복권전문점","강원 동해시 중앙로 234 이주민상가1층18호","32","37.52171","129.115"
"781","GS25(두정메트로점)","충남 천안시 서북구 성정동 1451번지","34","36.826557","127.14148"
"781","종합복권방","전남 해남군 해남로 34 종합복권방편의점","36","34.570763","126.61092"
"781","대광복권방","전남 화순군 칠충로 55 대광로제비앙 대광그린상가동 1층109호","36","35.05548","126.97712"
"782","뉴빅마트","부산 기장군 정관중앙로 48 106호","21","35.321114","129.17929"
"782","1등로또복권","광주 서구 무진대로 904 광주종합터미널 내 영풍문고 앞","24","35.160297","126.88015"
"782","홈돌이로또복권","경기 김포시 중봉로 14 삼성홈플러스2층","31","37.623863","126.69863"
"782","만물전파사","경기 남양주시 마석중앙로 74","31","37.652023","127.307846"
"782","북문복권방","경기 수원시 장안구 정조로 927-1","31","37.29028","127.01279"
"782","대성미니슈퍼","경기 이천시 샘재로 154","31","37.11726","127.62923"
"782","해뜰날복권방","경기 화성시 효행로 241 남수원씨티프라자 103호","31","37.22605","126.97234"
"782","사천큰마트","경남 사천시 사천읍 평화2길 22","38","35.083054","128.08704"
"782","명당","경남 진주시 동부로 1356 1층 일부호","38","35.18731","128.22482"
"783","공항로또","서울 강서구 공항대로 37 7호","11","37.56155","126.81148"
"783","동일통신","부산 해운대구 선수촌로 16","21","35.19541","129.11856"
"783","삼산현대 로또판매","울산 남구 월평로 225","26","35.54691","129.3294"
"783","영화유통","경북 포항시 북구 양학천로 15","37","36.023766","129.35393"
"784","교통카드판매대","서울 강동구 상일로15길 18 1층","11","37.557686","127.17006"
"784","소리창고","서울 강서구 강서로 306","11","37.552868","126.83675"
"784","복권나라","서울 관악구 은천로 40-1","11","37.48599","126.93982"
"784","행운복권방","서울 은평구 응암로11길 3 1층 3호","11","37.58823","126.91619"
"784","세븐로또(진천점)","대구 달서구 진천동 622-2번지 1층 세븐일레븐 내","22","35.813343","128.522"
"784","알리바이(쌍촌점)","광주 서구 내방로 258 알리바이편의점내","24","35.1576","126.86871"
"784","대박집","경기 광주시 퇴촌면 광동리 245-1","24","37.470287","127.308075"
"784","훈이슈퍼","경기 군포시 산본천로 119-5 (산본동, 주공아파트 상가 108, 113호)","31","37.365166","126.93365"
"784","나나 복권판매소","경남 양산시 상북중앙로 319 복권판매점","38","35.4122","129.05919"
"785","가로판매점","서울 금천구 시흥대로 212 가판","11","37.452766","126.90165"
"785","복권가판대","서울 은평구 수색동 360번지","11","37.58249","126.895294"
"785","GS25(두정메트로점)","충남 천안시 서북구 성정동 1451번지","34","36.826557","127.14148"
"785","종합복권방","전남 해남군 해남로 34 종합복권방편의점","36","34.570763","126.61092"
"785","행운로또방","경남 김해시 장등로19번길 15 103호","38","35.308147","128.73337"
"785","북마산복권전문점","경남 창원시 마산합포구 북성로 98","38","35.215973","128.5708"
"786","스파","서울 노원구 동일로 1493 상계주공아파트(10단지) 주공10단지종합상가111","11","37.66166","127.05787"
"786","CU(삼덕보성점)","대구 중구 삼덕동3가(삼덕동) 358-5 1층 cu편의점(삼덕보성점)","22","35.863003","128.60513"
"786","로또판매점","경기 포천시 호국로 1900","31","37.92011","127.221146"
"786","대산슈퍼","충남 천안시 동남구 복구정3길 1","34","36.76989","127.250206"
"787","대박찬스","서울 강북구 솔매로 105-1,(미아동)","11","37.6258","127.023994"
"787","빅세일복권방","부산 부산진구 서면문화로 6","21","35.158302","129.05809"
"787","로또명당도안점","대전 유성구 봉명동 1033-4번지","25","36.34645","127.34149"
"787","권선로또복권방","경기 수원시 권선구 탑동로 22 천림빌딩 천림빌딩102호","31","37.270844","126.97501"
"787","평택21세기편의점","경기 평택시 중앙로 284 1층 21세기편의점","31","36.990208","127.11413"
"787","완월로또","경남 창원시 마산합포구 고운로 175 한미초록빌라 세븐일레븐 내","38","35.197372","128.56186"
"788","아현역3번출구앞가판점","서울 마포구 마포대로 249 아현산업정보학교 아현역3번출구앞","11","37.556522","126.95708"
"788","로또명당","인천 미추홀구 문학길 4 편의점내","23","37.43852","126.681046"
"788","꽃돼지복권","대전 동구 계족로 194-1","25","36.330833","127.44178"
"788","행운복권방","경기 김포시 서암로 139 101호","31","37.697227","126.60154"
"788","티켓몰","경기 김포시 사우중로 15","31","37.61704","126.71676"
"788","디즈니포토랜드","경기 남양주시 늘을3로 11 호평동현대아이파크상가동 상가 117호, GS25호평아이파크점","31","37.660564","127.24134"
"788","위드유로또","경기 화성시 동탄하나1길 61 109호","31","37.21924","127.05868"
"788","바른손(퇴계점)","강원 춘천시 퇴계로 168 주공2단지상가101호","32","37.857914","127.736404"
"788","로또천국건천점","경북 경주시 건천읍 내서로 1118,(건천리)","37","35.849205","129.10333"
"788","나이스정보","경남 양산시 연호로 46 복권판매점","38","35.41573","129.17523"
"788","넝쿨째(블루25 중앙점)","경남 창원시 마산합포구 구산로 90 1층","38","35.09881","128.58421"
"788","넝쿨째(블루25 중앙점)","경남 창원시 마산합포구 구산로 90 1층","38","35.09881","128.58421"
"788","넝쿨째(블루25 중앙점)","경남 창원시 마산합포구 구산로 90 1층","38","35.09881","128.58421"
"789","강일코사할인마트","서울 강동구 고덕로97길 29 강일리버파크9단지아파트 105호","11","37.55984","127.1788"
"789","대원슈퍼마켓","부산 수영구 수영로 524","21","35.152473","129.112"
"789","만세복권","인천 서구 원당동(검단3동) 825-4 CU 만세원당점","23","37.594604","126.696396"
"789","태양마트","대전 유성구 노은로 157 골드프라자 106호","25","36.373707","127.317375"
"789","노다지복권방","대전 중구 유천동 214-1번지","25","36.316895","127.3982"
"789","오산제일복권","경기 오산시 오산로 273 1동 104호","31","37.15138","127.06849"
"789","나라통신","경기 오산시 오산로 200 OK노래연습장","31","37.14465","127.068695"
"789","백암복권","경기 용인시 처인구 백암로 208 옆호수","31","37.1652","127.374794"
"789","황실복권방","충남 천안시 동남구 충절로 799","34","36.769257","127.20064"
"789","황실복권방","충남 천안시 동남구 충절로 799","34","36.769257","127.20064"
"789","황실복권방","충남 천안시 동남구 충절로 799","34","36.769257","127.20064"
"789","황실복권방","충남 천안시 동남구 충절로 799","34","36.769257","127.20064"
"789","황실복권방","충남 천안시 동남구 충절로 799","34","36.769257","127.20064"
"789","도소매복권방","전남 광양시 광영로 146","36","34.965645","127.71704"
"789","이삭","전남 목포시 남악2로 54 남악프라자A동103호","36","34.809925","126.45526"
"790","가로판매점","서울 금천구 시흥대로 217 시흥동우체국","11","37.453144","126.9007"
"790","망원복권방","서울 마포구 망원동 486-1번지","11","37.55746","126.90624"
"790","농가마트","서울 양천구 중앙로 264 1층","11","37.519985","126.853294"
"790","농가마트","서울 양천구 중앙로 264 1층","11","37.519985","126.853294"
"790","씨스페이스(신서혁신점)","대구 동구 각산동 1033-3번지","22","35.878517","128.71376"
"790","로또명당복권방","인천 강화군 강화대로393번길 4","23","37.74619","126.486275"
"790","즐거운복권방","인천 미추홀구 미추홀대로 541","23","37.44568","126.67861"
"790","베스토아(용전2호)","대전 동구 동서대로 1689 복합터미널서관1층59호","25","36.35038","127.43664"
"790","아이러브마트복권방","울산 중구 유곡로 19-1","26","35.55638","129.30725"
"790","로또복권중앙역판매점","경기 안산시 단원구 석수로 55 102호","31","37.341465","126.80755"
"790","희망을주는사람","경기 용인시 처인구 양지로 111 1층 상가","31","37.23453","127.28051"
"790","대박로또","충남 천안시 서북구 성환2로 45","34","36.91173","127.130165"
"790","송도하우스","전남 목포시 영산로 525 목포터미널 내","36","34.812717","126.41759"
"790","대풍로또판매점","경남 김해시 번화2로 36","38","35.192284","128.80525"
"790","늘봄편의점","경남 진주시 솔밭로 80","38","35.176178","128.10738"
"790","대방상회","경남 창원시 성산구 대암로 123","38","35.214573","128.70937"
"791","행운로또","서울 관악구 신림동 1424-4","11","37.486427","126.929886"
"791","럭키복권","서울 동작구 상도동(상도제4동) 208-32 1층 안경점","11","37.498775","126.94366"
"791","종합가로가판점","서울 중구 마른내로 166","11","37.564297","127.00633"
"791","우정식품","부산 동래구 온천장로 39","21","35.21585","129.07948"
"791","일등복권편의점","대구 달서구 대명천로 220 1층","22","35.84214","128.53621"
"791","일등복권편의점","대구 달서구 대명천로 220 1층","22","35.84214","128.53621"
"791","토큰박스동구청","대구 동구 아양로 195-1 토큰박스","22","35.885868","128.63443"
"791","썬마트가양점","대전 동구 동서대로 1689 115호","25","36.350315","127.43669"
"791","금화복권방","울산 남구 신정로 151-1","26","35.5451","129.31805"
"791","당첨희망복권점","경기 이천시 영창로 145 관고사거리","31","37.282043","127.43878"
"791","대박상사","경기 화성시 궁평항로 1646-1 1층","31","37.161903","126.70735"
"791","터미널슈퍼","충북 청주시 흥덕구 풍년로150번길 10-2","33","36.62587","127.433754"
"791","용원로또방","경남 창원시 진해구 용원로7번길 18 용원엘룩스상가 113호","38","35.101913","128.81096"
"791","신세계","제주 제주시 고마로14길 7","39","33.506073","126.54025"
"792","사이버정보통신","부산 부산진구 동평로 411 백조상가동103-1호","21","35.17425","129.07022"
"792","대박로또판매점","경기 수원시 장안구 서부로 2129-1 태양공예가구","31","37.298717","126.97125"
"792","-","경기 의정부시 의정부동 175-6번지 농협중앙회 앞 가판","31","37.738842","127.04842"
"792","평창복권나라","강원 평창군 평창읍 하리 148-13번지","32","37.367405","128.39522"
"792","자수정슈퍼","전북 전주시 완산구 용머리로 152","35","35.805733","127.12693"
"792","이삭","전남 목포시 남악2로 54 남악프라자A동103호","36","34.809925","126.45526"
"792","미니마트복권방","경북 안동시 경북대로 476 1층 미니마트 송현점","37","36.57102","128.69771"
"793","복권토큰판매소","대구 남구 대명로 230 토큰박스","22","35.84097","128.58208"
"793","천하명당복권전문점","광주 광산구 사암로216번길 10-9","24","35.16294","126.80916"
"793","CU(광주매곡점)","광주 북구 매곡동 42-5번지","24","35.188934","126.89414"
"793","그날복권판매점","경기 수원시 권선구 하탑로 54 죽전빌딩 1층 GS25","31","37.26911","126.977646"
"793","로또판매점","충남 당진시 당진중앙1로 129","34","36.895454","126.63089"
"794","명성로또","서울 종로구 종로41길  5 미라빌딩 1층 알파문구 내","11","37.571568","127.006516"
"794","뉴빅마트","부산 기장군 정관중앙로 48 106호","21","35.321114","129.17929"
"794","나눔로또 판교역점","경기 성남시 분당구 대왕판교로606번길 39 107호","31","37.396473","127.11148"
"794","행운로또복권방","경기 파주시 광탄면 신산1리 215-20번지","31","37.782776","126.86034"
"794","스타복권방","충남 논산시 안심로 72","34","36.127453","127.09938"
"794","대박슈퍼","세종   행복10길 3 1층 101호","29","36.603516","127.29121"
"794","GS25(서귀중문점)","제주 서귀포시 천제연로 210","39","33.25145","126.42701"
"795","수서역로또명당","서울 강남구 수서동 724","11","37.487316","127.10312"
"795","가로판매점","서울 서대문구 수색로 32 명동의류앞","11","37.56946","126.915085"
"795","대박찬스","서울 영등포구 도림로 356 1층복권방","11","37.508884","126.90007"
"795","부영마트","서울 중랑구 상봉동 108번지","11","37.594753","127.085655"
"795","수연식품(대박찬스)","서울 중랑구 면목로48길 11,(면목동)","11","37.5823","127.08937"
"795","CU(좌동중앙점)","부산 해운대구 좌동 1461-4번지 더샵센텀파크2차)","21","35.171658","129.17484"
"795","삼성로또","인천 연수구 학나래로6번길 56","23","37.423843","126.69732"
"795","송가상사","경기 안산시 단원구 중앙대로 462 안산역사쇼핑몰1층131-3호","31","37.32702","126.78955"
"795","중앙복권방","충북 청주시 청원구 율량로189번길 25","33","36.665707","127.50038"
"795","영약국","충남 금산군 인삼로 104","34","36.10224","127.49309"
"795","나라복권","경남 진주시 호탄동 961-31번지 CU편의점 내","38","35.163578","128.11125"
"796","복권세상","서울 양천구 신월로 187","11","37.51969","126.84364"
"796","GS25(칠곡구안점)","대구 북구 읍내동 1341-4번지","22","35.935154","128.54915"
"796","메트로센터점","대구 중구 달구벌대로 지하 2100 메트로센터C412호","22","35.86582","128.59314"
"796","대박복권","경기 부천시 원미구 심곡동(심곡2동) 173-1 실주소 : 경기 부천시 원미구 심곡동 316-2 부천역 지하상가 w6 7-2 호","31","37.484024","126.78282"
"796","건강마트","경기 하남시 신장2동 315-2번지","31","37.547123","127.211426"
"796","대박복권","전남 나주시 구진포로 483 대박복권","36","35.00971","126.711395"
"796","제일마트","전남 나주시 중앙로 21 제일마트","36","35.031143","126.71974"
"797","바이드","부산 연제구 연산동 710-1번지 세븐일레븐연산점 내","21","35.183994","129.08246"
"797","차밍복권방","광주 광산구 풍영로 41 동구빌딩1층","24","35.175617","126.811584"
"797","영화유통(1등복권방)","울산 남구 신정로 19 삼성아파트 상가 204-101","26","35.533833","129.32205"
"797","일산탑복권","경기 고양시 일산서구 일산로 517 107호","31","37.67641","126.77"
"797","CU(정동진모래시계점)","강원 강릉시 강동면 정동진리 3-2번지","32","37.68632","129.0366"
"797","복권명당","충남 아산시 음봉로 582","34","36.838066","127.073845"
"797","무지개","전북 군산시 수송남로 36-1","35","35.962677","126.71455"
"797","로또복권애니타임점","경북 구미시 인동중앙로11길 24 애니타임편의점 내","37","36.10904","128.42"
"798","영남건재상사","부산 연제구 과정로 200-1","21","35.188087","129.1054"
"798","경동G-PLUS할인마트","부산 해운대구 세실로 30 경동G-PLUS아파트상가103","21","35.168427","129.17944"
"798","드림로또마켓","경기 수원시 권선구 금곡로 206 127호","31","37.273952","126.95404"
"798","로또","충남 홍성군 조양로 162","34","36.601036","126.66763"
"798","진도로또","전남 진도군 진도읍 동외리 1151-2 진도로또","36","34.481274","126.269325"
"798","AM&PM","경남 김해시 가락로 43 복권판매점","38","35.23037","128.8819"
"798","목화휴게소","경남 사천시 사천대로 912","38","35.0018","128.05415"
"799","오케이상사","서울 서초구 신반포로 176 센트럴시티내100호매점","11","37.504353","127.00359"
"799","잠실매점","서울 송파구 올림픽로 269 잠실역 8번출구 앞 가판","11","37.514446","127.10071"
"799","명당복권","인천 계양구 작전동(작전1동) 388-1","23","37.526634","126.72949"
"799","OK25","경기 고양시 일산동구 호수로 358-26 203동1층 101호","31","37.63942","126.78701"
"799","복권나라","강원 춘천시 춘천로 286-1","32","37.880527","127.74493"
"799","대박마트","충남 천안시 동남구 봉서8길 13 봉명청솔아파트상가103호","34","36.81099","127.13251"
"799","경마장복권방","충남 천안시 서북구 성정두정로 56 101호","34","36.830467","127.14181"
"799","일레븐마트무선점","전남 여수시 성산로 19","36","34.77387","127.63973"
"799","이마트24구미황상점","경북 구미시 수출대로 555","37","36.110912","128.42572"
"799","복수이 로또판매점","경남 창원시 성산구 가음동 7-3 월드마트 내","38","35.209423","128.68881"
"800","복권나라","서울 광진구 군자로 146 동진빌딩 1층","11","37.554394","127.07559"
"800","길벗","광주 북구 송월로 26,(오치동)","24","35.186005","126.91334"
"800","로또복권벽산블루밍","대전 서구 갈마로 262","25","36.33321","127.38101"
"800","월드컵","경기 수원시 팔달구 월드컵로 299-1","31","37.285313","127.03505"
"800","황금대박복권나라","경기 용인시 처인구 금령로85번길 16,(김량장동)","31","37.236786","127.20576"
"800","복권방","경기 파주시 아동동(금촌1동) 283-10","31","37.77174","126.77708"
"800","대박마트복권방","충남 아산시 음봉로 844 행복한순복음교회 태화상가1층103호","34","36.826508","127.09927"
"800","금성복권방","전남 나주시 대호동(성북동) 236 GS편의점 내","36","35.04872","126.72078"
"800","복권판매점(담양)","전남 담양군 중앙로 32-1","36","35.316162","126.98364"
"800","빙그레 돈벼락 맞는곳","경남 김해시 김해대로 910 좌측 복권판매점","38","35.293262","128.78296"
"800","북마산복권전문점","경남 창원시 마산합포구 북성로 98","38","35.215973","128.5708"
"801","클로버 복권판매점","서울 송파구 백제고분로50길 19 102호","11","37.513836","127.117065"
"801","영남건재상사","부산 연제구 과정로 200-1","21","35.188087","129.1054"
"801","로또복권방","인천 서구 신현로 44 1층102호","23","37.51731","126.67237"
"801","로또복권방","대전 서구 갈마중로 28,(갈마동)","25","36.347527","127.37245"
"801","팡팡복권방","경기 군포시 당동(군포1동) 750-26","31","37.353596","126.9465"
"801","복권사랑","경기 안산시 단원구 와동로 117","31","37.340343","126.82688"
"801","나눔로또 신동탄점","경기 화성시 능동 1098-8","31","37.215828","127.05615"
"801","행운로또","충남 아산시 충무로 1396","34","36.897526","127.03526"
"802","씨스페이스(정릉3점)","서울 성북구 정릉동(정릉제3동) 372-7","11","37.608723","127.00776"
"802","가판점(신문)","서울 영등포구 양평로 48","11","37.534508","126.90126"
"802","가로판매대","서울 종로구 통일로 156-1","11","37.568184","126.96467"
"802","가로판매대","서울 종로구 통일로 156-1","11","37.568184","126.96467"
"802","가로판매대","서울 종로구 통일로 156-1","11","37.568184","126.96467"
"802","세진전자통신","대구 서구 서대구로 156","22","35.8719","128.5552"
"802","대박천하마트","인천 부평구 굴포로 48","23","37.51157","126.72634"
"802","복권방","경기 고양시 덕양구 동송로 20 1층","31","37.648407","126.899185"
"802","복권방","경기 고양시 덕양구 동송로 20 1층","31","37.648407","126.899185"
"802","로또모형방","경기 고양시 일산서구 송포로 35","31","37.669575","126.73231"
"802","대박찬스","경기 성남시 중원구 금광동 4460번지","31","37.44687","127.15818"
"802","로또휴게실","경기 용인시 기흥구 용구대로 1885","31","37.256386","127.10432"
"802","로또휴게실","경기 용인시 기흥구 용구대로 1885","31","37.256386","127.10432"
"802","로또휴게실","경기 용인시 기흥구 용구대로 1885","31","37.256386","127.10432"
"802","도깨비로또","경기 평택시 동삭동(비전1동) 680-2 홈플러스365","31","37.0123","127.10104"
"802","GS25(제주이도점)","제주 제주시 이도이동(이도2동) 1064-21 1층","39","33.49573","126.53614"
"803","씨스페이스(흑석중대점)","서울 동작구 흑석동 52-1번지","11","37.50771","126.96327"
"803","대박천하","인천 연수구 새말로 37 103호","23","37.42203","126.67539"
"803","패밀리복권방","경기 남양주시 늘을2로 20 CH리베로원 103호","31","37.654453","127.24409"
"803","로또방","경기 용인시 기흥구 고매동 485-16번지 CU(기흥IC점)","31","37.220036","127.1035"
"803","녹동하나로마트로또방","전남 고흥군 녹동남촌1길 13 이마트24녹동점옆","36","34.525757","127.14047"
"804","제일슈퍼","서울 서대문구 응암로 79","11","37.58027","126.911255"
"804","대박로또","대구 남구 봉덕동 632-16 대구 남구 봉덕동 632-16 이마트24","22","35.844673","128.59785"
"804","씨스페이스(만촌희망점)","대구 수성구 만촌동(만촌1동) 1327-14 씨스페이스(만촌희망점)","22","35.872562","128.6373"
"804","메트로센터점","대구 중구 달구벌대로 지하 2100 메트로센터C412호","22","35.86582","128.59314"
"804","그린편의점","광주 서구 매월2로 53 광주산업용재유통센터 23동 103호","24","35.115864","126.86289"
"804","싱글벙글할인마트","경기 광명시 광명로 884 1층 좌측호(광명동)","31","37.477818","126.85391"
"804","행복미니슈퍼","경기 부천시 부일로 409","31","37.487118","126.77558"
"804","GS25(상동현해점)","경기 부천시 원미구 상동 534-5번지 현해프라자109호","31","37.506676","126.752785"
"804","현대할인마트","경기 이천시 경충대로 3142","31","37.306847","127.403114"
"804","KS마트","경기 포천시 가산로 112","31","37.83789","127.165504"
"804","파란만장복권방","경기 화성시 진안동 878-4 101호","31","37.21241","127.038826"
"805","대박복권방","서울 강남구 역삼동 761-2번지","11","37.496937","127.04635"
"805","일등복권편의점","대구 달서구 대명천로 220 1층","22","35.84214","128.53621"
"805","종합복권슈퍼","경기 시흥시 마유로 336 정일빌딩104","31","37.34572","126.73561"
"805","반딧불로또","경남 거제시 아주동 1696-6 1층 cu편의점 내","38","34.86537","128.68983"
"806","롯또","부산 해운대구 윗반송로 77 1층","21","35.230892","129.15727"
"806","일등복권편의점","대구 달서구 대명천로 220 1층","22","35.84214","128.53621"
"806","운수대통","인천 부평구 동암광장로 6 1층 A호","23","37.470837","126.70217"
"806","역곡중앙슈퍼","경기 부천시 원미구 역곡동 79-5번지","31","37.48525","126.81027"
"806","복권사랑","경기 양주시 평화로 1444,(덕계동)","31","37.81949","127.047104"
"806","로또명당인주점","충남 아산시 서해로 519-2","34","36.87784","126.89828"
"806","로또복권판매","경북 상주시 삼백로 159","37","36.41895","128.16113"
"807","참좋은마트(복권방)","부산 영도구 영선동1가 78-1번지","21","35.091347","129.04465"
"807","일등복권편의점","대구 달서구 대명천로 220 1층","22","35.84214","128.53621"
"807","마두5번출구가판로또","경기 고양시 일산동구 중앙로 1200","31","37.65387","126.77711"
"807","열두보석복권방","경기 용인시 기흥구 구갈로 74 구갈스포츠센타 구갈스포츠센터106호","31","37.281136","127.11181"
"807","세븐일레븐광양시청점","전남 광양시 행정2길 2","36","34.941307","127.69642"
"807","황금복권","경북 영주시 구성로 379-1","37","36.82497","128.6207"
"807","드림마트","경남 김해시 인제로170번길 15-6 씨스페이스편의점 내","38","35.24405","128.9058"
"808","복권방","서울 강동구 천호대로176길 10-3","11","37.53383","127.13603"
"808","코니아일랜드아이스크림","경기 남양주시 화도읍 마치로 339 진우로얄빌라제나동102","31","37.655712","127.282364"
"808","형제상회","경기 부천시 부일로 752,(역곡동)","31","37.486286","126.81329"
"808","들꽃편의점","경기 수원시 영통구 동수원로 504","31","37.272293","127.04591"
"808","GS25(수원삼성점)","경기 수원시 영통구 매탄동 1267-7번지 중앙프라자104호","31","37.259037","127.04512"
"808","중마로또","전남 광양시 중마로 213-1 커피집 내","36","34.94392","127.688866"
"809","복권광장","인천 부평구 백범로 500 1층(십정동)","23","37.47005","126.696396"
"809","SoundWave","경기 광명시 오리로 956","31","37.47889","126.85691"
"809","프로피스","경기 구리시 이문안로 11,(교문동)","31","37.592052","127.13251"
"809","로또또","경기 김포시 봉수대로 1704 102호","31","37.62097","126.63304"
"809","풍전슈퍼","경기 부천시 조마루로 428,(원미동)","31","37.49708","126.79113"
"809","대박복권방","경기 양주시 가래비길 33","31","37.82246","126.986694"
"810","명당복권","서울 동대문구 왕산로 112-1 가판","11","37.577915","127.035774"
"810","가판","서울 마포구 마포대로 58 가든호텔정문옆가판","11","37.540684","126.94833"
"810","현아상회","부산 남구 동명로145번길 3","21","35.119755","129.1127"
"810","은행복권방","경기 시흥시 대은로104번길 1 우남상가2동101호","31","37.445133","126.80047"
"810","황금복권마트","경기 이천시 증신로325번길 5 1층","31","37.297546","127.438866"
"810","토큰판매","경북 경산시 대학로 291 토큰박스","37","35.837166","128.75374"
"810","로또복권삼주봉황","경북 경산시 진량읍 봉회리 57번지","37","35.88434","128.82066"
"810","창원병원앞매표소","경남 창원시 성산구 중앙동 104-1번지 가판","38","35.2185","128.67143"
"811","영훈슈퍼마켓","서울 도봉구 덕릉로 222,(창동)","11","37.63781","127.03763"
"811","토큰판매소","서울 송파구 바람드리길 62","11","37.536663","127.12238"
"811","GS25(성애병원점)","서울 영등포구 신길동(신길제1동) 467-3","11","37.512157","126.9217"
"811","위드미울산삼산본동점","울산 남구 돋질로 445","26","35.54275","129.35355"
"811","삼성복권방","경기 동두천시 어수로 100-1","31","37.902187","127.05362"
"811","천하명당","전남 여수시 망마로 107","36","34.757214","127.67405"
"811","동원복권","경남 양산시 북정중앙로 30","38","35.36137","129.04784"
"812","gs25녹천본점","서울 도봉구 덕릉로 349","11","37.645714","127.04744"
"812","운수대통","인천 남동구 석정로 479","23","37.46613","126.68891"
"812","럭키하우스","광주 광산구 임방울대로800번길 82 알리바이 내","24","35.2138","126.845726"
"812","로또하기좋은날","강원 양구군 비봉로 39 행운마트","32","38.10566","127.98678"
"812","행운의명당로-토토","충북 청주시 서원구 모충로 36","33","36.62487","127.46841"
"812","팡팡복권마트.잡화슈퍼","전북 전주시 덕진구 가리내로 26","35","35.834366","127.13327"
"813","최고복권명당","서울 관악구 낙성대역길 91 우선빌딩 1층","11","37.474445","126.96383"
"813","대성기획","경기 용인시 기흥구 구성로 75-1","31","37.29493","127.1179"
"813","태원통신","경기 하남시 하남대로 851","31","37.543022","127.20346"
"813","화천복권방","강원 화천군 화천읍 하리 43-29","32","38.104836","127.70451"
"814","대일복권방","서울 양천구 목동남로4길 17","11","37.50896","126.8653"
"814","구둘공사","부산 동래구 안락동 633-30번지 CU마트102호","21","35.19353","129.09908"
"814","서창로또","인천 남동구 서창동 538번지 태평2차아파트상가101호","23","37.43534","126.75224"
"814","광동서점","경기 의정부시 서부로 693","31","37.75493","127.03763"
"814","봉황로또","전북 임실군 운수로 6","35","35.616184","127.28901"
"814","로또복권방","경남 김해시 구산동(북부동) 1083-1 1-1호(CU편의점내)","38","35.253002","128.86708"
"815","노다지복권","부산 남구 문현동 60-2번지 애플마트내","21","35.144684","129.07649"
"815","열린복권방","부산 사상구 괘법동 546-16번지 프라자슈퍼","21","35.162617","128.98518"
"815","일등복권편의점","대구 달서구 대명천로 220 1층","22","35.84214","128.53621"
"815","공항게임방","대구 동구 지저동 669-41번지","22","35.89689","128.63763"
"815","CU(원종깨비점)","경기 부천시 오정구 원종동 280-9번지 덕산아파트","31","37.522907","126.80514"
"815","씨유당진시청점","충남 당진시 서부로 63","34","36.887363","126.62902"
"815","창원병원앞매표소","경남 창원시 성산구 중앙동 104-1번지 가판","38","35.2185","128.67143"
"816","소리창고","서울 강서구 강서로 306","11","37.552868","126.83675"
"816","반여상회","부산 해운대구 선수촌로 190 1층","21","35.209423","129.12465"
"816","노다지복권방서정지점","경기 평택시 서정역로 23","31","37.0562","127.05544"
"816","행운의시작복권전문점","강원 삼척시 사대안길 5 8통1반","32","37.444267","129.16542"
"816","행운로또","충북 진천군 덕금로 792 편의점 내","33","36.854416","127.44796"
"816","한아름매점","충남 홍성군 광천로 330","34","36.503197","126.62555"
"816","미니풀 복권판매점","경북 구미시 상사서로 81","37","36.08981","128.35498"
"816","행운복권방(야사점)","경북 영천시 호국로 55-3","37","35.97355","128.9439"
"817","데이앤나잇","서울 성북구 종암로 132 종암우림카이저팰리스 1층 101호","11","37.601955","127.03346"
"817","데이앤나잇","서울 성북구 종암로 132 종암우림카이저팰리스 1층 101호","11","37.601955","127.03346"
"817","데이앤나잇","서울 성북구 종암로 132 종암우림카이저팰리스 1층 101호","11","37.601955","127.03346"
"817","데이앤나잇","서울 성북구 종암로 132 종암우림카이저팰리스 1층 101호","11","37.601955","127.03346"
"817","데이앤나잇","서울 성북구 종암로 132 종암우림카이저팰리스 1층 101호","11","37.601955","127.03346"
"817","크로바쎄븐","서울 송파구 법원로11길 7 문정현대지식산업센터1-2 1층 128호","11","37.485355","127.119225"
"817","세진전자통신","대구 서구 서대구로 156","22","35.8719","128.5552"
"817","울릉로또","경북 울릉군 봉래2길 32-14 1층 울릉로또&커피","37","37.497395","130.90799"
"817","CU(거제옥포점)","경남 거제시 옥포1동 548-1번지","38","34.891068","128.69176"
"818","복드림복권방","서울 강동구 상암로 99","11","37.547485","127.13399"
"818","로또와공인중개사사무소","서울 은평구 갈현로 304 1층","11","37.623955","126.91714"
"818","과정미니슈퍼","부산 연제구 과정로 234-1","21","35.18785","129.10162"
"818","반여상회","부산 해운대구 선수촌로 190 1층","21","35.209423","129.12465"
"818","다운이앤씨","인천 부평구 평천로 102-1 1층","23","37.51749","126.702545"
"818","한국인세계대박복권","인천 연수구 한나루로197번길 34","23","37.42769","126.65522"
"818","해피복권방","경기 고양시 일산동구 고봉로 608","31","37.711002","126.7884"
"818","복권명당","경기 광명시 광명로832번길 15","31","37.473038","126.85323"
"818","황금도끼복권방","경기 광주시 능평로 214","24","37.34523","127.17725"
"818","SK@24시편의점","경기 파주시 야동동 589-10번지","31","37.773052","126.75124"
"818","황금복권","강원 원주시 단계동 808 삼익상가 105호","32","37.351185","127.9295"
"818","봉평천하","강원 평창군 기풍로 145","32","37.615482","128.37805"
"818","목화휴게소","경남 사천시 사천대로 912","38","35.0018","128.05415"
"819","대박로또","서울 관악구 은천로 177 103호","11","37.48605","126.954895"
"819","헬로마트","서울 도봉구 도봉로170길 8,(도봉동)","11","37.680374","127.04596"
"819","가판점","서울 서초구 효령로 283 가판","11","37.4851","127.01497"
"819","아트슈퍼","부산 부산진구 가야대로 490","21","35.15293","129.0256"
"819","씨스페이스(덕천점)","부산 북구 덕천동 379-27번지","21","35.21228","129.01314"
"819","행운복권","세종  조치원읍 죽림리 234-5","29","36.591988","127.29835"
"819","복권방","경기 용인시 기흥구 신갈로68번길 24","31","37.273155","127.10815"
"820","북문복권방","경기 수원시 장안구 정조로 927-1","31","37.29028","127.01279"
"820","하이웨이로또판매점","경기 의왕시 오전로 24 경기남부도로 상행선","31","37.347546","126.98409"
"820","양산덕계점(로또)","경남 양산시 평산6길 6 복권판매점","38","35.382153","129.15137"
"820","나눔로또봉평점","경남 통영시 도남로 81","38","34.831635","128.41365"
"821","미나식품(로또판매점)","서울 강서구 금낭화로 91-12","11","37.5735","126.81066"
"821","로또행운마트","서울 양천구 남부순환로 327 1층","11","37.537712","126.827484"
"821","하나열쇠","부산 남구 용호로 179","21","35.116257","129.11122"
"821","일등복권편의점","대구 달서구 대명천로 220 1층","22","35.84214","128.53621"
"821","마이마트","인천 서구 탁옥로 76 한국상가제1층101호","23","37.54315","126.67822"
"821","NBA(엔비에이)","인천 중구 신도시남로142번길 6 1동 1층 128호","23","37.4934","126.49157"
"821","NBA(엔비에이)","인천 중구 신도시남로142번길 6 1동 1층 128호","23","37.4934","126.49157"
"821","대박찬스","경기 성남시 중원구 금광동 4460번지","31","37.44687","127.15818"
"821","대박로또","충남 공주시 중앙2길 70 1층","34","36.55059","126.9526"
"821","달성로또복권판매소","충남 아산시 온천대로 1531","34","36.780804","127.0079"
"821","천안역로또토토복권방","충남 천안시 동남구 대흥로 237 아시아마트내","34","36.809166","127.14774"
"821","king편의점","충남 태안군 서해로 1988 2호","34","36.754387","126.3256"
"821","가자복권천국","전남 목포시 신흥로45번길 2","36","34.803482","126.42581"
"821","양산덕계점(로또)","경남 양산시 평산6길 6 복권판매점","38","35.382153","129.15137"
"822","세븐일레븐","서울 양천구 중앙로36길 15 목동힐스테이트 104호","11","37.520966","126.85539"
"822","에브리데이","울산 동구 대송로 103-1","26","35.498966","129.424"
"822","수기로또천하","경기 화성시 송산포도로 82 제A동 5호","31","37.21372","126.73997"
"823","조이풀JOYFUL","부산 동구 범일동(범일제2동) 830-90 한양상가1-1","21","35.140076","129.06425"
"823","영희복권","부산 사상구 괘법동 526-51번지 CU사상서부점 내","21","35.16389","128.98299"
"823","복권방","부산 사하구 장림번영로 25","21","35.081005","128.96823"
"823","혜인상사","부산 사하구 괴정동 955-2","21","35.098225","128.99417"
"823","복권명당","대전 중구 목중로 47","25","36.33757","127.40925"
"823","CN마트","울산 동구 대학길 76 1층102호","26","35.49841","129.42188"
"823","스카이편의점","경기 안양시 만안구 박달로 527","31","37.40275","126.91124"
"823","도소매복권방","전남 광양시 광영로 146","36","34.965645","127.71704"
"823","해피데이24복권","경북 고령군 다산면 평리리 253-2번지","37","35.825546","128.45348"
"824","가로판매점","서울 강서구 공항동 53-41번지 가판","11","37.561047","126.81024"
"824","소리창고","서울 강서구 강서로 306","11","37.552868","126.83675"
"824","꿈이현실로","서울 중구 청계천로 182","11","37.568573","126.99775"
"824","프로토베팅샵","부산 중구 국제시장2길 5 4호","21","35.099678","129.0284"
"824","로또대박파티마삼거리","대구 동구 아양로 119 이노PC방","22","35.884842","128.62624"
"824","승차권판매소(서구청1호점)","대구 서구 국채보상로 257","22","35.871826","128.55919"
"824","정다운복권 조이마트","인천 부평구 충선로 171 1층","23","37.504536","126.736275"
"824","마두5번출구가판로또","경기 고양시 일산동구 중앙로 1200","31","37.65387","126.77711"
"824","로토피아","경기 광명시 오리로 371 상가1층102호","31","37.435596","126.87925"
"824","패밀리복권방","경기 광주시 오포읍 오포로 122","24","37.34396","127.17972"
"824","광주역점(천운당)","경기 광주시 역동로 107","24","37.3994","127.253815"
"824","대박","경기 안양시 동안구 관평로170번길 33","31","37.392975","126.962234"
"824","구구상사","경기 용인시 기흥구 구갈동 374-7번지 1층 편의점","31","37.27621","127.1154"
"824","동부대박복권방","경북 문경시 신흥로 234 동부코사마트","37","36.600998","128.20636"
"824","팬더복권","경북 포항시 남구 충무로 39-1 1층,우측상가","37","35.97604","129.41425"
"825","오로라복권방","서울 광진구 뚝섬로 625 국민은행자양동지점 50m","11","37.532303","127.0791"
"825","고경식품","서울 구로구 경인로 381","11","37.49682","126.86245"
"825","오케이상사","서울 서초구 신반포로 176 센트럴시티내100호매점","11","37.504353","127.00359"
"825","대박복권방","서울 성북구 돌곶이로 60","11","37.609234","127.058945"
"825","잠실매점","서울 송파구 올림픽로 269 잠실역 8번출구 앞 가판","11","37.514446","127.10071"
"825","복권명당","대구 동구 효동로 45,(효목동)","22","35.881493","128.6462"
"825","명당골복권방","경기 수원시 권선구 동수원로242번길 15 104호","31","37.251095","127.03546"
"825","명당골복권방","경기 수원시 권선구 동수원로242번길 15 104호","31","37.251095","127.03546"
"825","대박복권방","경기 연천군 전곡읍 온골로 57-1,(전곡리)","31","38.02602","127.06766"
"825","거진터미널로또복권판매점","강원 고성군 거진읍 거진길 21-2 거진터미널","32","38.44631","128.45374"
"825","복권명당","충남 공주시 번영1로 41","34","36.471832","127.13313"
"825","복돼지복권방","전북 익산시 선화로1길 4 배산시티프라자 배산시티프라자 1층 107호","35","35.950245","126.93804"
"826","스파","서울 노원구 동일로 1493 상계주공아파트(10단지) 주공10단지종합상가111","11","37.66166","127.05787"
"826","로또 마트","서울 서초구 서초대로77길 62 b110호 cu서초아이파크내","11","37.49324","127.01724"
"826","대박로또","서울 성동구 용답19길 11","11","37.56328","127.052055"
"826","호반할인마트","광주 광산구 도산로9번길 40","24","35.127934","126.790115"
"826","금도끼복권방","경기 양평군 용문로 812 1층","31","37.50729","127.63166"
"826","로또복권","경기 평택시 중앙2로 42","31","36.991207","127.09152"
"826","한성로또복권","강원 정선군 고한읍 고한리 57-5번지","32","37.196945","128.85828"
"826","로또천국","충북 충주시 금봉1길  48 1층","33","36.981762","127.91459"
"826","J마트","경남 진주시 도동천로 131","38","35.18242","128.11334"
"827","갈렙분식한식","서울 중랑구 용마산로115길 92","11","37.59823","127.09528"
"827","갈렙분식한식","서울 중랑구 용마산로115길 92","11","37.59823","127.09528"
"827","갈렙분식한식","서울 중랑구 용마산로115길 92","11","37.59823","127.09528"
"827","갈렙분식한식","서울 중랑구 용마산로115길 92","11","37.59823","127.09528"
"827","갈렙분식한식","서울 중랑구 용마산로115길 92","11","37.59823","127.09528"
"827","로또복권","부산 동구 범일동 830-200번지 한양아파트3동상가1층 세븐일레븐","21","35.14066","129.06378"
"827","복권명당(서부점)","대구 달서구 월배로 452","22","35.833633","128.55486"
"827","로또세븐죽전점","대구 달서구 성서공단남로 37 1층 117호","22","35.85018","128.53491"
"827","대박(토토)","광주 북구 군왕로 196","24","35.178318","126.9351"
"827","영통대박복권","경기 수원시 영통구 법조로149번길 101 1층 101호 CU편의점 내","31","37.29386","127.068924"
"827","행복정보통신","경기 연천군 연천로 264-1","31","38.100468","127.07499"
"827","대성기획","경기 용인시 기흥구 구성로 75-1","31","37.29493","127.1179"
"827","행운로또","경기 하남시 미사강변중앙로 164 101호","31","37.561512","127.19113"
"827","복권나라","전북 군산시 번영로 891","35","35.94672","126.81039"
"827","구례로또","전남 구례군 구례읍 로터리길 2-1","36","35.208714","127.464806"
"828","정화식품","부산 동래구 충렬대로 248","21","35.201023","129.08624"
"828","운수대통복권방","부산 부산진구 전포대로200번길 13","21","35.154648","129.0664"
"828","로또흑석점","광주 광산구 흑석동 595 CU편의점 내","24","35.182293","126.81116"
"828","GS25(수원삼성점)","경기 수원시 영통구 매탄동 1267-7번지 중앙프라자104호","31","37.259037","127.04512"
"828","헬로복권","경기 안성시 종합운동장로 161","31","37.012398","12.238893"
"828","신세계로또","경기 양평군 공흥로 16 1층","31","37.4935","127.49934"
"828","1등행운로또","충남 아산시 온천대로 1315","34","36.78663","126.98499"
"828","터미널매점","충남 예산군 예산읍 산성리 647","34","36.694378","126.832756"
"828","베스트원","전남 영광군 신남로 209-1 1층","36","35.276035","126.5051"
"828","주택복권2호점","경북 구미시 금오시장로 13 114호","37","36.126236","128.3407"
"828","씨유(진해제일점)","경남 창원시 진해구 덕산로46번길 2 동부회센타 1층 102~105호","38","35.145824","128.70442"
"828","성산복권방","제주 서귀포시 성산읍 고성리 1197-8","39","33.450214","126.91453"
"828","GS25(제주삼화점)","제주 제주시 화북일동 1023-2","39","33.514515","126.5761"
"829","대박나라","서울 마포구 망원로 86","11","37.55746","126.90624"
"829","행운복권방","서울 성동구 성수동2가 250-64번지","11","37.53935","127.062096"
"829","복권천국(덕포점)","부산 사상구 사상로309번길 39","21","35.17245","128.98119"
"829","럭키뱅크","대전 동구 계족로 491,(용전동)","25","36.35568","127.43251"
"829","대박복권","경기 부천시 원미구 심곡동(심곡2동) 173-1 실주소 : 경기 부천시 원미구 심곡동 316-2 부천역 지하상가 w6 7-2 호","31","37.484024","126.78282"
"829","용꿈돼지꿈복권방","경기 시흥시 하중로 235 법조타운103호","31","37.390877","126.806526"
"829","로또천국","충북 충주시 금봉1길  48 1층","33","36.981762","127.91459"
"829","삼양오아시스","제주 제주시 삼양이동(삼양동) 2142-6 1층 CU삼양대로점","39","33.521088","126.57973"
"830","원스탑","서울 송파구 백제고분로7길 39","11","37.510902","127.08321"
"830","은혜","서울 중랑구 면목로91길 46,(상봉동)","11","37.594112","127.08339"
"830","후생사제3매장","대전 동구 비래서로42번길 105,(가양동)","25","36.349724","127.446815"
"830","그린로또","대전 중구 대흥로 94","25","36.322495","127.42251"
"830","로또휴게실","경기 용인시 기흥구 용구대로 1885","31","37.256386","127.10432"
"830","CU(광탄개나리점)","경기 파주시 광탄면 신산리 358-10번지 화설프라자","31","37.78273","126.84627"
"830","불티나","강원 춘천시 후석로462번길 94-1 1층","32","37.890953","127.751976"
"830","현대로또판매점","충남 서산시 율지5로 16","34","36.77752","126.46427"
"830","울릉로또","경북 울릉군 봉래2길 32-14 1층 울릉로또&커피","37","37.497395","130.90799"
"831","삼호복권","서울 도봉구 도봉로 457","11","37.646816","127.03317"
"831","서초대박로또","서울 서초구 서초동(서초1동) 1673-10","11","37.493988","127.01552"
"831","바이더웨이녹번중앙점","서울 은평구 갈현로 88 은평성심의원 1층 우측 두번째 점포","11","37.60575","126.91073"
"831","제이복권방","서울 종로구 종로 225-1 평창빌딩 1층 103호","11","37.571293","127.00283"
"831","성광복권명당","부산 연제구 과정로 335","21","35.19","129.0911"
"831","일등복권편의점","대구 달서구 대명천로 220 1층","22","35.84214","128.53621"
"831","서창동 로또방","인천 남동구 서창남순환로 222 센타프라자 1층 106호","23","37.424126","126.74947"
"831","천하제일복권명당유성점","대전 유성구 유성대로654번길 111","25","36.350956","127.33514"
"831","차부상회","경기 김포시 통진읍 조강로 50","31","37.690342","126.60031"
"831","행운을주는로또판매점","경기 안산시 단원구 초지로 90 태영프라자 태영프라자111호","31","37.306877","126.81511"
"831","복만이복권","경기 오산시 은계동(신장동) 13-15","31","37.16193","127.07567"
"831","드래곤복권","경기 용인시 기흥구 중부대로 814","31","37.25603","127.143364"
"831","행운","경기 용인시 기흥구 언남동(구성동) 336-7","31","37.293976","127.120735"
"831","행운복권방","충북 청주시 흥덕구 복대로 207","33","36.63505","127.44054"
"831","터미널슈퍼","충북 청주시 흥덕구 풍년로150번길 10-2","33","36.62587","127.433754"
"831","도소매복권방","전남 광양시 광영로 146","36","34.965645","127.71704"
"832","일등복권편의점","대구 달서구 대명천로 220 1층","22","35.84214","128.53621"
"832","하나마트(하남4번로)","광주 광산구 하남산단4번로 172 로또카페","24","35.19074","126.80882"
"832","장고분로또(토토편의방)","광주 광산구 월계로 144 1층","24","35.21327","126.841156"
"832","하나마트(하남4번로)","광주 광산구 하남산단4번로 172 로또카페","24","35.19074","126.80882"
"832","은미복권방","경기 부천시 소사로794번길 6","31","37.52689","126.80513"
"832","로또카페","경기 평택시 관광특구로 13 1층102호","31","37.06724","127.06053"
"832","남평로또점","전남 나주시 남평1로 12 파평회관 1층","36","35.046345","126.8391"
"832","조례로또복권방","전남 순천시 봉화2길 58 조례로또복권방","36","34.95842","127.51815"
"832","북마산복권전문점","경남 창원시 마산합포구 북성로 98","38","35.215973","128.5708"
"833","노다지 노원역점 복권방","서울 노원구 상계로 78,(상계동)","11","37.656223","127.06374"
"833","나눔로또수입과자","서울 성북구 삼선교로 87","11","37.58996","127.01501"
"833","럭키","부산 북구 시랑로 138","21","35.195084","129.01054"
"833","경동G-PLUS할인마트","부산 해운대구 세실로 30 경동G-PLUS아파트상가103","21","35.168427","129.17944"
"833","세진전자통신","대구 서구 서대구로 156","22","35.8719","128.5552"
"833","버블샵카페 고래의꿈","광주 광산구 목련로273번길 88 운남주공아파트 상가108호","24","35.17795","126.82506"
"833","황금도끼복권방","경기 광주시 능평로 214","24","37.34523","127.17725"
"833","혹시나도","충북 음성군 감곡면 왕장리 521-9번지 복권방","33","37.119133","127.63936"
"834","GS25(양재삼익점)","서울 서초구 바우뫼로 184 향천빌딩 105호","11","37.478596","127.040306"
"834","잠실매점","서울 송파구 올림픽로 269 잠실역 8번출구 앞 가판","11","37.514446","127.10071"
"834","토큰판매복권담배","서울 송파구 가락동(가락2동) 164-20","11","37.49635","127.1312"
"834","영화마을운남점","광주 광산구 하남대로 297-1 1층","24","35.17923","126.82627"
"834","GS25(안산고잔점)","경기 안산시 단원구 고잔동 710-3번지 법조타운108호","31","37.310196","126.827385"
"834","한아름매점","충남 홍성군 광천로 330","34","36.503197","126.62555"
"834","진우복권명당","경북 경산시 경산로15길 1-11","37","35.815308","128.7312"
"834","GS25(영천ic점)","경북 영천시 봉동 668-5번지","37","35.93314","128.94496"
"834","반딧불로또","경남 거제시 아주동 1696-6 1층 cu편의점 내","38","34.86537","128.68983"
"834","천하명당복권방","경남 거제시 옥포성안로 60","38","34.891693","128.69492"
"834","제이엠정보통신","경남 함안군 함안대로 552 1층","38","35.27584","128.40576"
"835","스파","서울 노원구 동일로 1493 상계주공아파트(10단지) 주공10단지종합상가111","11","37.66166","127.05787"
"835","제이복권방","서울 종로구 종로 225-1 평창빌딩 1층 103호","11","37.571293","127.00283"
"835","다연마트","서울 중랑구 겸재로 122","11","37.58679","127.08132"
"835","돈벼락맞는곳","부산 사상구 낙동대로 910 마트월드 A-160호","21","35.141865","128.971"
"835","위너로또","인천 남동구 구월남로 212  동원프라자 101호","23","37.45245","126.71311"
"835","찬스복권방","인천 부평구 육동로 20-1 1층","23","37.48712","126.72512"
"835","GS25(십정센터점)","인천 부평구 십정동 117번지 B동","23","37.478703","126.6906"
"835","신흥엑스포쇼핑","인천 서구 가석로156번길 20","23","37.49705","126.67706"
"835","행복로또","광주 동구 남문로 699 행복로또","24","35.13296","126.92802"
"835","대박나라","대전 유성구 유성대로720번길 39","25","36.35737","127.33416"
"835","역전광장상회","경기 파주시 금촌1동 329-19번지","31","37.765278","126.77464"
"835","행운복권방","경기 평택시 서정남로 131","31","37.060966","127.05394"
"835","대박찬스","전북 군산시 칠성로 164","35","35.969368","126.67934"
"835","나이스로또복권","전남 여수시 이순신광장로 210","36","34.73967","127.745186"
"835","행운복권방(감포)","경북 경주시 감포로 141","37","35.80664","129.50232"
"836","시흥식품","서울 금천구 시흥대로63길 13 1층","11","37.454872","126.89883"
"836","럭키복권방","서울 도봉구 노해로63길 79 우림빌딩106","11","37.653114","127.04623"
"836","갈렙분식한식","서울 중랑구 용마산로115길 92","11","37.59823","127.09528"
"836","부일카서비스","부산 동구 자성로133번길 35","21","35.140015","129.06306"
"836","복권명당","대전 서구 만년남로3번길 164,(만년동)","25","36.366486","127.37305"
"836","백석고앞 정류장 로또판매점","경기 고양시 일산동구 일산로 196 대길프라자 1층 104호","31","37.65395","126.790726"
"836","코아복권방","경기 오산시 궐동 631-1번지 GS25(궐동코아점)","31","37.15934","127.05934"
"836","로또판매점","경기 포천시 호국로 1900","31","37.92011","127.221146"
"836","팡팡복권방","충북 진천군 상산로 71","33","36.854687","127.44187"
"836","복덩어리","충북 청주시 서원구 호국로25번길 1","33","36.63041","127.474365"
"836","로또복권방","충북 청주시 청원구 내수로 725-1 디지털프라자 옆","33","36.726448","127.53578"
"836","씨스페이스(삼계가야점)","경남 김해시 삼계동 1462-9번지 102호","38","35.26322","128.87074"
"836","로또복권하대점","경남 진주시 도동로 188","38","35.18703","128.12248"
"836","석촌로또","제주 제주시 조천읍 함덕리 1002-16 GS25","39","33.54146","126.66783"
"837","GS25(트윈테크점)","서울 금천구 가산동 345-9번지 SK트윈테크타워A동-103호","11","37.476254","126.883194"
"837","스파","서울 노원구 동일로 1493 상계주공아파트(10단지) 주공10단지종합상가111","11","37.66166","127.05787"
"837","다산복권","경기 남양주시 퇴계원면 퇴계원리 56-13 1층 편의점 내 일부","31","37.65691","127.14367"
"837","일죽휴게소복권","경기 안성시 일죽면 월정리 481-4 일죽휴게소내 세븐일레븐 일죽휴게소점","31","37.088207","127.46024"
"837","줄줄이복권방","경기 오산시 부산동(중앙동) 778-8 1층 105호","31","37.157104","127.07897"
"837","로또팡팡 토토팡팡","전북 군산시 지곡로 30","35","35.956726","126.71061"
"838","우일","서울 송파구 마천로 235","11","37.49996","127.14397"
"838","무지개복권","경기 오산시 현충로 95","31","37.160877","127.07752"
"838","프림","경기 평택시 서해로 1402","31","37.0175","126.94532"
"838","왕대박복권방","충북 청주시 청원구 두릉유리로 1119","33","36.741096","127.45344"
"838","NG24","경북 칠곡군 북중리3길 59","37","36.079823","128.41183"
"839","교통카드판매대","서울 강동구 상일로15길 18 1층","11","37.557686","127.17006"
"839","열린복권방","부산 사상구 괘법동 546-16번지 프라자슈퍼","21","35.162617","128.98518"
"839","로또나라","대구 남구 장전1길 30-21,(대명동)","22","35.84196","128.57289"
"839","복권천국","인천 남동구 석산로 120","23","37.460194","126.70505"
"839","천일복권방","울산 중구 반구정6길 60 1층건물내","26","35.55865","129.34554"
"839","한꿈복권방","울산 중구 번영로 586","26","35.568794","129.34589"
"839","대박찬스","경기 광주시 송정로 69 나산상가1층4호","24","37.41619","127.25289"
"839","팡팡마트","경기 남양주시 오남읍 오남리 493-1","31","37.680286","127.21047"
"839","행복미니슈퍼","경기 부천시 부일로 409","31","37.487118","126.77558"
"839","로또휴게실","경기 용인시 기흥구 용구대로 1885","31","37.256386","127.10432"
"839","인제복권방","강원 인제군 비봉로 11-1","32","38.068172","128.17274"
"839","로또복권초당판매점","전남 무안군 무안읍 성남리 88-1번지 CU편의점","36","34.987846","126.474236"
"839","행운의집제1호점","경북 안동시 영가로 24","37","36.56516","128.7333"
"840","대일슈퍼","대전 서구 월평중로24번길 48","25","36.35651","127.366516"
"840","버스표판매소","경기 고양시 덕양구 화신로 76 샘터마을1단지아파트 971번지선","31","37.619034","126.840454"
"840","나이키로또복권방","경기 광주시 경충대로 899 1층 111-1호(초월프라자)","24","37.362164","127.3133"
"840","CU(구리토평점)","경기 구리시 토평동 997번지","31","37.593136","127.150665"
"840","나눔로또","경기 수원시 팔달구 정조로 791 병원 앞 가판점","31","37.27876","127.01627"
"840","나도로또","경기 파주시 동패동 1759-6번지 씨티타워104호","31","37.711067","126.74581"
"840","407억당첨가판점","강원 춘천시 중앙로 65 국민은행앞 가판","32","37.87923","127.726616"
"840","학우사혜진로또판매점","경북 울진군 읍내2길 13-3 울진시장내","37","36.99184","129.40198"
"840","해피복권","경남 창원시 마산합포구 가포로 98  1층 CU편의점 내","38","35.175564","128.5623"
"840","GS25(진해제일점)","경남 창원시 진해구 화천동 19-2번지","38","35.152073","128.6598"
"841","지원물산","서울 노원구 공릉로 108,(공릉동)","11","37.61983","127.078094"
"841","우미6호가판점","서울 서대문구 충정로5길 2","11","37.56276","126.96408"
"841","전원레코드","부산 북구 효열로 226","21","35.263943","129.01996"
"841","천하명당복권","대구 북구 칠곡중앙대로 545,(읍내동)","22","35.94432","128.55064"
"841","씨스페이스(범물청구점)","대구 수성구 범물동 1277-11번지","22","35.82074","128.6424"
"841","충남상회","인천 미추홀구 석정로 78 10호","23","37.466232","126.64562"
"841","로또","경기 구리시 갈매순환로 96 102호(갈매동,오대타워)","31","37.62838","127.1196"
"841","북문복권방","경기 수원시 장안구 정조로 927-1","31","37.29028","127.01279"
"841","25시슈퍼","경기 시흥시 함송로14번길 13-17 홍익프라자1층107호","31","37.362453","126.72994"
"841","태양복권방","경기 파주시 문산읍 사임당로 138-1","31","37.86615","126.80652"
"841","천하명당","강원 철원군 금학로 195-2","32","38.206326","127.21916"
"841","로또복권방분평점","충북 청주시 서원구 월평로 78","33","36.611122","127.493454"
"841","복권판매점","충남 서산시 고운로 164 미림화랑 옆 1층 상가","34","36.783356","126.45343"
"841","활력","충남 서산시 고운로 202","34","36.783394","126.457756"
"841","오름복권","경남 김해시 진례로 277 2호 복권판매점","38","35.252476","128.74738"
"841","목화휴게소","경남 사천시 사천대로 912","38","35.0018","128.05415"
"841","Goodday복권전문점","경남 창원시 성산구 반송로50번길 14","38","35.239998","128.66164"
"842","서하네","서울 구로구 개봉로20길 66","11","37.493343","126.85801"
"842","돈벼락맞는곳","부산 서구 구덕로 194","21","35.10192","129.02007"
"842","대운","경기 김포시 대명항로 209","31","37.653645","126.595695"
"842","터미널편의점1층","경기 수원시 권선구 권선동 1189 수원복합터미널1301호","31","37.25043","127.02087"
"842","행운로또판매점","경기 시흥시 서울대학로278번길 19-14 배곧프라자 109호","31","37.37014","126.72863"
"842","마이더스로또복권방","경기 안양시 동안구 안양판교로 12-2,(관양동)","31","37.400826","126.977646"
"842","우두로또","강원 춘천시 영서로 2786 1층","32","37.901936","127.72848"
"842","복권명당","경북 경산시 경안로 214","37","35.82663","128.73682"
"842","세방매점","경북 경주시 산업로 4447 (용강동)","37","35.877205","129.22649"
"842","죽림프라자","경남 통영시 신죽1길 90 죽림프라자 1층 105호 CU편의점","38","34.87458","128.41788"
"843","싱글벙글6/45","부산 연제구 중앙대로 1041 좌측 싱글벙글복권방","21","35.181576","129.07777"
"843","하늘과바다","인천 부평구 부개동 67-9번지","23","37.49801","126.7352"
"843","둔포로또판매점","충남 아산시 충무로 1810 둔포로또판매점","34","36.930553","127.038376"
"843","씨유 영주 가흥대로점","경북 영주시 가흥동 1821 CU가흥대로점","37","36.814716","128.60829"
"843","대박찬스","경남 창원시 마산합포구 자산삼거리로 16","38","35.202923","128.56621"
"844","미나식품(로또판매점)","서울 강서구 금낭화로 91-12","11","37.5735","126.81066"
"844","CU마차길점복권방","서울 금천구 독산동(독산제1동) 330-1 CU(독산마차길점) 편의점내","11","37.470013","126.89346"
"844","천하명당복권방동소문점","서울 성북구 도봉로3길 9 1층","11","37.59673","127.014626"
"844","잠실매점","서울 송파구 올림픽로 269 잠실역 8번출구 앞 가판","11","37.514446","127.10071"
"844","신간판","서울 중구 무교로 24","11","37.568092","126.979454"
"844","돈벼락맞는곳","부산 동구 조방로49번길 18-1","21","35.139168","129.05995"
"844","코리아로또","부산 북구 구포동 587-5번지 누리마트내코너","21","35.209274","129.00291"
"844","CU(알리앙스점)","대구 달서구 감삼동 146-31번지","22","35.850105","128.538"
"844","대박천하마트","인천 부평구 굴포로 48","23","37.51157","126.72634"
"844","씨네월드매곡점","광주 북구 매곡동 214-56번지","24","35.191303","126.89327"
"844","버스표판매소","경기 고양시 덕양구 화신로 76 샘터마을1단지아파트 971번지선","31","37.619034","126.840454"
"844","한아름복권방(매탄점)","경기 수원시 영통구 권선로 808","31","37.255295","127.03862"
"844","CU(여주ＩＣ점)","경기 여주시 점봉동(여흥동) 437-1","31","37.263885","127.63978"
"844","유방매표소","경기 용인시 처인구 백옥대로 1388","31","37.25881","127.21292"
"844","로또복권방","경기 의왕시 효행로 42","31","37.351208","126.97329"
"844","노다지복권","강원 삼척시 중앙시장길 48-49","32","37.4424","129.1672"
"844","월드마트","충북 청주시 흥덕구 장구봉로129번길 2","33","36.62477","127.44766"
"844","천하제일복권명당연무점","충남 논산시 연무읍 안심리 1126-36번지","34","36.13547","127.10008"
"845","영광정보통신","서울 성북구 화랑로 92 1층 우측1호","11","37.602676","127.0425"
"845","복권방","부산 사하구 장림번영로 25","21","35.081005","128.96823"
"845","로또복권","대구 북구 연암로22길 1 1층 복권판매점","22","35.94375","128.56425"
"845","CU로또","인천 미추홀구 인주대로 128","23","37.456226","126.651215"
"845","로또복권방","인천 연수구 독배로40번길 7 103호","23","37.42442","126.6453"
"845","새상무복권","광주 서구 치평로 30 수암빌딩 1층 102호","24","35.149944","126.84769"
"845","교통카드충전소","경기 고양시 덕양구 화정로 지하 60 화정역 2번출구","31","37.634552","126.83321"
"845","로또복권슈퍼(국제꽃화원)","경기 의정부시 동일로 681,(금오동)","31","37.748566","127.05282"
"845","복권나라","강원 삼척시 도계읍 도계리 393-1번지","32","37.234924","129.04465"
"845","로또명당인주점","충남 아산시 서해로 519-2","34","36.87784","126.89828"
"845","제일복권","경남 양산시 양산역2길 7 대상골드타워 103호 복권판매점","38","35.335594","129.02797"
"846","가로가판대","서울 관악구 시흥대로 572","11","37.48392","126.90269"
"846","가로가판대","서울 관악구 시흥대로 572","11","37.48392","126.90269"
"846","가로가판대","서울 관악구 시흥대로 572","11","37.48392","126.90269"
"846","베스토아(용전2호)","대전 동구 동서대로 1689 복합터미널서관1층59호","25","36.35038","127.43664"
"846","세븐일레븐 로또판매점","경기 광주시 오포읍 신현리 399-3","24","37.367283","127.162155"
"846","대박로또점","경기 구리시 갈매동 604-2 1층 세븐일레븐","31","37.6323","127.117386"
"846","동탄 반송 복권방","경기 화성시 동탄반송3길 68 103호","31","37.21055","127.06815"
"846","로또명당","충남 천안시 동남구 천안대로 103 5호","34","36.759037","127.171036"
"846","드림로또","전북 전주시 덕진구 소리로 198","35","35.85812","127.15354"
"846","훼미리마트 우아대로점","전북 전주시 덕진구 건산로 276,(우아동2가)","35","35.835472","127.16736"
"846","제철로또대리점","전남 광양시 광장로 125 시티프라자A동116호","36","34.935413","127.693985"
"846","해피데이24복권","경북 고령군 다산면 평리리 253-2번지","37","35.825546","128.45348"
"846","행운의집","경북 안동시 북문동 23-7번지","37","36.566982","128.7295"
"847","운수대통가판점","서울 성동구 왕십리로 327","11","37.562363","127.03318"
"847","GS25(서면제일점)","부산 부산진구 부전동 220-1","21","35.1539","129.06163"
"847","남경슈퍼","부산 연제구 연수로 204-1,(연산동)","21","35.173622","129.09308"
"847","포시즌신리점. 은비복권","부산 연제구 연수로 144 포시즌실리점 내","21","35.2134","129.02145"
"847","로또구영편의점","울산 울주군 범서읍 구영로 100 구영프라자1층111호","26","35.573647","129.2414"
"847","태양정보통신","경기 광주시 고불로 56 상가1층","24","37.39323","127.23178"
"847","에이원","경기 안양시 동안구 관평로319번길 29","31","37.40511","126.95588"
"847","나나 복권판매소","경남 양산시 상북중앙로 319 복권판매점","38","35.4122","129.05919"
"848","한일로또","인천 남동구 경인로 664-1 1층점포101호","23","37.469135","126.70827"
"848","행운슈퍼","대전 대덕구 오정로100번길 37","25","36.35597","127.40929"
"848","천동마트","대전 동구 천동(효동) 119-4","25","36.311916","127.44233"
"848","우리로또복권","경기 연천군 청산면 청신로 91,(초성리)","31","37.982903","127.06913"
"848","근대화온천슈퍼","충남 아산시 삼동로 94-1","34","36.788322","127.012794"
"848","현대마트휴게실","전북 군산시 경포천동길 26","35","35.9758","126.7267"
"848","북마산복권전문점","경남 창원시 마산합포구 북성로 98","38","35.215973","128.5708"
"849","가판점","서울 서초구 효령로 283 가판","11","37.4851","127.01497"
"849","인터넷 복권판매사이트","동행복권(dhlottery.co.kr)","","37.482063","127.015785"
"849","버스매표소","인천 부평구 부평대로 3 가판","23","37.49181","126.722725"
"849","하늘과바다","인천 부평구 부개동 67-9번지","23","37.49801","126.7352"
"849","장터슈퍼","대전 동구 대전로 663-2","25","36.319733","127.43849"
"849","대박로또방","경기 광명시 광명동 158-789번지 1층편의점","31","37.479305","126.85402"
"849","GS25(상동서해점)","경기 부천시 원미구 상동 546-6번지 서해프라자1067호","31","37.503944","126.75057"
"849","행운복권방","경기 수원시 권선구 구운로 46-1 103호","31","37.27796","126.97342"
"849","로또복권판매점","경기 안산시 상록구 구룡로 14","31","37.311577","126.86743"
"849","부발로또","경기 이천시 무촌로 95 1층","31","37.28235","127.48449"
"849","꿈로또복권전문점","강원 강릉시 옥천로 47","32","37.759296","128.90057"
"849","복권방","강원 원주시 관설동(반곡관설동) 1702-1 1층 (CU)","32","37.318775","127.965"
"849","CU고창강호점","전북 고창군 중거리당산로 88 굿모닝빌 1층 103호 CU편의점 내","35","35.427715","126.69774"
"849","로또편의점","전북 전주시 덕진구 아중로 173","35","35.827095","127.1683"
"849","현아비디오로또","전남 순천시 풍덕주택길 90 현아복권방","36","34.940002","127.503815"
"849","종합복권방","전남 해남군 해남로 34 종합복권방편의점","36","34.570763","126.61092"
"849","범어로또판매점","경남 양산시 목화로 52 좌측 복권판매점","38","35.331547","129.0016"
"850","미나식품(로또판매점)","서울 강서구 금낭화로 91-12","11","37.5735","126.81066"
"850","세진전자통신","대구 서구 서대구로 156","22","35.8719","128.5552"
"850","버스표판매소","경기 고양시 덕양구 중앙로557번길 7-23 비금빌딩앞","31","37.62244","126.836075"
"850","마두5번출구가판로또","경기 고양시 일산동구 중앙로 1200","31","37.65387","126.77711"
"850","포유25대호점","경기 오산시 대호로  104","31","37.159443","127.05442"
"850","썬마트","충북 청주시 흥덕구 진재로23번길 25","33","36.632607","127.42811"
"851","소문난복권명당","서울 성북구 돌곶이로 29","11","37.60689","127.06081"
"851","한주복권방","인천 연수구 인권로 9  1층 CU","23","37.41865","126.6514"
"851","안성맞춤","경기 안성시 안성맞춤대로 1099-1","31","37.01107","127.2699"
"851","행운나라복권방","경기 안양시 만안구 충훈로 95","31","37.40742","126.89791"
"851","황금복권","강원 원주시 단계동 808 삼익상가 105호","32","37.351185","127.9295"
"851","편의점사랑(그린신화점)","충북 청주시 청원구 충청대로 53","33","36.66188","127.49122"
"851","세븐일레븐광천중앙로또판매점","충남 홍성군 충절로 966 1층 이마트24 편의점내","34","36.594994","126.67432"
"851","기찬복권방","전남 영암군 중앙로 79 1층","36","34.803104","126.69944"
"852","엘도라도복권점문점","서울 광진구 용마산로 47","11","37.55781","127.08759"
"852","가판14호","서울 중구 퇴계로 37","11","37.557816","126.97671"
"852","동해복권전문점","강원 동해시 발한로 226-1","32","37.549698","129.10861"
"852","로또복권 하대점","경남 진주시 도동로 188","38","35.18703","128.12248"
"853","버스토큰판매소","서울 구로구 시흥대로 583-1 꽃집 옆 가판대","11","37.48411","126.902695"
"853","마두역상행선 가판대","경기 고양시 일산동구 중앙로 1181 교보생명 일산사옥 마두역상행선가판대","31","37.65222","126.77706"
"853","LG슈퍼","경기 광명시 연서로 10","31","37.48104","126.863335"
"853","노다지복권방서정지점","경기 평택시 서정역로 23","31","37.0562","127.05544"
"853","충무로또45국도점","충남 아산시 충무로 647","34","36.83662","127.01094"
"853","제일복권","경남 양산시 양산역2길 7 대상골드타워 103호 복권판매점","38","35.335594","129.02797"
"853","행운로또복권방","경남 창원시 진해구 용원로 89","38","35.098915","128.81892"
"854","씨스페이스(범어사역점)","부산 금정구 남산동 21-4번지","21","35.27165","129.09244"
"854","교통카드충전소","경기 고양시 덕양구 화정로 지하 60 화정역 2번출구","31","37.634552","126.83321"
"854","행복한사람들 (흥부네)","경기 광주시 경충대로 763","24","37.355545","127.325386"
"854","매탄동슈퍼","경기 수원시 영통구 매봉로49번길 51","31","37.27264","127.05042"
"854","행운을주는로또판매점","경기 안산시 단원구 초지로 90 태영프라자 태영프라자111호","31","37.306877","126.81511"
"854","퓨전로또판매점성동점","경북 경주시 원화로 291,(성동동)","37","35.846596","129.217"
"855","오로라복권방","서울 광진구 뚝섬로 625 국민은행자양동지점 50m","11","37.532303","127.0791"
"855","가판대","서울 도봉구 마들로 859-19 도봉산역 1번출구앞 가판대","11","37.685726","127.048035"
"855","돈벼락맞는곳","부산 동구 조방로49번길 18-1","21","35.139168","129.05995"
"855","복권전문점","인천 부평구 원적로 437","23","37.50383","126.7151"
"855","일등로또","인천 서구 청라커낼로 252 청라 롯데캐슬 제비동 제1층 107호  CU청라캐슬점","23","37.530746","126.64502"
"855","버스매표소 복권판매소","인천 중구 우현로 69 중앙로지하상가 163호","23","37.47554","126.631294"
"855","대박마트","대전 중구 충무로 124,(대사동)","25","36.318714","127.43058"
"855","천사마트","충남 천안시 서북구 두정로 117 상가1층6호","34","36.834194","127.12997"
"855","알리바이(나주점)","전남 나주시 나주로 142 알리바이","36","35.031338","126.71719"
"856","천하명당로또","서울 은평구 증산로9길 17","11","37.585667","126.9086"
"856","이마트24 일산덕이점","경기 고양시 일산서구 미래로 164","31","37.69311","126.74687"
"856","럭키복권방","경기 수원시 영통구 센트럴타운로 15 아이플렉스104호","31","37.288116","127.0574"
"856","꿀단지로또","경기 평택시 여술1길 100 평택스마트빌포레 101-B호","31","36.989857","126.8414"
"856","왕대박복권","전북 전주시 덕진구 가련산로 17","35","35.841637","127.11063"
"857","강일코사할인마트","서울 강동구 고덕로97길 29 강일리버파크9단지아파트 105호","11","37.55984","127.1788"
"857","천일슈퍼","서울 구로구 구로3동 1124-72번지","11","37.483536","126.89975"
"857","꽃제비칼국수","서울 노원구 광운로12길 13","11","37.621292","127.05987"
"857","한양슈퍼복권","서울 성북구 지봉로24길 65","11","37.582336","127.020454"
"857","복권명당","서울 중랑구 면목로 362 1층","11","37.58428","127.088585"
"857","형제상회","대전 서구 계룡로 664-1,(용문동)","25","36.336784","127.39472"
"857","GS25(고양주교점)","경기 고양시 덕양구 주교동 568번지 1층3호","31","37.6629","126.83835"
"857","GS25(고양주교점)","경기 고양시 덕양구 주교동 568번지 1층3호","31","37.6629","126.83835"
"857","GS25(고양주교점)","경기 고양시 덕양구 주교동 568번지 1층3호","31","37.6629","126.83835"
"857","드림복권전문점","경기 평택시 평남로 651","31","36.991936","127.10693"
"857","천하명당복권방","경기 평택시 오성면 죽리 1-6 마키리오스빌딩1층107호","31","37.007774","126.97032"
"857","홍익슈퍼","강원 강릉시 가작로 311 복권판매점","32","37.771343","128.90924"
"857","행운로또","충북 진천군 덕금로 792 편의점 내","33","36.854416","127.44796"
"857","CU(정읍인네점)","전북 정읍시 조곡천1길 60","35","35.56709","126.85108"
"857","탑로또","경남 거제시 거제중앙로 1787 서원탑훼밀리마트 서원탑훼밀리마트고현점 내(계룡온천옆)","38","34.878452","128.62807"
"858","복권나라","서울 관악구 남부순환로 1739-9","11","37.482788","126.943474"
"858","대만상사","서울 성북구 보국문로11길 30","11","37.608795","127.008354"
"858","종합가로판매점113호패션TV앞","서울 중구 을지로 264 롯데 FiTin","11","37.56575","127.006966"
"858","행운을주는사람들","충북 충주시 연수상가길 42 1층 복권방","33","36.987648","127.93161"
"858","행운을주는사람들","충북 충주시 연수상가길 42 1층 복권방","33","36.987648","127.93161"
"858","이마트24보령골드점","충남 보령시 대천방조제로 20 주2동 1~2호","34","36.34624","126.58906"
"858","역전복권방","충남 예산군 아리랑로 7","34","36.68642","126.83009"
"858","또또복권방","전북 익산시 고봉로32길 3","35","35.95982","126.971695"
"858","노다지복권방","전남 여수시 봉산1로 12","36","34.732132","127.7224"
"859","가판 창동역점","서울 도봉구 마들로11길 73 창동역문화마당앞","11","37.653225","127.04908"
"859","토큰판매소","서울 송파구 바람드리길 62","11","37.536663","127.12238"
"859","잠실매점","서울 송파구 올림픽로 269 잠실역 8번출구 앞 가판","11","37.514446","127.10071"
"859","다인로또","부산 기장군 정관로 830","21","35.32425","129.20282"
"859","슈퍼복권나라","부산 부산진구 범일로142번길 31 1층 복권방","21","35.142838","129.0611"
"859","대원슈퍼마켓","부산 수영구 수영로 524","21","35.152473","129.112"
"859","마두역상행선 가판대","경기 고양시 일산동구 중앙로 1181 교보생명 일산사옥 마두역상행선가판대","31","37.65222","126.77706"
"859","차부상회","경기 김포시 통진읍 조강로 50","31","37.690342","126.60031"
"859","대박천국","경기 부천시 수도로 194 중앙블리체 108호","31","37.519245","126.7866"
"859","백석상회","경기 양주시 백석읍 양주산성로 550","31","37.786922","126.992905"
"859","동명슈퍼","강원 속초시 중앙로 205 GS25동명점","32","38.208916","128.59273"
"860","버스카드판매대","서울 관악구 신림로 145-2","11","37.47187","126.93328"
"860","다모아복권","서울 구로구 경인로19길 4","11","37.495926","126.84278"
"860","로또온천장점","부산 동래구 중앙대로 1520 북쪽출구 빵집","21","35.213894","129.08134"
"860","영재서적해강점","부산 해운대구 해운대로 428 올림픽타운상가101호","21","35.166252","129.13992"
"860","로또명당","대구 북구 동천동 878-4번지","22","35.93204","128.55652"
"860","GS로또(호계수성)","울산 북구 호계동(농소1동) 277-2 GS편의점","26","35.62844","129.35345"
"860","한아름 복권판매점","경기 광주시 광동로 50","24","37.470287","127.308075"
"860","복권닷컴","강원 양양군 양양로 62","32","38.075512","128.62233"
"860","봉황로또","전북 임실군 운수로 6","35","35.616184","127.28901"
"860","이마트24구미황상점","경북 구미시 수출대로 555","37","36.110912","128.42572"
"861","서재강변로또","대구 달성군 다사읍 서재로 172,(서재리)","22","35.878708","128.49748"
"861","로또판매점","충북 청주시 서원구 현도면 선동리 502-5 gs25편의점","33","36.48691","127.42338"
"861","이마트24당진합덕점","충남 당진시 덕평로 561","34","36.809128","126.775925"
"861","로또복권","경북 김천시 신음새동네길 13","37","36.134804","128.11852"
"862","애니콜플라자","서울 구로구 구로중앙로 31","11","37.492527","126.8906"
"862","가판점","서울 중구 퇴계로 123","11","37.561066","126.98525"
"862","남경슈퍼","부산 연제구 연수로 204-1,(연산동)","21","35.173622","129.09308"
"862","만복래","인천 부평구 주부토로 20-2 1층","23","37.496822","126.72482"
"862","해피+24시편의점","광주 북구 하서로 330","24","35.2045","126.8739"
"862","ALWAYSMART","경기 고양시 일산동구 백마로 501-2","31","37.663174","126.803696"
"862","복권백화점","경기 여주시 세종로 41 1층","31","37.294037","127.63629"
"862","유명복권대박","강원 강릉시 율곡로 2793","32","37.754337","128.90088"
"862","희망복권방","전남 나주시 풍물시장1길 3","36","34.99262","126.70952"
"863","신천대로점","서울 송파구 잠실동 175-12번지 CU편의점내","11","37.511417","127.08049"
"863","드림복권방","인천 중구 인중로 97-1 삼익아파트","23","37.464256","126.6324"
"863","대박로또판매점","경기 수원시 장안구 서부로 2129-1 태양공예가구","31","37.298717","126.97125"
"863","복권전문점","경기 수원시 팔달구 매산로 17","31","37.2676","127.00333"
"863","순살로복권","경기 의왕시 내손중앙로 43 서광상가 14호","31","37.38684","126.98045"
"863","자수정슈퍼","전북 전주시 완산구 용머리로 152","35","35.805733","127.12693"
"863","통영 동피랑점","경남 통영시 태평동 403 1층 CU편의점 내","38","34.846355","128.42435"
"864","미나식품(로또판매점)","서울 강서구 금낭화로 91-12","11","37.5735","126.81066"
"864","기장슈퍼","부산 기장군 차성동로 69","21","35.243927","129.2165"
"864","일등복권편의점","대구 달서구 대명천로 220 1층","22","35.84214","128.53621"
"864","세진전자통신","대구 서구 서대구로 156","22","35.8719","128.5552"
"864","라이프마트","인천 중구 연안부두로53번길 36 5호","23","37.45236","126.60402"
"864","김포로또판매","경기 김포시 율생로 3","31","37.652786","126.59066"
"864","진성식품","충북 제천시 의병대로 84 1층","33","37.136086","128.20995"
"864","복권나라","충남 계룡시 엄사면 엄사리 184-4","34","36.28952","127.24185"
"864","제일복권방","전북 군산시 미원로 39","35","35.976982","126.709724"
"864","나이스로또복권","전남 여수시 이순신광장로 210","36","34.73967","127.745186"
"864","씨스페이스(석적 남율리점)","경북 칠곡군 남율로9길 24","37","36.067467","128.4018"
"865","삼정그린환경","서울 강동구 양재대로 1355 오스카상가136호","11","37.527393","127.13561"
"865","세븐일레븐강서화곡예스점","서울 강서구 화곡로42길 35","11","37.54598","126.84741"
"865","복권마트","서울 서대문구 세검정로 31","11","37.591908","126.944885"
"865","토큰박스7호광장점","대구 달서구 달구벌대로 1714,(두류동)","22","35.85594","128.55305"
"865","백송마트","광주 광산구 월계로 110 104호","24","35.21345","126.83743"
"865","백송마트","광주 광산구 월계로 110 104호","24","35.21345","126.83743"
"865","인스토어편의점","경기 고양시 덕양구 화정로 53 새롬프라자1층 112호","31","37.63517","126.83188"
"865","토큰박스","경기 남양주시 진건오남로 112-1 동양할인마트 앞 로또판매점","31","37.660786","127.179695"
"865","행운나눔로또방","경기 화성시 향남읍 하길리 1459-5","31","37.11778","126.91532"
"865","로뎀","경기 화성시 주석로 237","31","37.21168","126.8556"
"865","CU(동해발한점)","강원 동해시 발한동 39-14번지","32","37.54819","129.10857"
"865","6.2.3복권방","충남 아산시 순천향로 933","34","36.76061","127.02417"
"865","금성복권방","전남 나주시 대호동(성북동) 236 GS편의점 내","36","35.04872","126.72078"
"866","엘도라도복권점문점","서울 광진구 용마산로 47","11","37.55781","127.08759"
"866","우리마트","인천 계양구 봉오대로743번길 25 한아름상가101 102호","23","37.5329","126.73182"
"866","로또복권판매소","인천 계양구 계양산로 186 102호","23","37.54739","126.73643"
"866","금집복권","광주 북구 첨단연신로108번길 134","24","35.2088","126.86471"
"866","잘찍어로또방","경기 평택시 안현로서5길 62","31","36.988426","126.92788"
"866","복권가판","강원 춘천시 시청길 32 1층 이마트 24","32","37.88103","127.73115"
"866","선경로또","충북 제천시 용두대로 59 1층","33","37.13622","128.19936"
"866","복돼지복권방","경북 경산시 대학로 330","37","35.839024","128.7573"
"866","대박상사","경남 창원시 진해구 충장로  88 알통 닭강정","38","35.15234","128.66164"
"867","노다지복권방","인천 미추홀구 한나루로 400 학익시장 외7필지125호","23","37.443375","126.66496"
"867","천국열쇠","광주 북구 북문대로 157","24","35.182514","126.87206"
"867","천하명당","경기 시흥시 신천3길 26-1 1층1호","31","37.438892","126.783295"
"867","로또스튜디오","충북 청주시 청원구 사뜸로 48-1 1층","33","36.666542","127.48148"
"867","홈짱","충북 청주시 흥덕구 서경로28번길 19 휴대폰매장내","33","36.617184","127.44338"
"868","노다지복권방","서울 양천구 월정로 137","11","37.531162","126.837425"
"868","행운복권방","서울 은평구 응암로11길 3 1층 3호","11","37.58823","126.91619"
"868","묵동식품","서울 중랑구 동일로 919","11","37.612457","127.07704"
"868","라이프마트","인천 중구 연안부두로53번길 36 5호","23","37.45236","126.60402"
"868","운수대통","경기 수원시 권선구 매실로 73","31","37.269012","126.95872"
"868","동남슈퍼","전북 부안군 번영로 173","35","35.727222","126.73916"
"869","오케이상사","서울 서초구 신반포로 176 센트럴시티내100호매점","11","37.504353","127.00359"
"869","경기상회","인천 남동구 장승남로 42 은빛프라자 104호","23","37.443142","126.73679"
"869","행운복권방","광주 광산구 금봉로 95 1층","24","35.152218","126.808975"
"869","아스타","광주 서구 상무대로 917","24","35.15136","126.862305"
"869","GS25울산동구남목점","울산 동구 동해안로 27","26","35.541866","129.42636"
"869","로또복권방","경기 가평군 가평읍 읍내리 448-3 1층","31","37.831","127.512695"
"869","분당고속터미널","경기 성남시 분당구 성남대로925번길 16 분당종합터미널 테마폴리스1층","31","37.413086","127.127304"
"869","행복충전소","경기 평택시 탄현로 332-2","31","37.0818","127.05637"
"869","황금알복권방","충북 진천군 장기길 102","33","36.990017","127.445274"
"869","대박로또방","전북 장수군 장천로 170","35","35.647224","127.5186"
"870","종합가판점","서울 동대문구 왕산로40길 6 건물 앞쪽 가판점 청량리역 5번출구 앞쪽","11","37.579697","127.04497"
"870","복권방","부산 부산진구 당감서로 84 202호","21","35.167698","129.03735"
"870","알리바이","광주 광산구 수등로 253 1층 알리바이","24","35.185387","126.83668"
"870","로또플러스24","광주 광산구 장신로 143 45타워 109호 로또플러스24","24","35.191006","126.825905"
"870","힐링로또","대전 대덕구 송촌남로47번길 2","25","36.355907","127.44237"
"870","왕대박","경기 평택시 안정로29번길 32 1층 우측","31","36.96071","127.0464"
"870","로또명당해미점","충남 서산시 남문2로 108","34","36.71344","126.54419"
"870","우리로또복권방","전남 여수시 무선중앙로 71","36","34.7728","127.65182"
"870","로또야놀자","경북 경주시 양정로 211,(동천동)","37","35.85151","129.22398"
"870","목화휴게소","경남 사천시 사천대로 912","38","35.0018","128.05415"
"871","스파","서울 노원구 동일로 1493 상계주공아파트(10단지) 주공10단지종합상가111","11","37.66166","127.05787"
"871","동행복권방","경기 의정부시 평화로 477","31","37.734566","127.047585"
"871","흥양마중물","강원 원주시 치악로 2335 1층","32","37.38372","127.97537"
"871","보은로또판매점","충북 보은군 보청대로 1892 식자재마트 앞 가판","33","36.489136","127.71749"
"871","대박행운복권방","충남 아산시 온천대로 104 서해안 휴게소내 편의점","34","36.746223","126.86672"
"871","탑로또","경남 거제시 거제중앙로 1787 서원탑훼밀리마트 서원탑훼밀리마트고현점 내(계룡온천옆)","38","34.878452","128.62807"
"871","GS25(양산혜인점)","경남 양산시 평산동 31-5번지","38","35.384815","129.15508"
"872","스타복권방(스타문구)","서울 서대문구 통일로 173-1","11","37.56915","126.9631"
"872","인터넷 복권판매사이트","동행복권(dhlottery.co.kr)","","37.482063","127.015785"
"872","가판대20호","서울 송파구 송파대로 365 석촌농협앞가판대20호","11","37.500404","127.111046"
"872","나미로또","인천 미추홀구 주안동(주안8동) 1518","23","37.450188","126.6861"
"872","대일슈퍼","대전 서구 월평중로24번길 48","25","36.35651","127.366516"
"872","한일로또나라","경기 수원시 장안구 경수대로 930 삼성홈플러스 북수원홈플러스內","31","37.302715","127.00877"
"872","다니엘사","경기 안산시 단원구 원선1로 38 두산위브아파트 101호","31","37.326073","126.80417"
"872","GS25(안산경일점)","경기 안산시 상록구 성포동 591-4","31","37.323517","126.84679"
"872","행운복권방","경기 안성시 서동대로 7184 1층 복권방","31","37.084095","127.449036"
"872","진성복권방","경기 포천시 가산로 380","31","37.847607","127.19117"
"872","세븐일레븐삼척삼원점","강원 삼척시 중앙로 185 용비타워 세븐일레븐삼척삼원점","32","37.440216","129.16751"
"872","또또복권방","전북 익산시 고봉로32길 3","35","35.95982","126.971695"
"872","복조리복권방","전북 장수군 장계면 장계천변길 55-4","35","35.731014","127.58352"
"872","용미사진관(로또)","전남 순천시 팔마로 113-1 용미사진관","36","34.94597","127.50092"
"872","여수동서상사","전남 여수시 신월로 709 대영마트내","36","34.73417","127.719246"
"872","GS25거제중곡점(로또)","경남 거제시 고현동 1007-1 GS편의점 내","38","34.893513","128.62599"
"873","CU(수유대로점)","서울 강북구 노해로 121 두울빌딩","11","37.64605","127.0244"
"873","CU(포레스트힐점)","서울 종로구 효제동(종로5.6가동) 65-2 1층 101호 씨유포레스트힐점","11","37.574207","127.00181"
"873","세진전자통신","대구 서구 서대구로 156","22","35.8719","128.5552"
"873","지산로또방","광주 동구 지호로 25-2","24","35.14832","126.93205"
"873","나눔로또","세종  장군면 도계리 154-1 CU편의점","29","36.497536","127.20573"
"873","노다지복권","강원 횡성군 문정로 52","32","37.488537","127.98868"
"873","쿡쿡로또명당","충북 옥천군 금장로 65 상점 세븐일레븐편의점","33","36.30031","127.57118"
"873","CU(거제해금강)","경남 거제시 고현동 997-5번지","38","34.894135","128.63022"
"873","e마트24(진양호점)","경남 진주시 남강로 58 1층","38","35.162823","128.03957"
"873","완월로또","경남 창원시 마산합포구 고운로 175 한미초록빌라 세븐일레븐 내","38","35.197372","128.56186"
"874","복권방","서울 구로구 구로동 409-80번지 1층","11","37.493923","126.88259"
"874","우리은행금호동지점앞가판","서울 성동구 장터길 46","11","37.54814","127.02097"
"874","쎄븐타임","서울 용산구 백범로47길 6 1층 102호 (슈퍼마켓)","11","37.54074","126.95836"
"874","CU 은평어드밴스힐점","서울 은평구 진관동 100-4 상가동1층 117118호 CU어드밴스힐점","11","37.633564","126.91864"
"874","일등복권편의점","대구 달서구 대명천로 220 1층","22","35.84214","128.53621"
"874","LA24시편의점","대구 달서구 달구벌대로 1005,(호산동)","22","35.853176","128.47704"
"874","미니스톱인천효성점","인천 계양구 안남로 551","23","37.532257","126.71038"
"874","초이스편의점","인천 남동구 하촌로 6","23","37.449066","126.73032"
"874","제일슈퍼","인천 연수구 앵고개로 242 제일상가112호","23","37.408646","126.670815"
"874","25편의점","경기 광주시 오포로 514 25편의점","24","37.344296","127.21286"
"874","제이테크복권방","경기 군포시 금산로 14","31","37.363926","126.94101"
"874","대박슈퍼","경기 부천시 원미로 103 유림연립 마동 1층 103호","31","37.491756","126.79044"
"874","성진마트","경기 부천시 수도로 123,(내동)","31","37.516987","126.77924"
"874","부자나라(CU성남중원구청점)","경기 성남시 중원구 성남동 3789번지 1층","31","37.42997","127.1367"
"874","주택복권방","경기 안양시 동안구 흥안대로145번길 77 77","31","37.374123","126.95816"
"874","만복편의점","충북 청주시 흥덕구 봉명동(봉명1동) 900","33","36.64026","127.46085"
"874","38복권방","전북 전주시 완산구 용리로 118","35","35.79816","127.12262"
"874","북마산복권전문점","경남 창원시 마산합포구 북성로 98","38","35.215973","128.5708"
"875","영광정보통신","서울 성북구 화랑로 92 1층 우측1호","11","37.602676","127.0425"
"875","가판점(신문)","서울 영등포구 양평로 48","11","37.534508","126.90126"
"875","우정식품","부산 동래구 온천장로 39","21","35.21585","129.07948"
"875","하단복권","부산 사하구 당리동 304-3번지","21","35.105415","128.96988"
"875","복권로또판매점","대전 동구 동대전로 223-1","25","36.34154","127.44839"
"875","복권명당","대전 서구 만년남로3번길 164,(만년동)","25","36.366486","127.37305"
"875","행운마트","경기 고양시 일산서구 송산로 331 104호","31","37.683872","126.71574"
"875","대박복권","경기 부천시 심곡본동 316-2 부천역사쇼핑몰 W6 7-2호","31","37.484024","126.78282"
"875","선경로또","충북 제천시 용두대로 59 1층","33","37.13622","128.19936"
"875","행운을주는사람들","충북 충주시 연수상가길 42 1층 복권방","33","36.987648","127.93161"
"875","푸른로또","충남 당진시 무수동로 129 여울빌딩103호","34","36.891132","126.63681"
"875","세븐일레븐광양시청점","전남 광양시 행정2길 2","36","34.941307","127.69642"
"875","성심상회","경북 포항시 북구 불종로 78","37","36.038174","129.36801"
"875","진교로또복권판매점","경남 하동군 민다리길 76","38","35.02851","127.903046"
"876","동원마트","서울 강동구 풍성로 209","11","37.529346","127.1351"
"876","로또","서울 강서구 가양동 1480-8번지 102호","11","37.563026","126.85222"
"876","복권방","서울 광진구 자양로18길 34","11","37.537773","127.08546"
"876","스파","서울 노원구 동일로 1493 상계주공아파트(10단지) 주공10단지종합상가111","11","37.66166","127.05787"
"876","경동G-PLUS할인마트","부산 해운대구 세실로 30 경동G-PLUS아파트상가103","21","35.168427","129.17944"
"876","GS25(대구교대점)","대구 남구 대명동(대명2동) 2007-6 GS25 대구교대점","22","35.852573","128.5909"
"876","라이프마트","인천 중구 연안부두로53번길 36 5호","23","37.45236","126.60402"
"876","해피+24시편의점","광주 북구 하서로 330","24","35.2045","126.8739"
"876","천하명당복권방역전점","대전 동구 대전로 815","25","36.332386","127.43188"
"876","공원슈퍼","경기 수원시 장안구 팔달로 257-1 1층(영화동)","31","37.288837","127.01324"
"876","사격장매표소","경기 시흥시 은행동 37-22","31","37.43876","126.797195"
"876","역전광장상회","경기 파주시 금촌1동 329-19번지","31","37.765278","126.77464"
"876","복돼지복권방","경기 화성시 3.1만세로 43","31","37.08277","126.81872"
"876","복권나라","충북 증평군 중앙로 199-1","33","36.783936","127.58088"
"876","대광복권방","전남 화순군 칠충로 55 대광로제비앙 대광그린상가동 1층109호","36","35.05548","126.97712"
"876","로또복권델리25옥동점","경북 안동시 옥동 734번지 테마프라자A-161호","37","36.56624","128.69998"
"876","CU로또(강구터미널점)","경북 영덕군 318만세길 182 오른쪽 상가","37","36.542164","129.40834"
"876","CU로또(강구터미널점)","경북 영덕군 318만세길 182 오른쪽 상가","37","36.542164","129.40834"
"876","탑로또","경남 거제시 거제중앙로 1787 서원탑훼밀리마트 서원탑훼밀리마트고현점 내(계룡온천옆)","38","34.878452","128.62807"
"877","인터넷 복권판매사이트","동행복권(dhlottery.co.kr)","","37.482063","127.015785"
"877","화랑복권","부산 부산진구 당감동 282-7번지 오렌지데이점포 내","21","35.165623","129.03938"
"877","일등복권편의점","대구 달서구 대명천로 220 1층","22","35.84214","128.53621"
"877","흥부네박터졌네","인천 계양구 계산로111번길 8","23","37.538","126.72464"
"877","오천억복권방","광주 서구 상무대로 1087","24","35.15296","126.880745"
"877","태양마트","대전 유성구 노은로 157 골드프라자 106호","25","36.373707","127.317375"
"877","웅진","경기 수원시 팔달구 효원로 257 홈플러스동수원점 4층(홈플러스 동수원점)","31","37.262756","127.03011"
"877","드림메드","경기 안산시 상록구 월피로 56 101호","31","37.3334","126.85087"
"877","천하명당복권방","경기 안성시 중앙로 424","31","37.006596","127.27369"
"877","당첨희망복권점","경기 이천시 영창로 145 관고사거리","31","37.282043","127.43878"
"877","복권마트","강원 홍천군 홍천로 409 1층","32","37.690258","127.88947"
"877","MONEY(편의점)","경남 김해시 삼문로 25 110호 복권판매점","38","35.192936","128.80331"
"878","GS25(사당남사점)","서울 동작구 사당동 1005-54번지","11","37.482853","126.98076"
"878","일등복권편의점","대구 달서구 대명천로 220 1층","22","35.84214","128.53621"
"878","운수대통","인천 부평구 동암광장로 6 1층 A호","23","37.470837","126.70217"
"878","오천억복권방","광주 서구 상무대로 1087","24","35.15296","126.880745"
"878","로또명당가두판매점","경기 안양시 동안구 경수대로 848-2 동안구가로판매대2005-00065","31","37.393017","126.94313"
"878","행운복권방","경기 의정부시 충의로 55","31","37.73674","127.08712"
"879","포인트","서울 강동구 올림픽로 677 북쪽 코너 점포 1칸","11","37.541996","127.12431"
"879","왕대박복권","대구 달성군 비슬로 2208","22","35.78826","128.46335"
"879","로또기업","대전 동구 동서대로 1684 복합터미널 건너편","25","36.348797","127.43712"
"879","영희복권방","울산 동구 진성8길 53 동해연립주택 무주슈퍼 내","26","35.507305","129.42906"
"879","복권방","경기 평택시 평택로 154 1층 복권방","31","36.999325","127.07971"
"879","로또통신","경남 김해시 함박로101번길 22 삼우빌딩104호 복권판매점","38","35.234215","128.86583"
"880","보성정보통신","서울 동대문구 장한로2길 24","11","37.56191","127.06647"
"880","킹부대찌개 테이크아웃 신설동점","서울 종로구 숭인동길 35","11","37.576656","127.0218"
"880","세진전자통신","대구 서구 서대구로 156","22","35.8719","128.5552"
"880","대박천하마트","인천 부평구 굴포로 48","23","37.51157","126.72634"
"880","수암완구","울산 남구 수암로 118","26","35.52809","129.3202"
"880","헬로 로또편의점","경기 남양주시 별내5로5번길 4-8 1층 102호","31","37.65006","127.11402"
"880","수내행운복권방","경기 성남시 분당구 수내동 17-3번지 105호 알파문구내","31","37.37756","127.11351"
"881","헬로마트","서울 도봉구 도봉로170길 8,(도봉동)","11","37.680374","127.04596"
"881","그랜드마트앞가판점","서울 마포구 신촌로 94","11","37.554924","126.93597"
"881","월드24시","서울 은평구 통일로 855-15","11","37.61925","126.919785"
"881","노다지복권방","부산 북구 낙동대로 1704","21","35.206566","128.9972"
"881","해뜰날수퍼","경기 화성시 효행로 241 남수원씨티프라자 103호","31","37.22605","126.97234"
"881","왕대박복권","충남 논산시 연산면 계백로 1853 편의점","34","36.21237","127.17872"
"881","로또복권","경북 구미시 신시로10길 80 1층","37","36.11576","128.34741"
"881","왕대박복권방","경북 문경시 중앙로 15,(모전동)","37","36.588123","128.19293"
"882","국민슈퍼","서울 도봉구 도봉로 588,(창동)","11","37.657055","127.04011"
"882","한누리","서울 동작구 사당동(사당제2동) 132-6","11","37.48763","126.98099"
"882","천국열쇠","광주 북구 북문대로 157","24","35.182514","126.87206"
"882","필로또복권","충남 서산시 호수공원6로 64 1층","34","36.77264","126.45055"
"882","복권파는집","경남 창원시 마산회원구 3·15대로 765","38","35.240227","128.58365"
"883","윈마트","서울 송파구 삼학사로16길 4 삼학사로 16길 우측 건물 1층","11","37.503494","127.09767"
"883","염주현대토토","광주 서구 화정동 859-1번지 염주현대아파트상가 내","24","35.13906","126.87747"
"883","참조은 복권","울산 중구 성안로 167 금관상가1층","26","35.575462","129.31622"
"883","드림테크","경기 부천시 안곡로 11 기풍빌딩 107호","31","37.479034","126.80357"
"883","복권세상","경기 여주시 우암로 21-1 1층","31","37.29685","127.633064"
"883","복권세상","경기 의정부시 호원동 366-25","31","37.728767","127.03901"
"883","동문그린복권방","경기 파주시 조리읍 대원리 221-8 동문상가 CU","31","37.728317","126.814865"
"883","동명슈퍼","강원 속초시 중앙로 205 GS25동명점","32","38.208916","128.59273"
"883","흥양마중물","강원 원주시 치악로 2335 1층","32","37.38372","127.97537"
"883","퇴계로또","강원 춘천시 효자동(효자2동) 696 GS25 남춘로점","32","37.86748","127.728546"
"883","은성로또","충북 음성군 감곡면 장감로 118 1층 낚시가게","33","37.11832","127.63549"
"883","돼지복권방","충남 부여군 사비로 61","34","36.277966","126.91031"
"883","GS25(천안성지점)","충남 천안시 동남구 일봉로 12-4","34","36.79333","127.12969"
"883","Letsgo복권유통","전북 전주시 덕진구 무삼지로 29","35","35.82817","127.16468"
"883","CU(거제해금강)","경남 거제시 고현동 997-5번지","38","34.894135","128.63022"
"884","바이복","서울 강남구 일원로5길 19","11","37.491383","127.082275"
"884","명당마트","서울 강서구 양천로 91","11","37.573605","126.81405"
"884","인터넷 복권판매사이트","동행복권(dhlottery.co.kr)","","37.482063","127.015785"
"884","범일서적","부산 동구 진시장로 19-2 1층복권방","21","35.137386","129.05898"
"884","노다지복권방","인천 미추홀구 한나루로 400 학익시장 외7필지125호","23","37.443375","126.66496"
"884","드림","경기 수원시 권선구 정조로 615","31","37.263794","127.01421"
"884","천하명당복권방","경기 수원시 팔달구 매산로 2","31","37.26661","127.00185"
"884","드래곤복권","경기 용인시 기흥구 중부대로 814","31","37.25603","127.143364"
"884","둔포로 로또방","충남 아산시 둔포로 92-12 세븐일레븐 편의점","34","36.924553","127.04408"
"884","부자복권방","전북 군산시 구시장로 4","35","35.980473","126.72023"
"884","도깨비방망이","전남 완도군 완도읍 장보고대로 220 도깨비방망이","36","34.31606","126.7492"
"884","로또혁신점","경북 김천시 율곡동 777 cu로제니아","37","36.117584","128.18199"
"885","가판점","서울 서대문구 영천동 280번지","11","37.57119","126.960945"
"885","GS25(사하중앙점)","부산 사하구 감천동(감천제1동) 648-6","21","35.090534","128.99878"
"885","GS25(인천관교점)","인천 남구 관교동 492-5번지","23","37.443047","126.69412"
"885","우미슈퍼","광주 서구 풍암순환로 183 우미아파트상가118동-101호","24","35.12672","126.88115"
"885","복권전문점","대전 유성구 유성대로694번길 84","25","36.35407","127.33618"
"885","황금대박방","경기 고양시 덕양구 삼송동 30-29번지","31","37.653103","126.89347"
"885","삼천리자전거","경기 고양시 덕양구 은빛로77번길 73","31","37.64001","126.835556"
"885","월드컵","경기 수원시 팔달구 월드컵로 299-1","31","37.285313","127.03505"
"885","소망점","경기 용인시 처인구 양지로148번길 2-4 1층","31","37.234165","127.28433"
"885","역전슈퍼","경기 의정부시 가능로 96,(의정부동)","31","37.746723","127.041626"
"885","도깨비 복권 전문점","충북 증평군 광장로 119","33","36.78428","127.585045"
"885","여기있었네복권방","전북 김제시 남북로 171","35","35.79936","126.88456"
"885","알리바이(나주점)","전남 나주시 나주로 142 알리바이","36","35.031338","126.71719"
"886","명당복권방","서울 동작구 상도로 281 1층","11","37.50238","126.94859"
"886","셀피아","울산 북구 명촌7길 43 복권판매점","26","35.553764","129.35832"
"886","K-마트","경기 의정부시 평화로 359 회룡한주아파트 상가동 110호","31","37.723663","127.04769"
"886","명당복권방","충북 청주시 청원구 주성동 163-3","33","36.677174","127.49765"
"886","금진슈퍼","전남 여수시 좌수영로 11","36","34.741383","127.72764"
"886","영화마을흥해점","경북 포항시 북구 흥해읍 흥해로 26,(남성리)","37","36.107815","129.34518"
"886","코리아슈퍼","경남 통영시 안개로 42 수아지오아파트 상가1층 103호","38","34.85912","128.43123"
"887","로또","서울 강서구 마곡동 784-13 CU마곡아르디에점","11","37.563503","126.83936"
"887","가판100호","서울 중구 을지로 115-1","11","37.56644","126.990746"
"887","신안할인마트","서울 중랑구 공릉로2나길 44 신안2차아파트상가101","11","37.6141","127.08007"
"887","주공24시편의방","대전 동구 옥천로180번길 19 판암주공아파트2차상가","25","36.316658","127.46117"
"887","천하명당","경기 안양시 동안구 부림로 121 동아프라자아케이드 제125,제126","31","37.39411","126.96444"
"887","왕대박로또","경기 이천시 덕평로 917 CU이천덕평","31","37.2397","127.362816"
"887","해피드림조이","경남 창원시 의창구 천주로 24-1","38","35.26424","128.61836"
"887","로또복권","경남 창원시 의창구 팔용동(팔룡동) 31-2 CU편의점 내","38","35.26004","128.63731"
"888","다모아복권방","서울 구로구 서해안로30길 13-7 1층","11","37.4933","126.844315"
"888","복권천국","부산 남구 못골로 48-2","21","35.13574","129.08777"
"888","우정식품","부산 동래구 온천장로 39","21","35.21585","129.07948"
"888","다복슈퍼","부산 수영구 수영동 451-13번지","21","35.169216","129.11288"
"888","서재강변로또","대구 달성군 다사읍 서재로 172,(서재리)","22","35.878708","128.49748"
"888","복권사랑","경기 가평군 청평중앙로 24 1층 CU청평중앙로점","31","37.736507","127.41756"
"888","로또복권4공단점","경북 구미시 첨단기업1로 18","37","36.140465","128.43942"
"888","제일복권","경남 양산시 양산역2길 7 대상골드타워 103호 복권판매점","38","35.335594","129.02797"
"889","흥부네박터졌네","인천 계양구 계산로111번길 8","23","37.538","126.72464"
"889","씨스페이스(주안1-2)","인천 미추홀구 주안동(주안1동) 224-1","23","37.462917","126.68"
"889","행운로또방","인천 부평구 십정동(십정1동) 322-19 1층","23","37.474007","126.69574"
"889","행운복권방","경기 성남시 분당구 구미동 185-1번지 비즈파이코리아103호","31","37.339294","127.10936"
"889","다니엘사","경기 안산시 단원구 원선1로 38 두산위브아파트 101호","31","37.326073","126.80417"
"889","포유25다농점","경기 오산시 오산동 924-1번지 거성그린프라자114호","31","37.149662","127.0754"
"889","태흥복권방","경기 의정부시 의정로 118","31","37.743553","127.03504"
"889","이천대박로또","경기 이천시 경충대로 1830 가산삼거리","31","37.239483","127.51252"
"889","로또명당해미점","충남 서산시 남문2로 108","34","36.71344","126.54419"
"889","순천복권랜드","전남 순천시 신월큰길 26 세븐일레븐조례신월점","36","34.960903","127.51891"
"890","GS25(수영광안점)","부산 수영구 광안동(광안제3동) 75-1","21","35.166866","129.11656"
"890","성광복권명당","부산 연제구 과정로 335","21","35.19","129.0911"
"890","GS25(대구교대점)","대구 남구 대명동(대명2동) 2007-6 GS25 대구교대점","22","35.852573","128.5909"
"890","대박복권방","경기 연천군 전곡읍 온골로 57-1,(전곡리)","31","38.02602","127.06766"
"890","CU(강릉내곡점)","강원 강릉시 내곡동 471-6번지","32","37.744522","128.8819"
"890","복슈퍼","경남 김해시 가야로 19 푸르지오상가 111호 복권판매점","38","35.27011","128.86241"
"890","명당로또","경남 창원시 성산구 가양로 54,(가음동)","38","35.20658","128.70035"
"890","제주대림점","제주 제주시 과원북2길 48","39","33.478714","126.487656"
"890","로또명당목련","제주 제주시 삼무로 77","39","33.48999","126.495056"
"891","일등복권편의점","대구 달서구 대명천로 220 1층","22","35.84214","128.53621"
"891","타운복권방","광주 북구 밤실로 184-1","24","35.16375","126.93414"
"891","GS25 운정호수공원캐슬","경기 파주시 가온로 184 108호","31","37.72006","126.75289"
"891","복권천하 미스터잉크동해점","강원 동해시 발한로 35","32","37.535885","129.10315"
"891","충무로또45국도점","충남 아산시 충무로 647","34","36.83662","127.01094"
"891","역전로또","경북 경주시 원화로 260 1층 짐케어내","37","35.843643","129.21754"
"891","역전로또","경북 경주시 원화로 260 1층 짐케어내","37","35.843643","129.21754"
"892","내복권방","서울 노원구 노원로1나길 5 1층","11","37.62124","127.082855"
"892","금사랑","서울 양천구 월정로 38","11","37.523212","126.84258"
"892","가로판매대제152호(신)","서울 중구 남대문로 114","11","37.567276","126.982994"
"892","GS25(중촌현대점)","대전 중구 중촌동 17-2번지","25","36.337418","127.4125"
"892","고양행복복권","경기 고양시 덕양구 삼송로 142","31","37.652287","126.8898"
"892","가두판매점","경기 안양시 만안구 안양로 330-1","31","37.401344","126.91967"
"892","황금복권방","경기 안양시 만안구 성결대학로 13-1","31","37.383","126.9325"
"892","로또휴게실","경기 용인시 기흥구 용구대로 1885","31","37.256386","127.10432"
"892","미니슈퍼","경기 의정부시 시민로 269 장령상가 1층","31","37.735577","127.06079"
"892","문막로또명당","강원 원주시 원문로 1841 1층","32","37.309364","127.81838"
"892","희망로또","강원 춘천시 운교동(조운동) 182-6 동부시장 농협은행앞 가판","32","37.876713","127.734535"
"892","썬마트","충북 청주시 흥덕구 진재로23번길 25","33","36.632607","127.42811"
"892","베스트올수성점","전북 정읍시 수성2로 28","35","35.58169","126.854416"
"892","로또복권","경북 김천시 신음새동네길 13","37","36.134804","128.11852"
"892","로또복권","경북 김천시 신음새동네길 13","37","36.134804","128.11852"
"892","CU(통영북신에이스점)","경남 통영시 무전8길 14-12","38","34.859547","128.4269"
"892","로또명당목련","제주 제주시 삼무로 77","39","33.48999","126.495056"
"893","우성슈퍼","서울 강동구 구천면로 371","11","37.550728","127.13971"
"893","오케이상사","서울 서초구 신반포로 176 센트럴시티내100호매점","11","37.504353","127.00359"
"893","복권천국","서울 성동구 무학봉16길 22-2 1층","11","37.559914","127.032906"
"893","로또온천장점","부산 동래구 중앙대로 1520 북쪽출구 빵집","21","35.213894","129.08134"
"893","복권명당(서부점)","대구 달서구 월배로 452","22","35.833633","128.55486"
"893","GS25(계산동경점)","인천 계양구 계산동 1076-7번지 도쿄프라자1층2호","23","37.53578","126.73629"
"893","로또복권","경기 안산시 단원구 선부광장1로 121 중앙슈퍼 101호","31","37.33222","126.81208"
"893","돈벼락복권","강원 태백시 번영로 356","32","37.171455","128.99202"
"893","충청복권전문점","충남 천안시 서북구 성환2로 108","34","36.91694","127.132835"
"894","일등복권방","서울 동대문구 사가정로 125,(전농동)","11","37.577873","127.058815"
"894","복권명당","서울 동작구 국사봉길 26","11","37.498108","126.92918"
"894","스포츠베팅샵","서울 서초구 동산로 48 서희빌딩 104호","11","37.471325","127.04434"
"894","교통카드판매대","서울 영등포구 여의나루로 71 동화빌딩","11","37.523926","126.9267"
"894","하영","인천 서구 청라에메랄드로 65 서해그랑블 아파트 상가 102호","23","37.53106","126.6557"
"894","씨유송도프라자","인천 연수구 송도동 2-6번지 송도프라자108호","23","37.395847","126.65242"
"894","대한복권","경기 부천시 부천로 52","31","37.489605","126.7842"
"894","육사구(6/49)복권방","경기 용인시 처인구 한터로 132","31","37.24952","127.22552"
"894","천하명당복권","제주 서귀포시 동문로 38","39","33.250393","126.5648"
"895","노다지 노원역점 복권방","서울 노원구 상계로 78,(상계동)","11","37.656223","127.06374"
"895","가로판매점","서울 서초구 동작대로 118","11","37.487","126.98254"
"895","이마트24 광안리굿-7","부산 수영구 광안로 49","21","35.1553","129.1177"
"895","자유마켓","광주 서구 화운로304번길 15 GS25편의점 내","24","35.165966","126.87894"
"895","로또석모리","경기 김포시 석모로 42","31","37.652554","126.64563"
"895","꿈과희망의복권방","경기 부천시 원미로 130,(원미동)","31","37.494133","126.79146"
"895","마리오슈퍼","경기 부천시 송내대로265번길 85 뱅뱅프라자 1층 118호","31","37.50734","126.753876"
"895","진평양행","강원 강릉시 임영로 107","32","37.751263","128.89407"
"895","국가대표복권방","강원 영월군 영월읍 중앙로 68 1층","32","37.183304","128.47118"
"895","로또복권","경북 군위군 군위읍 중앙길 32,(서부리)","37","36.231487","128.56749"
"895","빙그레 돈벼락 맞는곳","경남 김해시 김해대로 910 좌측 복권판매점","38","35.293262","128.78296"
"895","이마트24 홍문점","경남 창원시 마산합포구 문화남11길  12 이마트24 편의점내","38","35.184055","128.55925"
"896","노다지훼밀리","서울 강동구 구천면로 251","11","37.542835","127.13127"
"896","모닝마트","울산 남구 장생포고래로 183","26","35.501972","129.37468"
"896","세븐일레븐남양주차산점","경기 남양주시 수레로 1096","31","37.635174","127.30377"
"896","유방매표소","경기 용인시 처인구 백옥대로 1388","31","37.25881","127.21292"
"896","축복큰대운집","경기 파주시 중앙로 324 1층","31","37.76446","126.77457"
"896","우두로또","강원 춘천시 영서로 2786 1층","32","37.901936","127.72848"
"896","썬마트","충북 청주시 흥덕구 진재로23번길 25","33","36.632607","127.42811"
"897","로또판매CU논현SK점","서울 강남구 언주로 510 효림빌딩 지하 1층","11","37.51675","127.040855"
"897","가판점","서울 서초구 효령로 283 가판","11","37.4851","127.01497"
"897","인터넷 복권판매사이트","동행복권(dhlottery.co.kr)","","37.482063","127.015785"
"897","잠실매점","서울 송파구 올림픽로 269 잠실역 8번출구 앞 가판","11","37.514446","127.10071"
"897","더드림로또","인천 미추홀구 관교동 15 1층 상점2호","23","37.441406","126.70131"
"897","1등 복권","인천 부평구 부평대로87번길 3 1층","23","37.499165","126.72182"
"897","노다지복권방","경기 김포시 중봉1로 81 제1층","31","37.6264","126.70524"
"897","㈜현대택배권선영업소","경기 수원시 권선구 곡반정로 95-1 104호","31","37.23694","127.03014"
"897","이지복권","경기 안산시 단원구 동산로 63 이마트 107호","31","37.31435","126.79728"
"897","복권전당","강원 속초시 동해대로 4007 1층","32","38.189827","128.59659"
"897","장락복권판매점","충북 제천시 청전대로 213 1층","33","37.152035","128.22113"
"897","행운복권방 보생당건강원","전북 익산시 무왕로 1268","35","35.960304","126.99727"
"897","조천청룡","제주 제주시 신북로 255","39","33.53805","126.63927"
"898","행운의복권방","서울 관악구 양녕로 37-1","11","37.48539","126.94667"
"898","행운로또복권판매점","서울 구로구 고척로 123-2","11","37.502304","126.84798"
"898","토큰판매소","서울 송파구 바람드리길 62","11","37.536663","127.12238"
"898","CU(입석강변점)","대구 동구 입석동 933-2번지","22","35.890266","128.64635"
"898","흥건슈퍼","전북 전주시 완산구 거마평로 25 흥건1차아파트상가 흥건슈퍼","35","35.794403","127.11578"
"898","하당복권방","전남 목포시 옥암로 46","36","34.803894","126.429474"
"898","토토복권장흥점","전남 장흥군 장흥읍 건산리 720-13번지","36","34.68053","126.90687"
"898","공단로또점","경남 함안군 삼칠로 831 슈퍼 옆 1층","38","35.360252","128.48526"
"899","드림 편의점","서울 도봉구 덕릉로60길 26","11","37.639008","127.040054"
"899","교통카드판매대","서울 송파구 송파대로28길 27 송파성원쌍떼빌 공영주차장앞가판","11","37.495056","127.120415"
"899","승차권판매소(북비산점)","대구 서구 달서로 201","22","35.880478","128.57124"
"899","금호마트","경기 구리시 검배로 29,(수택동)","31","37.598663","127.1431"
"899","행복미니슈퍼","경기 부천시 부일로 409","31","37.487118","126.77558"
"899","아이지에이마트 오산무지개점","경기 오산시 현충로 95","31","37.160877","127.07752"
"900","행운복권방","서울 도봉구 노해로63길 79 우림빌딩106","11","37.653114","127.04623"
"900","로또복권판매소","서울 마포구 마포대로 44 진도빌딩앞","11","37.539944","126.94703"
"900","종합가판제141호","서울 중구 퇴계로 447 황학 아크로타워","11","37.566044","127.02172"
"900","한국인세계대박복권","인천 연수구 한나루로197번길 34","23","37.42769","126.65522"
"900","남문시장","경기 수원시 팔달구 수원천로255번길 6 영동시장 영동시장 101호","31","37.277145","127.01858"
"900","알리바이(나주점)","전남 나주시 나주로 142 알리바이","36","35.031338","126.71719"
"901","GS25(삼성역점)","서울 강남구 삼성동 168번지","11","37.510536","127.06286"
"901","새로나슈퍼","서울 강서구 강서로5나길 10","11","37.52875","126.84772"
"901","서울구가-17가판","서울 구로구 구로동로 130-2 구로4동우체국앞가판","11","37.490326","126.88439"
"901","복권","서울 중랑구 망우로30길 8 105호","11","37.592857","127.07427"
"901","황금슈퍼","광주 북구 동문대로 102 장안빌딩","24","35.172222","126.92482"
"901","나눔로또한대점","경기 안산시 상록구 중보로 57 한양대프라자 한양대프라자106호","31","37.30809","126.852844"
"901","용꿈돼지꿈복권전문점","강원 동해시 중앙로 234 이주민상가1층15호","32","37.52171","129.115"
"901","황실복권방","충남 천안시 동남구 충절로 799","34","36.769257","127.20064"
"901","빛가람나눔슈퍼","전남 나주시 호수로 74 103호","36","35.013306","126.79055"
"902","코코마켓","서울 강서구 화곡로 137","11","37.540974","126.836975"
"902","복권나라","서울 관악구 남부순환로 1739-9","11","37.482788","126.943474"
"902","인터넷 복권판매사이트","동행복권(dhlottery.co.kr)","","37.482063","127.015785"
"902","로또","서울 중구 신당동 133-14번지","11","37.56378","127.0194"
"902","GS25(부산미남점)","부산 동래구 미남로 131","21","35.205826","129.06937"
"902","동일통신","부산 해운대구 선수촌로 16","21","35.19541","129.11856"
"902","연우로또","인천 계양구 향교로 32-1 1층","23","37.54027","126.72173"
"902","부자로또","울산 남구 월평로 238","26","35.546936","129.33083"
"902","나들가게","경기 부천시 경인로224번길 91 1층 슈퍼","31","37.479206","126.77946"
"902","서울로또방","충북 옥천군 삼금로 8","33","36.29949","127.56668"
"902","복권나라","충북 증평군 중앙로 199-1","33","36.783936","127.58088"
"902","승일유통","충북 청주시 흥덕구 월명로 42","33","36.63832","127.45375"
"902","나래복권","충북 충주시 충원대로 952 1층","33","37.0107","127.91579"
"903","천하명당복권방","서울 광진구 능동로 413","11","37.565952","127.08408"
"903","가로판매점","서울 송파구 올림픽로 132 새마을시장신천역3번출구앞가판","11","37.511227","127.08534"
"903","복권나라","서울 중랑구 봉화산로 30","11","37.60141","127.07752"
"903","잉크와복권","경기 광명시 시청로 69,(철산동)","31","37.48272","126.865616"
"903","픽미 픽미 아이스크림","경기 구리시 산마루로 19 진영트윈타워 A동104호","31","37.63185","127.116394"
"903","플러스원","경기 수원시 장안구 만석로19번길 11-7 대일 108호","31","37.295483","126.98338"
"903","인덕원복권방","경기 안양시 동안구 흥안대로 523","31","37.400696","126.97621"
"903","대박마트","충북 청주시 상당구 원봉로 50 주공상가점포103","33","36.614693","127.50982"
"903","대박마트","충북 청주시 상당구 원봉로 50 주공상가점포103","33","36.614693","127.50982"
"903","천안역로또토토복권방","충남 천안시 동남구 대흥로 237 아시아마트내","34","36.809166","127.14774"
"903","GS25(천안성지점)","충남 천안시 동남구 일봉로 12-4","34","36.79333","127.12969"
"903","현대장미슈퍼","전북 익산시 동서로61길 41 현대아파트1층108호","35","35.95509","126.98032"
"903","로또복권애니타임점","경북 구미시 인동중앙로11길 24 애니타임편의점 내","37","36.10904","128.42"
"904","교통카드충전소","서울 금천구 시흥대로 398","11","37.469357","126.89842"
"904","황금돼지복권방","부산 연제구 중앙대로 1204","21","35.194878","129.0804"
"904","로또판매점","경기 고양시 일산동구 정발산로 24 1층 K-114호","31","37.65477","126.77263"
"904","GS25(수원행복점)","경기 수원시 영통구 영통동 974-6번지 세일빌딩111호","31","37.24678","127.06075"
"904","대박로또명당","충남 당진시 송악로 37","34","36.906906","126.69329"
"904","Letsgo복권방(동산점)","전북 전주시 덕진구 쪽구름로 57-1","35","35.8706","127.07655"
"904","코사할인마트","경남 거제시 연초면 거제북로 46","38","34.91474","128.65558"
"904","목화휴게소","경남 사천시 사천대로 912","38","35.0018","128.05415"
"905","GS25(망원희망점)","서울 마포구 망원동 406-16","11","37.55432","126.90226"
"905","복권명당","대구 동구 경안로 751","22","35.869484","128.71349"
"905","인더라인 정발산점","경기 고양시 일산동구 일산로463번길 5-18","31","37.67344","126.77617"
"905","복권전문점","경기 시흥시 진말로9번길 2 부석프라자114호","31","37.37856","126.78516"
"905","대박복권방","경기 연천군 전곡읍 온골로 57-1,(전곡리)","31","38.02602","127.06766"
"905","파크애비뉴","경기 화성시 화성로 1215 가동 1호","31","37.21417","126.81631"
"905","블루25복권명당대원점","경남 창원시 성산구 두대로 57","38","35.231815","128.65057"
"906","청솔서점","부산 사하구 하신번영로 195","21","35.098824","128.95897"
"906","씨유태화루점(꿈샘)","울산 중구 태화로 297 씨유편의점내","26","35.554195","129.30728"
"906","경인유통","경기 광명시 일직로 79 일직로 72, A동 116호(일직동, 광명국제무역센터)","31","37.42069","126.8901"
"906","토큰박스","경기 남양주시 진건오남로 112-1 동양할인마트 앞 로또판매점","31","37.660786","127.179695"
"906","또또복권방","전북 익산시 고봉로32길 3","35","35.95982","126.971695"
"906","진도로또","전남 진도군 진도읍 동외리 1151-2 진도로또","36","34.481274","126.269325"
"906","로또명당","경남 창원시 마산합포구 문화동13길 17,(창포동3가)","38","35.181427","128.55972"
"906","경일통신","경남 창원시 마산회원구 북성로 340","38","35.23382","128.56064"
"906","성자점빵","제주 제주시 남광로 5 1층","39","33.49232","126.5368"
"907","행복편의점","서울 구로구 구로중앙로 14","11","37.491585","126.89228"
"907","세종로또방","세종 용포로 32","29","36.461655","127.280685"
"907","대박","경기 고양시 덕양구 권율대로 892 101호","31","37.6632","126.89014"
"907","로또삼성복권방","경기 수원시 영통구 매영로 141 원천훼밀리타운 원천훼미리타운105호","31","37.26672","127.05813"
"907","GS25(천안시민점)","충남 천안시 동남구 신부동 469-1번지","34","36.818356","127.15929"
"907","운수대통복권방","전북 익산시 무왕로23길 3","35","35.9597","126.98842"
"907","Letsgo복권유통","전북 전주시 덕진구 무삼지로 29","35","35.82817","127.16468"
"908","자양사거리가로매점","서울 광진구 자양로 95","11","37.536224","127.0832"
"908","오케이상사","서울 서초구 신반포로 176 센트럴시티내100호매점","11","37.504353","127.00359"
"908","씨스페이스(죽림점)","부산 강서구 죽림동 590번지","21","35.196316","128.90057"
"908","다인로또","부산 기장군 정관로 830","21","35.32425","129.20282"
"908","터서점","부산 동래구 아시아드대로 227","21","35.204365","129.06686"
"908","콘테인복권판매점","충남 천안시 동남구 청수11로 13-11 건물 뒤편 콘테인커피숍 내","34","36.783344","127.15366"
"908","영암로또복권","전남 영암군 동문로 8 영암버스터미널 1층","36","34.79684","126.70295"
"908","은정슈퍼","경남 창원시 성산구 원이대로883번길 2 은정상가101호 GS편의점","38","35.207897","128.69461"
"909","GS25(건대제일점)","서울 광진구 화양동 49-1번지","11","37.54183","127.06653"
"909","GS25(건대제일점)","서울 광진구 화양동 49-1번지","11","37.54183","127.06653"
"909","유성복권","서울 송파구 가락동 18-15번지 1층","11","37.501682","127.12469"
"909","복슈퍼","인천 계양구 계산로108번길 4,(계산동)","23","37.537193","126.72408"
"909","바로코사","경기 안산시 상록구 네고지2길 30","31","37.295517","126.85124"
"909","빵!터진!로또복권판매점","경기 안산시 상록구 본오로 133 우성아파트 상가동 우성아파트상가 114호","31","37.2973","126.86652"
"909","샘내 편의점","경기 양주시 평화로 1279","31","37.805496","127.045364"
"909","복권판매점","경기 파주시 운정1길 18","31","37.72453","126.76944"
"909","제일복권","강원 춘천시 중앙로 45 스탠다드차타드은행앞 가판","32","37.880833","127.72832"
"909","노다지복권방","충남 천안시 동남구 원성천1길 151 2호","34","36.808594","127.1619"
"909","로또복권판매도통점","전북 남원시 용성로 232,(도통동)","35","35.41778","127.39722"
"910","복권365","서울 광진구 뚝섬로23길 44","11","37.537205","127.06577"
"910","가로판매점","서울 서대문구 신촌로 103,(창천동)","11","37.55555","126.93745"
"910","행운복권방","부산 부산진구 동평로 115","21","35.16629","129.042"
"910","좋은꿈","광주 북구 서암대로 32,(운암동)","24","35.172512","126.88834"
"910","베스토아(용전2호)","대전 동구 동서대로 1689 복합터미널서관1층59호","25","36.35038","127.43664"
"910","버스표판매소","경기 고양시 덕양구 화신로 76 샘터마을1단지아파트 971번지선","31","37.619034","126.840454"
"910","웅진","경기 수원시 팔달구 효원로 257 홈플러스동수원점 4층(홈플러스 동수원점)","31","37.262756","127.03011"
"910","대선세무경영사무소","경기 안산시 상록구 석호로 170 1층","31","37.296867","126.85053"
"910","미양공단점","경기 안성시 안성맞춤대로 689 102호","31","36.97759","127.26127"
"910","다터져복권방","경기 평택시 중앙2로 42","31","36.991207","127.09152"
"910","다터져복권방","경기 평택시 중앙2로 42","31","36.991207","127.09152"
"910","다터져복권방","경기 평택시 중앙2로 42","31","36.991207","127.09152"
"910","다터져복권방","경기 평택시 중앙2로 42","31","36.991207","127.09152"
"910","다터져복권방","경기 평택시 중앙2로 42","31","36.991207","127.09152"
"910","로또복권","경기 화성시 사강로 172","31","37.21268","126.73488"
"910","로또복권","경기 화성시 사강로 172","31","37.21268","126.73488"
"910","혹시나도","충북 음성군 감곡면 왕장리 521-9번지 복권방","33","37.119133","127.63936"
"910","필로또복권","충남 서산시 호수공원6로 64 1층","34","36.77264","126.45055"
"910","로또기획","경북 안동시 경북대로 443","37","36.568047","128.69786"
"910","로또복권","경북 포항시 남구 원동로 98 1층,좌측첫번째상가,GS25오천두배점","37","35.971855","129.4028"
"910","로또복권방","경남 창원시 성산구 안민안길21번길 4 세평빌딩 세평빌딩102호","38","35.186947","128.69154"
"911","평안당","서울 종로구 종로 219","11","37.57123","127.00219"
"911","애니타임","부산 금정구 서동로175번길 7","21","35.214806","129.10612"
"911","영미연산로또복권점","부산 연제구 반송로 12 CU마트내 별도부스","21","35.18666","129.08276"
"911","CU(참미소점)","대구 달서구 감삼동 170-7번지","22","35.847263","128.53748"
"911","알리바이","광주 광산구 수등로 253 1층 알리바이","24","35.185387","126.83668"
"911","서정로또","경기 고양시 덕양구 중앙로 450 1층 105호","31","37.618458","126.84541"
"911","복드림슈퍼","경기 안양시 동안구 경수대로 515 정우빌딩 1층","31","37.368633","126.95772"
"911","동문그린복권방","경기 파주시 조리읍 대원리 221-8 동문상가 CU","31","37.728317","126.814865"
"911","영스타","경기 평택시 팽성읍 팽성로 90 103호","31","36.94493","127.051765"
"911","GS25(청주수곡점)","충북 청주시 서원구 수곡동 910","33","36.61605","127.47295"
"912","가로판매소","서울 구로구 새말로 117-24 (신도림역2번출구)(구로동)","11","37.50696","126.8903"
"912","씨스페이스(동작점)","서울 동작구 신대방동 690-20","11","37.487347","126.90954"
"912","가로판매점","서울 용산구 원효로 166","11","37.53501","126.961555"
"912","뉴빅마트","부산 기장군 정관중앙로 48 106호","21","35.321114","129.17929"
"912","토토복권","대구 서구 달서로12길 9","22","35.86758","128.57208"
"912","행복세상","대전 대덕구 중리로 52","25","36.363663","127.42535"
"912","노다지복권방","경기 광명시 범안로 1043 (하안동, 원촌빌딩 1층)","31","37.462326","126.878654"
"912","태양정보통신","경기 광주시 고불로 56 상가1층","24","37.39323","127.23178"
"912","(I.A) 로또마트","경기 안산시 단원구 신길로 9-4","31","37.33149","126.78637"
"912","복권가판","강원 춘천시 시청길 32 1층 이마트 24","32","37.88103","127.73115"
"912","복권왕국","충북 제천시 풍양로 108 중앙시장상가 지하145","33","37.136654","128.2113"
"912","대박마트복권방","충남 아산시 음봉로 844 행복한순복음교회 태화상가1층103호","34","36.826508","127.09927"
"912","나눔로또 씨유거제사등대로점","경남 거제시 거제대로 5460 CU편의점","38","34.90891","128.54767"
"912","영건","경남 양산시 새실로 159 나래메트로시티 A동113호 복권판매점","38","35.3149","129.00433"
"913","진영슈퍼","서울 강서구 등촌로 79","11","37.537045","126.8632"
"913","GS25(구로미성점)","서울 구로구 신도림동 399번지 기임빌딩101호","11","37.506195","126.876656"
"913","가로매점","서울 마포구 마포대로 61-1","11","37.54165","126.94801"
"913","인터넷 복권판매사이트","동행복권(dhlottery.co.kr)","","37.482063","127.015785"
"913","9스토아","서울 용산구 이태원로27길 13 지하 1층","11","37.53315","126.994194"
"913","뉴빅마트","부산 기장군 정관중앙로 48 106호","21","35.321114","129.17929"
"913","토토죤","광주 광산구 비아중앙로31번길 10 1층","24","35.221737","126.82428"
"913","도래울 행운로또","경기 고양시 덕양구 도래울로 103 파리바게뜨 왼쪽","31","37.63482","126.87121"
"913","배곧로또판매점","경기 시흥시 은계번영길 7 112호","31","37.4371","126.80162"
"913","해피타임","경기 평택시 서동대로 2044","31","37.006855","126.96957"
"913","로또마트","경기 하남시 미사대로 520 현대지식산업센터 한강미사2차 D동 125호","31","37.558865","127.20458"
"913","한방복권방","경기 화성시 효행로763번길 23","31","37.205154","127.01395"
"913","왔다복권","충남 천안시 서북구 서부16길 9","34","36.823116","127.13769"
"913","대박복권","충남 홍성군 충서로 2423 세븐일레븐","34","36.63776","126.74336"
"913","효자로또판매점","전북 전주시 완산구 우전로 337  103호","35","35.82467","127.101654"
"913","티켓코리아","제주 제주시 관덕로 54-3","39","33.51293","126.52521"
"914","버스토큰판매소","서울 구로구 시흥대로 583-1 꽃집 옆 가판대","11","37.48411","126.902695"
"914","인터넷 복권판매사이트","동행복권(dhlottery.co.kr)","","37.482063","127.015785"
"914","노다지복권방","서울 중구 다산로44길 15","11","37.565044","127.01776"
"914","GS25(남항점)","부산 영도구 남항동1가 63번지","21","35.089817","129.0382"
"914","왕대박(복권방)","대구 북구 칠성남로 143 1층전체","22","35.87749","128.5965"
"914","경기상회","인천 남동구 장승남로 42 은빛프라자 104호","23","37.443142","126.73679"
"914","형제상회","대전 서구 계룡로 664-1,(용문동)","25","36.336784","127.39472"
"914","설악복권방","경기 가평군 신천중앙로 80 성화알미늄 1층","31","37.6759","127.49399"
"914","복권닷컴","경기 성남시 수정구 탄리로 79","31","37.442997","127.135574"
"914","협신복권방","경기 여주시 도예로 28 CU편의점내","31","37.306477","127.640015"
"914","복권판매점","충남 서산시 고운로 164 미림화랑 옆 1층 상가","34","36.783356","126.45343"
"915","GS25(계산동경점)","인천 계양구 계산동 1076-7번지 도쿄프라자1층2호","23","37.53578","126.73629"
"915","행운복권","세종  조치원읍 죽림리 234-5","29","36.591988","127.29835"
"915","드림","경기 수원시 권선구 정조로 615","31","37.263794","127.01421"
"915","행운로또","경기 하남시 미사강변중앙로 164 101호","31","37.561512","127.19113"
"915","공주복권방","충남 공주시 웅진로 210-2","34","36.45911","127.1251"
"915","왕대박로또","전북 전주시 덕진구 만성북1길 3","35","35.849792","127.07736"
"916","토큰박스","서울 동작구 흑석로 106-5 가판점","11","37.507877","126.96144"
"916","인터넷 복권판매사이트","동행복권(dhlottery.co.kr)","","37.482063","127.015785"
"916","로또복권판매장","서울 서초구 방배동 777-1","11","37.493958","126.98636"
"916","GS25(하이비젼점)","인천 남동구 구월동 1141-7번지 하이비젼빌딩101호","23","37.45207","126.70678"
"916","나눔로또","세종  장군면 도계리 154-1 CU편의점","29","36.497536","127.20573"
"916","로또복권짱","경기 용인시 처인구 동부로 33,(마평동)","31","37.230087","127.214455"
"916","장원급제로또복권방","경기 이천시 장감로 11","31","37.12843","127.6046"
"916","명성복권방","경기 화성시 경기대로 1043","31","37.208466","127.0343"
"916","대박의터","강원 춘천시 영서로 1786","32","37.836243","127.76008"
"916","고속로또","전남 목포시 영산로 95-2 약국 내","36","34.791157","126.385666"
"916","마산부림마트","경남 창원시 마산합포구 3·15대로 345 4필지","38","35.205708","128.57263"
"917","강북구교통카드판매대","서울 강북구 솔샘로 260 가판","11","37.61919","127.0214"
"917","씨스페이스(영도대평점)","부산 영도구 대교동1가 84-3 대교동 사거리","21","35.092617","129.03807"
"917","오포우림로또","경기 광주시 오포로 899 1층 109호","24","37.37044","127.23228"
"917","대박복권방","경기 양주시 가래비길 33","31","37.82246","126.986694"
"917","주택복권방","강원 원주시 우산초교길 29 1층","32","37.36735","127.937904"
"917","활력","충남 서산시 고운로 202","34","36.783394","126.457756"
"917","행운마트","충남 아산시 서해로 654","34","36.88196","126.91078"
"917","천하명당복권방","충남 홍성군 조양로 180","34","36.60072","126.66951"
"917","드림로또","경남 양산시 삼일로 73 CU양산황제점 내","38","35.343975","129.03549"
"917","삼삼마트","경남 진주시 진주대로 1165-1","38","35.19521","128.07565"
"918","복권방","서울 구로구 구로동 409-80번지 1층","11","37.493923","126.88259"
"918","인터넷 복권판매사이트","동행복권(dhlottery.co.kr)","","37.482063","127.015785"
"918","올림픽점","서울 송파구 충민로 66 가든파이브라이프 테크노관 10층 T-10011호","11","37.47764","127.12497"
"918","나라시스컴","서울 영등포구 영등포동5가 18-58번지 영신상가1호","11","37.519783","126.9067"
"918","배임","서울 용산구 보광로 19 1층","11","37.526237","127.000626"
"918","뉴빅마트","부산 기장군 정관중앙로 48 106호","21","35.321114","129.17929"
"918","스파편의점","부산 사상구 가야대로 288 창조상가106호","21","35.15001","129.00414"
"918","롯데무역","부산 영도구 꿈나무길 197 1층 복권방","21","35.087284","129.04375"
"918","GS25(대전둔산점)","대전 서구 탄방동 837","25","36.34647","127.39193"
"918","복권명당","대전 중구 목중로 47","25","36.33757","127.40925"
"918","천사로또방","경기 남양주시 사릉로34번길 24 1층 7호","31","37.63618","127.21105"
"918","새로나마트","경기 부천시 심곡동 437-1 새로나마트","31","37.492664","126.78094"
"918","이마트24사창대로점","충북 청주시 서원구 1순환로 635","33","36.636944","127.45981"
"918","우리로또","충남 서산시 충의로 1231 화천슈퍼 이마트24편의점","34","36.877323","126.439514"
"918","복권명당","충남 아산시 음봉로 582","34","36.838066","127.073845"
"918","돈벼락맞은로또","충남 천안시 서북구 직산읍 모시리 237-11 4공단 미니스톱 내","34","36.863388","127.12449"
"918","복권명당","경북 구미시 구미중앙로 72","37","36.128925","128.33043"
"918","천하명당복권방","경남 진주시 진양호로 564","38","35.193745","128.087"
"919","상호없음","서울 중구 세종대로 90-1 시청역 7번출구 한화생명 앞","11","37.56424","126.9776"
"919","훼미리팔공지묘점내로또복권판매점","대구 동구 지묘동 818-1번지","22","35.941303","128.63727"
"919","LOTTO가맹점","인천 연수구 선학로 101","23","37.425007","126.700066"
"919","드림월드","경기 성남시 수정구 수정로 346 백강빌딩","31","37.454433","127.15"
"919","대일사","경북 영천시 동부로 31-6,(야사동)","37","35.973186","128.9484"
"920","천하명당초량점","부산 동구 중앙대로221번길 3","21","35.116898","129.04013"
"920","싱글벙글 6/45","부산 연제구 중앙대로 1041 좌측 싱글벙글복권방","21","35.181576","129.07777"
"920","스카이편의점","경기 안양시 만안구 박달로 527","31","37.40275","126.91124"
"920","열두보석복권방","경기 용인시 기흥구 구갈로 74 구갈스포츠센타 구갈스포츠센터106호","31","37.281136","127.11181"
"920","로또명당해미점","충남 서산시 남문2로 108","34","36.71344","126.54419"
"920","행복 복권판매점","경남 양산시 반회서6길 9 7호","38","35.41447","129.05927"
"920","행복 복권판매점","경남 양산시 반회서6길 9 7호","38","35.41447","129.05927"
"921","대박찬스","서울 강북구 솔매로 105-1,(미아동)","11","37.6258","127.023994"
"921","버스판매소","서울 영등포구 영중로 2 1층(영등포동3가)","11","37.516743","126.906746"
"921","돈벼락복권방","대구 북구 동변로 82-1 1층","22","35.920517","128.60385"
"921","제일슈퍼","인천 연수구 앵고개로 242 제일상가112호","23","37.408646","126.670815"
"921","그린편의점","광주 서구 매월2로 53 광주산업용재유통센터 23동 103호","24","35.115864","126.86289"
"921","GS25(대전월평점)","대전 서구 월평3동 312-1번지 진달래아파트상가","25","36.359016","127.366875"
"921","대림통상","울산 중구 신기14길 1 일신아파트 일신아파트상가102호","26","35.55233","129.29778"
"921","버스표판매소","경기 고양시 덕양구 화신로 76 샘터마을1단지아파트 971번지선","31","37.619034","126.840454"
"921","금강복권","경기 김포시 율생로 3","31","37.652786","126.59066"
"921","금도끼복권방","경기 양평군 용문로 812 1층","31","37.50729","127.63166"
"921","SK행운편의점","경기 오산시 내삼미로79번길 12 베네치아B동 103호","31","37.169476","127.064926"
"921","행복드림","경기 화성시 메타폴리스로 42 디앤씨빌딩 104호","31","37.2017","127.07179"
"921","운수대통복권방","충남 천안시 동남구 대흥로 122 중앙시장 입구","34","36.80049","127.14926"
"921","복권나라","전남 목포시 당가두로14번길 47-1 103호 복권나라","36","34.807583","126.43719"
"921","세방매점","경북 경주시 산업로 4447 (용강동)","37","35.877205","129.22649"
"921","굿럭스토어","경북 경주시 첨성로81번길 17 GS25경주황남점","37","35.834705","129.21098"
"921","꿈의가게","경남 김해시 계동로 220 102호 복권판매점","38","35.190304","128.8022"
"922","로또판매점","서울 관악구 관천로10길 20 1층","11","37.485016","126.92646"
"922","복권천국","대구 중구 달구벌대로 2214","22","35.862396","128.60524"
"922","북문복권방","경기 수원시 장안구 정조로 927-1","31","37.29028","127.01279"
"922","장미슈퍼","충남 부여군 부여읍 계백로 265 부여군청 로터리 부근","34","36.27629","126.90941"
"922","로또명당인주점","충남 아산시 서해로 519-2","34","36.87784","126.89828"
"922","CU(구미사곡점)","경북 구미시 사곡동 481-5","37","36.098217","128.35858"
"923","프로또마트","서울 구로구 고척로 156 1층4호","11","37.503185","126.85119"
"923","다모아","서울 구로구 공원로6나길 39-1","11","37.50447","126.891785"
"923","몽곡사","서울 영등포구 버드나루로 51 조광빌딩105호","11","37.523067","126.910576"
"923","왕대박","부산 동래구 여고로113번길 59-4","21","35.201073","129.0741"
"923","명당골복권방","경기 수원시 권선구 동수원로242번길 15 104호","31","37.251095","127.03546"
"923","로또복권4공단점","경북 구미시 첨단기업1로 18","37","36.140465","128.43942"
"923","CU(삼천포점)","경남 사천시 벌리동 258-4번지","38","34.940247","128.08678"
"923","창원병원앞매표소","경남 창원시 성산구 중앙동 104-1번지 가판","38","35.2185","128.67143"
"924","복권백화점","서울 마포구 월드컵로 157","11","37.56157","126.9047"
"924","CU(초읍대공원점)","부산 부산진구 초읍동 171-2 목화빌딩","21","35.18239","129.0474"
"924","이마트24 광안리굿-7","부산 수영구 광안로 49","21","35.1553","129.1177"
"924","우리들공업탑점","울산 남구 수암로 21","26","35.532272","129.3106"
"924","지화자","경기 성남시 수정구 위례광장로 328 1층 116호(창곡동, 우성위례타워)","31","37.47129","127.14304"
"924","복권백화점","경기 파주시 평화로 70","31","37.763588","126.76989"
"924","행운복권방","경기 포천시 솔모루로 86-1","31","37.8288","127.14748"
"924","로또복권방","충남 당진시 반촌로 199","34","36.90107","126.702934"
"924","로또명당인주점","충남 아산시 서해로 519-2","34","36.87784","126.89828"
"925","GS25(청담중앙점)","서울 강남구 청담동 21-9","11","37.522636","127.04216"
"925","가로판매점","서울 서대문구 신촌로 5 창천동, 동교동로터리","11","37.55867","126.92767"
"925","행운복권방","부산 중구 구덕로 47","21","35.09806","129.03053"
"925","GS25(계산동경점)","인천 계양구 계산동 1076-7번지 도쿄프라자1층2호","23","37.53578","126.73629"
"925","한국종합빌딩(복권)","인천 남동구 경인로 530 1층","23","37.461216","126.6982"
"925","한솔복권&마트","인천 미추홀구 경인로 384 1층 1호","23","37.45807","126.68257"
"925","3정승로또복권방","광주 북구 삼정로 10 두암주공4단지아파트 주공4단지 1층 우리마트","24","35.162807","126.937965"
"925","우리들(북구청점)","울산 북구 무룡로  29 1층 우리들편의점 내","26","35.58109","129.36357"
"925","25시슈퍼","경기 시흥시 함송로14번길 13-17 홍익프라자1층107호","31","37.362453","126.72994"
"925","백석상회","경기 양주시 백석읍 양주산성로 550","31","37.786922","126.992905"
"925","평택21세기편의점","경기 평택시 중앙로 284 1층 21세기편의점","31","36.990208","127.11413"
"925","터미널분식","충남 부여군 부장대로 65","34","36.280716","126.90962"
"926","헬로마트","서울 도봉구 도봉로170길 8,(도봉동)","11","37.680374","127.04596"
"926","행운복권마트","서울 종로구 지봉로 58","11","37.575314","127.015854"
"926","뉴빅마트","부산 기장군 정관중앙로 48 106호","21","35.321114","129.17929"
"926","명당일세","경기 평택시 평택로 80","31","36.994064","127.08486"
"926","대박복권","충남 홍성군 충서로 2423 세븐일레븐","34","36.63776","126.74336"
"926","로또복권 황성점","경북 경주시 황성로27번길 2 4호","37","35.86579","129.21443"
"926","로또방양덕점","경북 포항시 북구 양덕로50번길 14 이마트24포항양덕점","37","36.08293","129.4035"
"926","씨유(거창대동점)","경남 거창군 거창대로 93","38","35.689865","127.91475"
"926","나눔로또","경남 함안군 용산1길 33 1층","38","35.30895","128.51694"
"926","성자점빵","제주 제주시 남광로 5 1층","39","33.49232","126.5368"
"927","씨유역삼에클라트로또판매점","서울 강남구 역삼동 736-24 1층 씨유역삼에클라트점","11","37.498535","127.03502"
"927","행운플러스","대전 대덕구 덕암로 214","25","36.439465","127.42388"
"927","복권명당","대전 서구 만년남로3번길 164,(만년동)","25","36.366486","127.37305"
"927","행운복권방","경기 수원시 영통구 반달로7번길 40 평익칼라스위트 평익칼라스위트110호","31","37.25351","127.07518"
"927","노다지복권방","경기 시흥시 복지로 103-1 1층상가","31","37.44823","126.79206"
"927","복권명당","경북 구미시 구미중앙로 72","37","36.128925","128.33043"
"928","미소마트","서울 강남구 밤고개로 219 강남블루지움 105호","11","37.474785","127.10712"
"928","우리은행금호동지점앞가판","서울 성동구 장터길 46","11","37.54814","127.02097"
"928","경동플러스","부산 해운대구 세실로 30 경동G-PLUS아파트상가103","21","35.168427","129.17944"
"928","계대마트","대구 달서구 계대동문로 26 1층","22","35.855164","128.49506"
"928","나눔로또 스포츠토토(김포장기점)","경기 김포시 김포한강1로78번길 7 장기음식주차타운 1층 110호","31","37.64487","126.67066"
"928","천하명당복권방","경남 거제시 옥포성안로 60","38","34.891693","128.69492"
"928","수퍼복권나라","경남 김해시 율하1로 110 101호 복권판매점","38","35.17281","128.81566"
"929","CU(용두으뜸점)","서울 동대문구 안암로 52","11","37.58123","127.02779"
"929","신나라","서울 영등포구 선유로 58","11","37.51907","126.889435"
"929","로또복권판매점","부산 사하구 괴정로57번길 54","21","35.102894","128.97325"
"929","복권판매점","인천 남동구 복개동로 80 101호","23","37.45455","126.72434"
"929","행운 마트","인천 남동구 만수로 65","23","37.461594","126.73509"
"929","동성슈퍼","울산 울주군 북문1길 7 101호","26","35.570965","129.12039"
"929","나눔이매로또","경기 성남시 분당구 양현로94번길 21 구두28호점","31","37.390984","127.12636"
"929","나눔이매로또","경기 성남시 분당구 양현로94번길 21 구두28호점","31","37.390984","127.12636"
"929","나눔이매로또","경기 성남시 분당구 양현로94번길 21 구두28호점","31","37.390984","127.12636"
"929","나눔이매로또","경기 성남시 분당구 양현로94번길 21 구두28호점","31","37.390984","127.12636"
"929","오거리복권방","경기 수원시 권선구 구운로85번길 6 1층(구운동) 주차장 안쪽","31","37.281574","126.97287"
"929","마이더스로또복권방","경기 안양시 동안구 안양판교로 12-2,(관양동)","31","37.400826","126.977646"
"929","로또판매점","경기 포천시 호국로 1900","31","37.92011","127.221146"
"929","도깨비방망이","전남 완도군 완도읍 장보고대로 220 도깨비방망이","36","34.31606","126.7492"
"929","대동복권방","경남 김해시 월산로 112-57 월산마을5단지두산위브아파트상가 이마트편의점 좌측 복권판매점","38","35.206844","128.80473"
"929","Goodday복권전문점","경남 창원시 성산구 반송로50번길 14","38","35.239998","128.66164"
"930","민준복권","경기 군포시 삼성로 5 해피시티 104호(부곡동 해피시티)","31","37.336166","126.93435"
"930","패밀리복권방","경기 남양주시 늘을2로 20 CH리베로원 103호","31","37.654453","127.24409"
"930","하나로슈퍼복권방","경기 성남시 분당구 정자로 78 104호 (정자동, 영동프라자)","31","37.36312","127.11351"
"930","영화모음","경기 수원시 장안구 금당로39번길 6 뉴타운프라자A-107","31","37.30316","127.0161"
"930","그랜드로또","경북 구미시  비산로5길 23","37","36.121513","128.37978"
"930","복권명당","경북 구미시 구미중앙로 72","37","36.128925","128.33043"
"930","완월로또","경남 창원시 마산합포구 고운로 175 한미초록빌라 세븐일레븐 내","38","35.197372","128.56186"
"930","함안 복권방","경남 함안군 함안대로 552 1층","38","35.27584","128.40576"
"931","행운복권","서울 노원구 동일로 992 1층","11","37.61881","127.07561"
"931","나라시스컴","서울 영등포구  영등포로 225 영신상가1호","11","37.519783","126.9067"
"931","복권방","부산 사하구 장림번영로 25","21","35.081005","128.96823"
"931","로또복권","인천 서구 염곡로 343-4","23","37.515396","126.66847"
"931","가두판매점","경기 안양시 만안구 안양로 265 우리은행 안양중앙지점 우리은행앞도로","31","37.396156","126.92316"
"931","창미슈퍼","경기 화성시 남양성지로 155","31","37.21022","126.81979"
"931","이마트24 순천산단점","전남 순천시 산단1길 6 중앙정밀기계,마트","36","34.987934","127.50839"
"931","365팡팡복권","경남 김해시 진영읍 장등로 53 상가136동108호","38","35.3121","128.7335"
"932","인터넷 복권판매사이트","동행복권(dhlottery.co.kr)","","37.482063","127.015785"
"932","버스판매소","서울 영등포구 영중로 2 1층(영등포동3가)","11","37.516743","126.906746"
"932","부일카서비스","부산 동구 자성로133번길 35","21","35.140015","129.06306"
"932","천운 복권방","인천 미추홀구 매소홀로 468","23","37.439312","126.673904"
"932","365대박찬스","경기 양주시 고읍남로 6-14 광사동, 제이프라자","31","37.795395","127.08138"
"932","정우","경기 용인시 처인구 백옥대로 574 C동상가","31","37.18781","127.20619"
"932","혹시나도","충북 음성군  감곡면 장감로149번길 4-4 복권방","33","37.119133","127.63936"
"933","로또카페","서울 강서구 강서로74길 3 1층 6호","11","37.567844","126.8415"
"933","대화식품","서울 금천구 가산로 53 3호","11","37.471157","126.896904"
"933","명신사","서울 마포구 월드컵로 97","11","37.55725","126.90864"
"933","복권천국(성서점)","대구 달서구 성서로 377","22","35.851086","128.50685"
"933","버스매표소 복권판매소","인천 중구 우현로 69 중앙로지하상가 163호","23","37.47554","126.631294"
"933","또또와복권방","세종 나성북로 30 퍼스트원 어반아트리움 189호","29","36.489307","127.26067"
"933","현리행운복권방","경기 가평군 조종희망로 14 1층","31","37.818184","127.35024"
"933","충청복권전문점","충남 천안시 서북구 성환2로 108","34","36.91694","127.132835"
"934","대박복권마을","서울 영등포구 당산로 140","11","37.527054","126.89711"
"934","당산로또명당점","서울 영등포구 양평로 52","11","37.53466","126.90087"
"934","운수대통복권방","전북 익산시 무왕로23길 3","35","35.9597","126.98842"
"934","CU(포항오거리점)","경북 포항시 북구  죽도로 33","37","36.033848","129.36467"
"935","교통카드충전소","서울 강남구 선릉로 309","11","37.49705","127.05222"
"935","행운마트","서울 노원구 중계로 96","11","37.64442","127.083305"
"935","대박로또","서울 송파구 마천로57길 5 마천빌딩","11","37.4945","127.15189"
"935","통일마트","서울 종로구 종로 19 르메이에르종로타운 110-1호","11","37.57045","126.97983"
"935","중구-가로가판대-37","서울 중구 남대문로 20-2,(남대문로3가)","11","37.56083","126.97805"
"935","CU(망우점)","서울 중랑구  망우로 410","11","37.598965","127.0976"
"935","정다운복권 조이마트","인천 부평구 충선로 171 1층","23","37.504536","126.736275"
"935","장군슈퍼","인천 연수구 청량로 104","23","37.41734","126.65594"
"935","오천억복권방","광주 서구 상무대로 1087","24","35.15296","126.880745"
"935","행운복권","경기 성남시 중원구 시민로 121 (성남동)","31","37.43903","127.14478"
"935","스마일로또복권","경기 평택시 탄현1로 104 104호","31","37.069073","127.053825"
"935","율암25시편의점","경기 화성시 시청로 822-10","31","37.166355","126.88175"
"935","복드림로또판매점","충북 충주시 첨단산업9로 13 1충","33","36.9995","127.83492"
"936","행운복권","서울 강북구 솔샘로 212 신영빌딩 1층","11","37.619926","127.01622"
"936","일등복권","서울 강서구 초원로 83 101호","11","37.567688","126.814766"
"936","해태식품","서울 금천구 시흥대로50길 9","11","37.45144","126.902534"
"936","프로통신","인천 남동구 구월로 366","23","37.45477","126.73128"
"936","알뜰슈퍼","경기 동두천시 평화로 2436-1 4/6","31","37.90527","127.05821"
"936","일등복권방","경기 부천시 삼작로 481 영미빌딩","31","37.51886","126.81512"
"936","성진마트","경기 부천시 수도로 123,(내동)","31","37.516987","126.77924"
"936","천하명당","경기 시흥시 신천3길 26-1 1층1호","31","37.438892","126.783295"
"936","1등 복권","경기 시흥시 배곧4로 32-27 광장프라자 105호","31","37.3777","126.72552"
"936","지우시스템","경기 안성시 덕봉서원로 37","31","37.007587","127.16985"
"936","미래유통","전남 목포시 영산로 623","36","34.82103","126.42085"
"936","세방매점","경북 경주시 산업로 4447 (용강동)","37","35.877205","129.22649"
"936","로또복권판매","경북 상주시 삼백로 159","37","36.41895","128.16113"
"936","정우빌딩","경남 진주시 평거로 38 세븐일레븐 내","38","35.17355","128.06485"
"937","잠실매점","서울 송파구 올림픽로 269 잠실역 8번출구 앞 가판","11","37.514446","127.10071"
"937","대박복권방","서울 양천구 오목로 233 1층1호","11","37.52613","126.863304"
"937","영일식품","서울 영등포구 당산로32길 10","11","37.526226","126.8978"
"937","우정식품","부산 동래구 온천장로 39","21","35.21585","129.07948"
"937","황금돼지로또","부산 수영구 광남로48번길 12 남천동","21","35.146393","129.11247"
"937","버스매표소","인천 부평구 부평대로 3 가판","23","37.49181","126.722725"
"937","원흥로또 앤 픽미아이스","경기 고양시 덕양구 삼송로 12 102호","31","37.64967","126.875336"
"937","로또복권방","경기 군포시 산본로323번길 16-6 신명타워 신명빌딩1층1005호","31","37.359245","126.93236"
"937","GS25(수원매탄점)","경기 수원시 영통구  인계로 239 성일프라자117호","31","37.26531","127.044044"
"937","777천하명당","충남 서천군 충절로 54","34","36.074856","126.68902"
"937","대산슈퍼","충남 천안시 동남구 복구정3길 1","34","36.76989","127.250206"
"938","잠실나루역2번출구","서울 송파구 올림픽로37길 109 잠실나루역 2번출구","11","37.522404","127.104744"
"938","일등복권편의점","대구 달서구 대명천로 220 1층","22","35.84214","128.53621"
"938","천하명당복권방","인천 계양구 안남로 466 1층","23","37.5245","126.71087"
"938","로또까페","인천 계양구 길마로 35 구일빌딩 1층 102호","23","37.534027","126.70959"
"938","노다지복권방","경기 용인시 처인구 금령로 130","31","37.23509","127.2105"
"938","올인(allin)","경기 화성시 3.1만세로 1147","31","37.135284","126.910614"
"938","로또마당","충북 충주시 국원대로 356 1층 세븐일레븐","33","37.003094","127.93002"
"938","스타복권방","충남 논산시 안심로 72","34","36.127453","127.09938"
"938","목화휴게소","경남 사천시 사천대로 912","38","35.0018","128.05415"
"938","양산역씨유점","경남 양산시 양산역6길 3 센트럴스위트 112호 CU편의점","38","35.337826","129.02661"
"939","복권나라","서울 관악구 남부순환로 1739-9","11","37.482788","126.943474"
"939","보성정보통신","서울 동대문구 장한로2길 24","11","37.56191","127.06647"
"939","로또지물포","서울 마포구 방울내로 78","11","37.560432","126.90408"
"939","패밀리마트전포점","부산 부산진구  당감로 27-1 1층","21","35.164185","129.03937"
"939","로또명당","대구 달서구 월성로 20 건도파라다이스 105-1호,건도파라다이스","22","35.83155","128.53336"
"939","성명당","인천 미추홀구 한나루로 598-4","23","37.459457","126.67263"
"939","명품로또","세종 새롬중앙1로 13 새뜸마을6단지 114호","29","36.485146","127.25204"
"939","로또판매점","경기 시흥시 금오로 503","31","37.446888","126.83197"
"939","축복큰대운집","경기 파주시 중앙로 324 1층","31","37.76446","126.77457"
"939","금강안경원","전북 군산시 중앙로 186 1001안경콘텍트","35","35.987785","126.71064"
"939","행운하우스","전북 전주시 덕진구 송천4길 56-3","35","35.862343","127.11512"
"939","이마트24 순천산단점","전남 순천시 산단1길 6 중앙정밀기계,마트","36","34.987934","127.50839"
"939","로터리편의마트","경북 포항시 북구 서동로 85 육거리","37","36.040768","129.36725"
"940","대영당안경원","부산 동래구 충렬대로237번길 9,(수안동)","21","35.201954","129.08519"
"940","아트슈퍼","부산 부산진구 가야대로 490","21","35.15293","129.0256"
"940","로또복권방","경기 안양시 만안구 경수대로 1265 103호","31","37.42011","126.90889"
"940","복권방","경기 하남시 신장로 122,(신장동)","31","37.53804","127.20478"
"940","로또왕대박","경기 화성시 와우안길 46 1층","31","37.21573","126.9766"
"940","금능마트","충북 충주시 후곡길 19 금능마트","33","36.99255","127.93122"
"940","LH로또","전북 전주시 완산구 호암로 91","35","35.808475","127.10428"
"940","명품로또","경북 구미시  신시로 10","37","36.10882","128.33955"
"941","천하명당관악점","서울 관악구 보라매로2길 11","11","37.49009","126.92868"
"941","뮤직마트","서울 서초구 강남대로 212","11","37.48313","127.036026"
"941","럭키","부산 북구 시랑로 138","21","35.195084","129.01054"
"941","CU(좌동중앙점)","부산 해운대구  양운로 98 대하프라자1층 CU좌동중앙점","21","35.171658","129.17484"
"941","복권명당(서부점)","대구 달서구 월배로 452","22","35.833633","128.55486"
"941","빛고을로또","광주 광산구 소촌로 147 세븐일레븐","24","35.15734","126.79186"
"941","GS25(대전도룡점)","대전 유성구  대덕대로 594 타워코리아나주상복","25","36.385914","127.37902"
"941","천마산 쉼터 복권명당","경기 남양주시 묵현로 11-3 1층 7호","31","37.65706","127.28974"
"941","가판점","경기 부천시 자유로 33 이마트앞 지하도입구","31","37.483967","126.77988"
"941","대박복권방","경기 안산시 단원구 신길중앙로1길 40 101호","31","37.336105","126.76227"
"941","로또휴게실","경기 용인시 기흥구 용구대로 1885","31","37.256386","127.10432"
"941","씨유 용인포곡둔전점","경기 용인시 처인구 포곡로118번길 26-1 유성시티빌 103호","31","37.268517","127.22076"
"941","일등드림복권방","경기 화성시 경기동로 476","31","37.152332","127.12275"
"941","로또천국","충북 충주시 금봉1길  48 1층","33","36.981762","127.91459"
"941","수복권방","충남 천안시 서북구 한들1로 88 천안백석LH천년나무1단지아파트 상가동 103호","34","36.83042","127.11779"
"941","GS25(천안장미점)","충남 천안시 서북구  미라2길 22-4","34","36.80115","127.1296"
"942","미니24시","인천 미추홀구 경인로 437","23","37.45814","126.688675"
"942","진우행운복권방","경기 광주시 도척로 327 1층","24","37.323624","127.336555"
"942","행복한삼남매","경기 양평군 강남로 689 1층","31","37.49723","127.45693"
"942","서울로또방","충북 옥천군 삼금로 8","33","36.29949","127.56668"
"942","팡팡복권방","전북 익산시 인북로 99","35","35.93792","126.95264"
"942","로또명당 중리점","경남 창원시 마산회원구  옥정1길 21 수미산장 1층","38","35.249344","128.5225"
"943","스파","서울 노원구 동일로 1493 상계주공아파트(10단지) 주공10단지종합상가111","11","37.66166","127.05787"
"943","로또수락산점","서울 노원구 동일로 1689 대덕하이베라스101호","11","37.67911","127.054855"
"943","천하명당복권방","인천 계양구 안남로 466 1층","23","37.5245","126.71087"
"943","관촌방","경기 이천시 경충대로 2241 1층 상가","31","37.29453","127.418495"
"943","동행행운lotto방","경기 화성시  한절이1길 6-13","31","37.11778","126.91532"
"943","GMART","경북 구미시 구미중앙로 57-3","37","36.130028","128.32906"
"943","GS25(양산신평점)","경남 양산시  신평중앙길 1 GS25","38","35.491062","129.08658"
"944","서교동가판점","서울 마포구 양화로 115","11","37.554047","126.91951"
"944","용꿈돼지꿈","서울 마포구 마포대로 112-5","11","37.544727","126.95221"
"944","어머화장품","서울 송파구 가락로11길 19","11","37.502045","127.10405"
"944","로또복권방","부산 해운대구 재반로 249","21","35.199535","129.13121"
"944","노다지로또","인천 서구 완정로  179 검단제이원빌딩 108호","23","37.602306","126.65639"
"944","오포우림로또","경기 광주시 오포로 899 1층 109호","24","37.37044","127.23228"
"944","오이도직판장마트","경기 시흥시 오이도로 167 오이도이주단지B","31","37.345856","126.68821"
"944","더드림","경기 안산시 상록구 예술대학로 226 상가2호","31","37.336037","126.84303"
"944","행운복권방","경기 안성시 서동대로 7184 1층 복권방","31","37.084095","127.449036"
"944","대성기획","경기 용인시 기흥구 구성로 75-1","31","37.29493","127.1179"
"944","로또마트","경기 평택시 고덕여염10길 86 104호","31","37.12448","127.072136"
"944","서정천하명당","경기 평택시 송탄로 160","31","37.058094","127.05932"
"944","달성로또복권판매소","충남 아산시 온천대로 1531","34","36.780804","127.0079"
"945","동원마트","서울 강동구 풍성로 209","11","37.529346","127.1351"
"945","토큰박스(하나백화점앞)","대구 북구 팔달로 177","22","35.888466","128.56982"
"945","노다지복권방","인천 미추홀구 한나루로 400 학익시장 외7필지125호","23","37.443375","126.66496"
"945","노다지복권방","인천 미추홀구 한나루로 400 학익시장 외7필지125호","23","37.443375","126.66496"
"945","중흥마트","광주 북구 문산로 30 중흥2차 아파트상가 1층","24","35.18389","126.92322"
"945","이마트24 일산덕이점","경기 고양시 일산서구 미래로 164","31","37.69311","126.74687"
"945","대광슈퍼","경기 군포시 고산로 679 미성프라자106호","31","37.371067","126.93395"
"945","대운","경기 김포시 대명항로 209","31","37.653645","126.595695"
"945","오남 로또택배","경기 남양주시 진건오남로 814 B동 1층 5호","31","37.69933","127.20243"
"945","별내로또(픽미픽미아이스삼육대점)","경기 남양주시 순화궁로 272 115호","31","37.651592","127.12942"
"945","왕대박복권전문점","강원 동해시 중앙로 234 이주민상가1층18호","32","37.52171","129.115"
"945","나래복권","충북 충주시 충원대로 952 1층","33","37.0107","127.91579"
"945","운수대통복권샵","전북 전주시 완산구 중화산로 101","35","35.819527","127.11793"
"946","내복권방","서울 노원구 노원로1나길 5 1층","11","37.62124","127.082855"
"946","GS25(반포중앙점)","서울 서초구  사평대로55길 37 1층","11","37.505672","127.02201"
"946","홈플러스앞가로판매점","서울 양천구 등촌로 172","11","37.54501","126.86259"
"946","문구뱅크","서울 은평구 서오릉로 71 영화마스타골프랜드 문구뱅크","11","37.606796","126.92209"
"946","묵동식품","서울 중랑구 동일로 919","11","37.612457","127.07704"
"946","복터졌네 대박로또","부산 사상구 광장로21번길 46","21","35.1653","128.97977"
"946","태수상사","대구 달서구 월배로39길 30 이마트24달서월배로점","22","35.820366","128.5325"
"946","용두천하","광주 북구 하서로 373","24","35.20835","126.87351"
"946","파크애비뉴","경기 화성시 화성로 1215 가동 1호","31","37.21417","126.81631"
"946","Letsgo복권방","전북 전주시 완산구 평화로 190","35","35.793427","127.13674"
"946","스마일복권방","경북 김천시 영남대로 2087 101호","37","36.11514","128.15657"
"947","다담","서울 동대문구 장한로18길 50","11","37.567554","127.07169"
"947","버스판매소","서울 영등포구 영중로 2 1층(영등포동3가)","11","37.516743","126.906746"
"947","양광마트","서울 은평구 응암로 173-1","11","37.587593","126.91639"
"947","복권명당","대구 수성구 들안로 243","22","35.851864","128.6167"
"947","운수대통","광주 광산구 어등대로 581-1 1층 운수대통","24","35.15126","126.786285"
"947","복권마트","광주 북구 북문대로 89 벽산메가시티상가 101동 116호","24","35.176758","126.87724"
"947","복권나라","대전 대덕구 신탄진동로 1","25","36.447586","127.4299"
"947","버스표판매소","경기 고양시 덕양구 화신로 76 샘터마을1단지아파트 971번지선","31","37.619034","126.840454"
"947","일산복권","경기 고양시 일산동구 무궁화로 31-16 남정시티프라자8차 103호","31","37.66349","126.76746"
"947","로또또","경기 김포시 봉수대로 1704 102호","31","37.62097","126.63304"
"947","1등복권방","경기 오산시 수청로 201","31","37.17634","127.04483"
"947","로또휴게실","경기 용인시 기흥구 용구대로 1885","31","37.256386","127.10432"
"947","대성기획","경기 용인시 기흥구 구성로 75-1","31","37.29493","127.1179"
"947","행운복권","충북 제천시 명륜로 67 1층","33","37.142334","128.20863"
"947","위드미청주예체로점","충북 청주시 서원구 예체로19번길 3","33","36.62776","127.46859"
"947","썬마트","충북 청주시 흥덕구 진재로23번길 25","33","36.632607","127.42811"
"947","나눔로또","충남 논산시 중앙로 201","34","36.18615","127.1027"
"947","안계 나눔로또","경북 의성군 안계시장길 43","37","36.38517","128.4369"
"948","하이로또","서울 금천구 금하로 686","11","37.451874","126.906334"
"948","팬시겔러리","서울 서대문구 통일로 153-1","11","37.567715","126.96443"
"948","행운의사랑방","서울 영등포구 도림로 465","11","37.51568","126.891594"
"948","평안당","서울 종로구 종로 219","11","37.57123","127.00219"
"948","노다지복권","인천 계양구 장제로 916 계양병원 1층, 일부호","23","37.548107","126.74157"
"948","가온복권","인천 서구 서로3로 50 상가2동B215호(당하동, 검단신도시 모아미래도 엘리트파크)","23","37.583225","126.70628"
"948","1등복권방","인천 연수구 해돋이로 168 혜인프라자 104호","23","37.395416","126.64522"
"948","현암꽃플라워","대전 동구 태전로 167","25","36.342148","127.419106"
"948","대광복권방","전남 화순군 칠충로 55 대광로제비앙 대광그린상가동 1층109호","36","35.05548","126.97712"
"948","성심상회","경북 포항시 북구 불종로 78","37","36.038174","129.36801"
"948","합천우리복권방","경남 합천군 핫들2로 8 1층","38","35.56843","128.16539"
"949","로또 명당 가판점","서울 금천구 남부순환로 1390 전영수내과의원 가판","11","37.479816","126.90518"
"949","복권나라","서울 성동구 용답중앙15길 12-1 1층","11","37.56443","127.05383"
"949","돼지의꿈","광주 북구 경열로 212","24","35.158195","126.90632"
"949","일주일행복로또(파장매표소)","경기 수원시 장안구 파장로82번길 3 유일청과","31","37.30682","126.99182"
"949","플러스복권","경기 시흥시 큰솔로 42 102호","31","37.34115","126.752716"
"949","로또","경기 포천시 죽엽산로196번길 4","31","37.814644","127.16044"
"949","우리로또","충남 서산시 충의로 1231 화천슈퍼 이마트24편의점","34","36.877323","126.439514"
"949","왕대박복권방","경북 문경시 중앙로 15,(모전동)","37","36.588123","128.19293"
"949","영화유통","경북 포항시 북구 양학천로 15","37","36.023766","129.35393"
"949","경일통신","경남 창원시 마산회원구 북성로 340","38","35.23382","128.56064"
"950","농가마트","서울 양천구 중앙로 264 1층","11","37.519985","126.853294"
"950","복권명당","대구 수성구 천을로 180 동서1차아파트상가108-112호","22","35.842495","128.71007"
"950","왕대박로또","경기 이천시 덕평로 917 CU이천덕평","31","37.2397","127.362816"
"950","로또명당금왕점","충북 음성군 금왕읍 탑골길 55 세븐일레븐 금왕점","33","36.990955","127.58632"
"950","팡팡복권방","충북 진천군 장기길 102","33","36.990017","127.445274"
"950","알리바이(나주점)","전남 나주시 나주로 142 알리바이","36","35.031338","126.71719"
"950","도깨비방망이","전남 완도군 완도읍 장보고대로 220 도깨비방망이","36","34.31606","126.7492"
"950","주택복권2호점","경북 구미시 금오시장로 13 114호","37","36.126236","128.3407"
"951","인터넷 복권판매사이트","동행복권(dhlottery.co.kr)","","37.482063","127.015785"
"951","진우복권","부산 연제구 월드컵대로 119 204호(연산동)","21","35.184826","129.08208"
"951","희망복권방","인천 계양구 효서로 293","23","37.52812","126.728676"
"951","GS25(야탑프리아점)","경기 성남시 분당구  야탑로 106 프리아오프스텔101호","31","37.40956","127.13057"
"951","로또복권","경기 안산시 단원구 선부광장1로 121 중앙슈퍼 101호","31","37.33222","126.81208"
"951","복권명당","경기 안성시 승두길 62","31","37.000015","127.17315"
"951","행운복권편의점","경기 파주시 문향로 106","31","37.860626","126.787766"
"951","금능마트","충북 충주시 후곡길 19 금능마트","33","36.99255","127.93122"
"951","현대장미슈퍼","전북 익산시 동서로61길 41 현대아파트1층108호","35","35.95509","126.98032"
"951","행운복권방 보생당건강원","전북 익산시 무왕로 1268","35","35.960304","126.99727"
"951","부자복권방","전북 전주시 완산구 서곡4길 45-4","35","35.832405","127.10309"
"951","신신마트편의점","전남 목포시 철로마을길 36 신신마트","36","34.804592","126.38498"
"951","신신마트편의점","전남 목포시 철로마을길 36 신신마트","36","34.804592","126.38498"
"951","양산노다지복권방","경남 양산시 북안남2길 52 복권판매점","38","35.348255","129.03783"
"952","GS25(구로제일점)","서울 구로구  구일로4길 33 103호","11","37.49201","126.87578"
"952","부일카서비스","부산 동구 자성로133번길 35","21","35.140015","129.06306"
"952","복권명당(서부점)","대구 달서구 월배로 452","22","35.833633","128.55486"
"952","복권방","경기 수원시 팔달구 권광로 213","31","37.26662","127.0332"
"952","하이로또복권방","경기 안양시 동안구 흥안대로 450,(평촌동)","31","37.39401","126.97562"
"952","율암25시편의점","경기 화성시 시청로 822-10","31","37.166355","126.88175"
"952","혁신대박","충북 음성군 원중로 1434  103호(에스타워)","33","36.909523","127.54108"
"952","도깨비방망이","전남 완도군 완도읍 장보고대로 220 도깨비방망이","36","34.31606","126.7492"
"952","로또복권 하대점","경남 진주시 도동로 188","38","35.18703","128.12248"
"953","대박로또","서울 성동구 용답19길 11","11","37.56328","127.052055"
"953","하나열쇠","부산 남구 용호로 179","21","35.116257","129.11122"
"953","삼성포토랜드","인천 강화군 강화읍 북문길 6","23","37.74834","126.48402"
"953","대박마트","인천 남동구 호구포로 219 세중프라자1층101-2호","23","37.40259","126.70955"
"953","세러데이 845","광주 광산구 첨단중앙로182번길 90 상가동 1층 129호(첨단대라수어썸시티)","24","35.221333","126.85135"
"953","서종복권판매점","경기 고양시 덕양구 고양대로1315번길 5 1층","31","37.656586","126.83042"
"953","동행로또복권방","경기 광명시 시청로 142-1 101호(철산동)","31","37.487732","126.868866"
"953","훼밀리슈퍼","경기 구리시 건원대로34번길 19 세신훼밀리타운102","31","37.604492","127.14132"
"953","해든복권나라","경기 부천시 소향로 239 대야하이빌투 106호","31","37.50082","126.77432"
"953","행운복권","경기 의정부시 평화로 359 회룡한주아파트 상가동 110호","31","37.723663","127.04769"
"953","교하로또판매점","경기 파주시 파주로 266 아이비타워108호","31","37.7261","126.71821"
"953","좋은날 복권방","전북 남원시 의총로 78 메이커스쿨,용남건재,용남삼베,대동지업사","35","35.407715","127.37666"
"953","조례로또복권방","전남 순천시 봉화2길 58 조례로또복권방","36","34.95842","127.51815"
"953","대박찬스","전남 여수시 문수로 159-1","36","34.758263","127.71026"
"954","행운복권방","서울 서대문구 북아현로 34-3","11","37.560616","126.95637"
"954","버스판매소","서울 영등포구 영중로 2 1층(영등포동3가)","11","37.516743","126.906746"
"954","가자세계주류(종로점)","서울 종로구 수표로 112-1","11","37.571312","126.98937"
"954","신호 로또판매점","부산 강서구 신호산단2로  53-1 1층 103호","21","35.084236","128.8777"
"954","팬레코드","부산 남구 수영로 253","21","35.135506","129.09416"
"954","럭키복권","경기 김포시 김포대로 2231 1층 2호","31","37.71163","126.59931"
"954","쿠아안경원","경기 안산시 단원구 신각길 44 휴먼빌2차아파트상가102호","31","37.337414","126.77469"
"954","로또복권방","경기 의정부시 평화로 223,(호원동)","31","37.711746","127.04727"
"954","지에스(GS)25 진동에이스점","경남 창원시 마산합포구 신서촌1길 49 1층 GS편의점내","38","35.115906","128.48639"
"954","영화복권","경남 창원시 진해구 안청남로 14","38","35.10107","128.8045"
"955","로또카페","서울 강서구 강서로74길 3 1층 6호","11","37.567844","126.8415"
"955","부자랑","서울 성동구 둘레15길 23","11","37.53688","127.05523"
"955","잠실나루역2번출구","서울 송파구 올림픽로37길 109 잠실나루역 2번출구","11","37.522404","127.104744"
"955","셀프카메라","부산 부산진구 가야대로443번길 30","21","35.154446","129.02167"
"955","무지개상점","부산 해운대구 좌동로91번길 45","21","35.17413","129.1736"
"955","동수슈퍼문구복권","인천 부평구 동수로 101","23","37.485455","126.72979"
"955","로또기업","대전 동구 동서대로 1684 복합터미널 건너편","25","36.348797","127.43712"
"955","풍전슈퍼","경기 부천시 조마루로 428,(원미동)","31","37.49708","126.79113"
"955","안성휴게소 복권판매점(부산방향)","경기 안성시 경부고속도로 365 안성휴게소 하행선 내","31","37.013092","127.145065"
"955","로또.토토.블루베리","경기 평택시 안현로서6길 7 대건빌딩 105호","31","36.98331","126.928055"
"955","이마트24 마산만복점","경남 창원시 마산회원구 합성옛길 152","38","35.238274","128.5839"
"955","죽림프라자","경남 통영시 신죽1길 90 죽림프라자 1층 105호 CU편의점","38","34.87458","128.41788"
"956","신명","서울 강서구 방화동로3길 1","11","37.562435","126.80841"
"956","축복마트","서울 중랑구 동일로 616","11","37.58539","127.08006"
"956","G마트","부산 북구 백양대로 1024","21","35.19702","128.99542"
"956","훼미리로또","광주 남구 봉선로 164 삼환빌딩 CU봉선쌍용점 내","24","35.122723","126.91318"
"956","MY레몬","경기 광명시 금하로 533 1층일부(소하동)","31","37.451748","126.89129"
"956","좋은날","경기 부천시 역곡로490번길 27 101호","31","37.52829","126.81764"
"956","싼타슈퍼","경기 시흥시 군서마을로 42","31","37.345547","126.747375"
"956","주택복권방","경기 안양시 만안구 장내로 102-1","31","37.395725","126.91963"
"956","또또복권방","전북 익산시 고봉로32길 3","35","35.95982","126.971695"
"956","역전로또","경북 경주시 원화로 260 1층 짐케어내","37","35.843643","129.21754"
"956","대박찬스로또복권방","경북 의성군 문소3길 95-1","37","36.354443","128.69412"
"957","노다지복권방","부산 수영구  연수로 257-2","21","35.173306","129.09906"
"957","오렌지데이연산점","부산 연제구 거제천로 174","21","35.18836","129.07808"
"957","세진전자통신","대구 서구 서대구로 156","22","35.8719","128.5552"
"957","승차권판매소(북비산점)","대구 서구 달서로 201","22","35.880478","128.57124"
"957","GS25(만평점)","대구 서구  팔달로 142 GS25만평점","22","35.888996","128.56564"
"957","드림메드","경기 안산시 상록구 월피로 56 101호","31","37.3334","126.85087"
"957","로또휴게실","경기 용인시 기흥구 용구대로 1885","31","37.256386","127.10432"
"957","용인로또복권방","경기 용인시 처인구 백옥대로 2076-1","31","37.31023","127.24057"
"957","노다지복권","강원 횡성군 문정로 52","32","37.488537","127.98868"
"957","신신마트편의점","전남 목포시 철로마을길 36 신신마트","36","34.804592","126.38498"
"957","소요(용담점)","제주 제주시 서문로 18-1","39","33.50968","126.51351"
"958","인터넷 복권판매사이트","동행복권(dhlottery.co.kr)","","37.482063","127.015785"
"958","행운대박복권","서울 영등포구 영신로19길 8-1","11","37.514385","126.90675"
"958","양광마트","서울 은평구 응암로 173-1","11","37.587593","126.91639"
"958","하임마트","서울 중구 퇴계로 439-4 1층","11","37.5659","127.02076"
"958","복권천국","부산 서구 구덕로 207-1","21","35.10316","129.01976"
"958","씨스페이스(개나리점)","인천 남동구  인주대로 660 개나리빌딩 101호","23","37.449345","126.71038"
"958","SK 복권방","인천 미추홀구 용정공원로 33 인천SKSkyVIEW 상가 A-2동 1층 104호","23","37.44953","126.645454"
"958","원제슈퍼마켓","인천 부평구 마장로 458-1 1층","23","37.519077","126.70473"
"958","대박천하마트","인천 부평구 굴포로 48","23","37.51157","126.72634"
"958","알리바이로또하남3지구점","광주 광산구 하남대로 95 알리바이하남3지구점","24","35.18028","126.80372"
"958","나라복권","울산 북구 명촌17길 23 울산명촌효성해링턴플레이스 8102동115호","26","35.558796","129.35432"
"958","로또휴게실","경기 용인시 기흥구 용구대로 1885","31","37.256386","127.10432"
"958","본 로또복권방","경기 포천시 장암1길 35","31","38.03742","127.36727"
"958","터미널분식","충남 부여군 부장대로 65","34","36.280716","126.90962"
"958","로또판매점","경북 예천군  예천읍 효자로 82","37","36.656345","128.45284"
"959","교통카드판매대","서울 강동구 상일로15길 18 1층","11","37.557686","127.17006"
"959","캐논종합","서울 용산구 청파로 101 나진10동가125호","11","37.533337","126.962296"
"959","중구-가로가판대-37","서울 중구 남대문로 20-2,(남대문로3가)","11","37.56083","126.97805"
"959","수천하명당","부산 부산진구 대학로 20-1 1층 복권방","21","35.153778","129.03671"
"959","복권나라","대전 대덕구 신탄진동로 1","25","36.447586","127.4299"
"959","골든박스","경기 광명시 하안로288번길 19 103호(하안동, 부림코아)","31","37.472168","126.8512"
"959","복권명당","경북 경산시 경안로 214","37","35.82663","128.73682"
"959","나우리고현점","경남 거제시 거제중앙로 1904","38","34.88801","128.62357"
"960","행운의집","서울 광진구 능동로19길 7","11","37.54692","127.07332"
"960","인터넷 복권판매사이트","동행복권(dhlottery.co.kr)","","37.482063","127.015785"
"960","홈돌이로또복권","경기 김포시 중봉로 14 삼성홈플러스2층","31","37.623863","126.69863"
"960","금곡로","경기 수원시 권선구 금곡로197번길 18-23 해피라움블루 105호(금곡동, 해피라움블루)","31","37.27511","126.95279"
"960","드림통신(구)굿타임24아산석정점","충남 아산시 충무로 230","34","36.8013","127.00762"
"960","굿모닝","전남 순천시 중앙로 220 굿모닝","36","34.965294","127.484985"
"960","월야하나로복권","전남 함평군 밀재로 1512 1층","36","35.17929","126.62806"
"960","안계 나눔로또","경북 의성군 안계시장길 43","37","36.38517","128.4369"
"960","블루진 로또점","경남 거제시 거제중앙로19길 8 102호","38","34.885803","128.62367"
"960","빙고복권방  잉크충전방","제주 제주시 남녕로 36 영진그린빌라 영진그린빌라102호","39","33.490906","126.48094"
"961","명당마트","서울 강서구 양천로 91","11","37.573605","126.81405"
"961","현대","서울 도봉구 도봉로110길 74","11","37.64619","127.037636"
"961","씨스페이스(정릉3점)","서울 성북구  솔샘로6길 66 청수한의원","11","37.608723","127.00776"
"961","역곡중앙슈퍼","경기 부천시  부일로 724","31","37.48525","126.81027"
"961","희망복권","경기 평택시 평택1로20번길 39 1층 복권방","31","36.99426","127.08929"
"961","로또","경기 포천시 죽엽산로196번길 4","31","37.814644","127.16044"
"961","금손로또판매점","충남 당진시 서해로 5760 에이동 1층 101호","34","36.897835","126.6277"
"961","정관장홍삼부안점","전북 부안군 부안읍 석정로 197","35","35.72811","126.737434"
"961","대박로또","경북 영천시 금호로 88 태성맨션","37","35.93096","128.87175"
"962","로또","부산 부산진구 엄광로 25 새학문서점내","21","35.14855","129.01888"
"962","장산복권방","부산 해운대구 해운대로81번길 8 야후공인중개사 사무소내","21","35.190117","129.12091"
"962","유원상사","대구 달성군 세천로6길 1 코리아마트세천점","22","35.872883","128.47136"
"962","서재강변로또","대구 달성군 다사읍 서재로 172,(서재리)","22","35.878708","128.49748"
"962","대박복권","대구 달성군 세천로 113 1층","22","35.87407","128.47414"
"962","광주공항로또","광주 광산구 상무대로 411 1층","24","35.144405","126.81089"
"962","바로전산","경기 광명시 오리로 1000 (광명동)","31","37.480213","126.85236"
"962","행운로또","경기 김포시 약암로 911","31","37.635002","126.55378"
"962","왕관복권","경기 수원시 권선구 동수원로146번길 192-15 102호(곡반정동)","31","37.242493","127.032196"
"962","한방복권","경기 파주시 경의로 1100 연세프라자104호","31","37.715324","126.76012"
"962","CU(경포하나점)","강원 강릉시 해안로 513","32","37.804703","128.90385"
"962","한민복권","충남 아산시 영인로96번길 10","34","36.85766","126.95232"
"963","신영슈퍼","서울 강남구 광평로51길 27 삼익아파트상가101호","11","37.48915","127.10092"
"963","노다지복권방","인천 미추홀구 한나루로 400 학익시장 외7필지125호","23","37.443375","126.66496"
"963","타운복권방","광주 북구 밤실로 184-1","24","35.16375","126.93414"
"963","로또복권벽산블루밍","대전 서구 갈마로 262","25","36.33321","127.38101"
"963","이마트24울산삼산본동점","울산 남구 돋질로 445","26","35.54275","129.35355"
"963","근처로또","경기 수원시 팔달구 효원로 187 1층 102호(인계동)","31","37.264214","127.02254"
"963","천하명당","경기 시흥시 신천3길 26-1 1층1호","31","37.438892","126.783295"
"963","로또명당","경기 시흥시 신현로 21-1 101호","31","37.40707","126.78708"
"963","행운팡팡 복권방","경기 안양시 동안구 경수대로 980 안양임곡휴먼시아나상가동 101호(비산동,임곡휴먼시아 나상가동)","31","37.401207","126.92935"
"963","금성24시편의점","경기 양주시 화합로 1355","31","37.843998","127.06234"
"963","형창","경기 파주시 검바위길 144-12","31","37.787582","126.77003"
"963","신나는복권방","경기 파주시 문향로 51-1","31","37.856716","126.78506"
"963","부자되세요복권방","경기 평택시 진위서로 3","31","37.109608","127.06377"
"963","대박복권방","경북 의성군 중앙길 52","37","36.349","128.69728"
"963","본스튜디오","제주 제주시 하귀로 111","39","33.48359","126.407875"
"964","대박종합복권가로판매점","서울 서대문구 신촌로 75,(창천동)","11","37.55614","126.934845"
"964","왕자사진관","서울 중랑구 양원역로 2 일흥빌딩1층1,2호","11","37.600822","127.10859"
"964","GS25 뉴강서역점","부산 강서구 대저로 275 1층","21","35.212795","128.98227"
"964","세븐일레븐 현풍대로점","대구 달성군 비슬로 581 세븐일레븐현풍대로점","22","35.690544","128.44447"
"964","하늘바다 편의점 복권방","인천 부평구 부흥로 389 백산빌딩 1층 102호","23","37.498116","126.7353"
"964","대박복권방","인천 서구 대평로 3","23","37.547123","126.67662"
"964","성명전력","경기 동두천시 큰시장로 43","31","37.90014","127.05292"
"964","용꿈돼지꿈복권방","경기 시흥시 하중로 235 법조타운103호","31","37.390877","126.806526"
"964","대박로또방","경남 양산시 삼호로 71 1층 2호","38","35.40772","129.17218"
"964","태금편의점","경남 창원시 마산회원구 옥정3길 25 신축건물1층","38","35.25252","128.51942"
"965","GS25(역삼대홍점)","서울 강남구  논현로63길  19","11","37.492477","127.03932"
"965","GS25(사당역점)","서울 동작구  동작대로1길 27","11","37.47722","126.97982"
"965","Proto샵종암점","서울 성북구 종암로19길 7 큰 길쪽 복권방","11","37.598377","127.034325"
"965","행복이가득한집","부산 영도구 동삼로 89 1층 복권방","21","35.08148","129.07057"
"965","장군슈퍼","경기 부천시 소사로 837","31","37.530933","126.80509"
"965","차암일등로또","충남 천안시 서북구 밤개울1길 1-5","34","36.840473","127.10137"
"965","이마트24문경로또명당점","경북 문경시 당교로 175 이마트24문경로또명당점","37","36.584476","128.18239"
"966","다모아복권","서울 구로구 경인로19길 4","11","37.495926","126.84278"
"966","인터넷 복권판매사이트","동행복권(dhlottery.co.kr)","","37.482063","127.015785"
"966","터서점","부산 동래구 아시아드대로 227","21","35.204365","129.06686"
"966","GS25(서면일번가점)","부산 부산진구  신천대로62번길 34 동흥빌딩","21","35.15229","129.05861"
"966","호선상회","부산 사하구 동매로 167","21","35.101536","128.9764"
"966","짱25시","대구 수성구 달구벌대로 2610,(만촌동)","22","35.858044","128.64769"
"966","명동슈퍼","경기 광명시 디지털로 17 1동 107호(철산동, (주)티오티비 오렌지타운)","31","37.474014","126.86936"
"966","나눔로또 판교역점","경기 성남시 분당구 대왕판교로606번길 39 107호","31","37.396473","127.11148"
"966","대박로또판매점","경기 수원시 장안구 서부로 2129-1 태양공예가구","31","37.298717","126.97125"
"966","왕대박찬스","제주 서귀포시 중앙로 64 랑경플라워","39","33.250248","126.56171"
"967","그린마트","서울 송파구 백제고분로19길 26 1층","11","37.506878","127.08749"
"967","토큰박스(퀸스로드점)","대구 서구 당산로 289 가로판매대 7-1","22","35.86223","128.54602"
"967","포유25시편의점복권방","충남 당진시 덕평로 1304 3동 포유25시편의점내","34","36.87114","126.753"
"967","신천하명당","충남 예산군 발연로 1 이마트 24 내","34","36.698784","126.8296"
"968","복권나라","서울 관악구 은천로 40-1","11","37.48599","126.93982"
"968","팬시겔러리","서울 서대문구 통일로 153-1","11","37.567715","126.96443"
"968","희망복권방","부산 동래구 명장로20번길 26,(명장동)","21","35.204823","129.10197"
"968","덩굴유통","부산 서구 까치고개로 202-2","21","35.09974","129.018"
"968","이마트24대구안심점","대구 동구 안심로 448 이마트24","22","35.87093","128.73286"
"968","온천로또방","대전 유성구 계룡로 92 유성CJ나인파크 1층 101-3호","25","36.353638","127.34119"
"968","로또삼성복권방","경기 수원시 영통구 매영로 141 원천훼밀리타운 원천훼미리타운105호","31","37.26672","127.05813"
"968","행운복권","경기 시흥시 오이도로157번길 24 1층 상가","31","37.346252","126.69073"
"968","돼지복권슈퍼","경기 안산시 상록구 부곡로 116 102호","31","37.33222","126.863205"
"968","일등복권","경기 양주시 송랑로 223","31","37.804436","127.08527"
"968","리치조이","경기 용인시 수지구 죽전로168번길  17 GS25단국대앞","31","37.324577","127.12517"
"968","G(금정)마트휴게실","전북 군산시 조촌로 66","35","35.969856","126.73807"
"968","스타마트","경북 구미시 임은길 15","37","36.087524","128.36456"
"969","주택복권사랑방","서울 관악구 난곡로 363-1","11","37.486427","126.91341"
"969","GS25(트윈테크점)","서울 금천구  가산디지털1로 119 SK트윈테크타워 SK트윈테크타워A동-103호","11","37.476254","126.883194"
"969","인터넷 복권판매사이트","동행복권(dhlottery.co.kr)","","37.482063","127.015785"
"969","인터넷 복권판매사이트","동행복권(dhlottery.co.kr)","","37.482063","127.015785"
"969","뮤직마트","서울 서초구 강남대로 212","11","37.48313","127.036026"
"969","인터넷 복권판매사이트","동행복권(dhlottery.co.kr)","","37.482063","127.015785"
"969","인터넷 복권판매사이트","동행복권(dhlottery.co.kr)","","37.482063","127.015785"
"969","인터넷 복권판매사이트","동행복권(dhlottery.co.kr)","","37.482063","127.015785"
"969","인터넷 복권판매사이트","동행복권(dhlottery.co.kr)","","37.482063","127.015785"
"969","돼지복권명당","부산 기장군 해맞이로 365-1","21","35.32655","129.27667"
"969","대원슈퍼마켓","부산 수영구 수영로 524","21","35.152473","129.112"
"969","수 종합인테리어","인천 서구 서곶로 788","23","37.587936","126.67538"
"969","CU(군포덕산점)","경기 군포시  고산로250번길 32 덕산아파트 덕산아파트상가 1층","31","37.348972","126.94522"
"969","복권나라","경기 남양주시 도농로 13","31","37.607224","127.15675"
"969","역곡역전로또","경기 부천시 경인로 506 가판대","31","37.4839","126.811646"
"969","CU(의정부시청점)","경기 의정부시  의정로22번길 38","31","37.7347","127.0374"
"969","복돼지복권방","전북 익산시 선화로1길 4 배산시티프라자 배산시티프라자 1층 107호","35","35.950245","126.93804"
"969","터미널복권방","전북 정읍시 연지8길 6","35","35.57231","126.84499"
"969","희망복권방","전남 나주시 풍물시장1길 3","36","34.99262","126.70952"
"969","로또판매점","경남 고성군 고성읍 중앙로 20","38","34.974285","128.32237"
"970","행운열차복권방","부산 사하구 옥천로 15-1","21","35.089","129.00534"
"970","복권천국","인천 남동구 석산로 120","23","37.460194","126.70505"
"970","로또슈퍼","광주 서구 상일로 37 모아제일아파트상가1층102호","24","35.15875","126.8621"
"970","성호복권방","대전 대덕구 신일동로 1","25","36.444744","127.40511"
"970","행운로또","경기 김포시 약암로 911","31","37.635002","126.55378"
"970","금곡로","경기 수원시 권선구 금곡로197번길 18-23 해피라움블루 105호(금곡동, 해피라움블루)","31","37.27511","126.95279"
"970","천하명당","경기 시흥시 신천3길 26-1 1층1호","31","37.438892","126.783295"
"970","산타복권방","경기 안성시 아양1로 77-10 해천프라자 제1동 104호","31","37.008053","127.25844"
"970","로또나라","경기 파주시 자유로 2212","31","37.700043","126.68377"
"970","서해로또방","경기 화성시 화성로 1471","31","37.223217","126.84257"
"970","전천후로또","강원 춘천시 후석로 456 1층","32","37.88991","127.74183"
"970","로또복권방","충남 당진시 당진중앙1로 21","34","36.892937","126.62633"
"970","행운복권방 보생당건강원","전북 익산시 무왕로 1268","35","35.960304","126.99727"
"970","행복충전소","경북 예천군 행복로 229 상가 102호","37","36.577965","128.48993"
"971","복권나라","서울 관악구 남부순환로 1739-9","11","37.482788","126.943474"
"971","대박복권방","서울 성북구 돌곶이로 60","11","37.609234","127.058945"
"971","돈벼락맞는곳","부산 동구 조방로49번길 18-1","21","35.139168","129.05995"
"971","화전대박복권","경기 고양시 덕양구 화랑로 33","31","37.601593","126.87029"
"971","GS25(청주수곡점)","충북 청주시 서원구  수곡로 45","33","36.61605","127.47295"
"971","로또명당해미점","충남 서산시 남문2로 108","34","36.71344","126.54419"
"972","바이복","서울 강남구 일원로5길 19","11","37.491383","127.082275"
"972","잠실매점","서울 송파구 올림픽로 269 잠실역 8번출구 앞 가판","11","37.514446","127.10071"
"972","희망복권판매점","인천 서구 보듬5로 5 오덕프라자 104호일부","23","37.594208","126.61228"
"972","베스토아(용전2호)","대전 동구 동서대로 1689 복합터미널서관1층59호","25","36.35038","127.43664"
"972","석교복권천국","대전 중구 대종로 212-1,(석교동)","25","36.309","127.443855"
"972","CU(군포덕산점)","경기 군포시  고산로250번길 32 덕산아파트 덕산아파트상가 1층","31","37.348972","126.94522"
"972","대박로또판매점","경기 수원시 장안구 서부로 2129-1 태양공예가구","31","37.298717","126.97125"
"972","금도끼복권방","경기 양평군 용문로 812 1층","31","37.50729","127.63166"
"972","노다지복권방","경기 용인시 처인구 금령로 130","31","37.23509","127.2105"
"972","우리로또","충남 서산시 충의로 1231 화천슈퍼 이마트24편의점","34","36.877323","126.439514"
"972","153로또판매점","충남 아산시 배방로 57-23","34","36.772297","127.05734"
"972","드림로또","전북 전주시 덕진구 소리로 198","35","35.85812","127.15354"
"972","미래유통","전남 목포시 영산로 623","36","34.82103","126.42085"
"972","금당복권방","전남 순천시 조례못등길 97","36","34.9494","127.5287"
"972","GMART","경북 구미시 구미중앙로 57-3","37","36.130028","128.32906"
"972","행복복권판매점","경남 사천시 조동길 49-15 101,102호","38","35.060253","128.06752"
"972","동원복권","경남 양산시 북정중앙로 30","38","35.36137","129.04784"
"972","로또판매업","경남 양산시 북정로 31 CU편의점 내","38","35.35902","129.04372"
"972","세븐일레븐창원사림중앙점","경남 창원시 의창구 창이대로413번길 32 세븐일레븐","38","35.244663","128.68405"
"972","GS25(노형이화점)","제주 제주시  원노형로 3","39","33.4881","126.48404"
"973","인터넷 복권판매사이트","동행복권(dhlottery.co.kr)","","37.482063","127.015785"
"973","잠실매점","서울 송파구 올림픽로 269 잠실역 8번출구 앞 가판","11","37.514446","127.10071"
"973","복권나라","부산 중구 해관로 47-2","21","35.103176","129.03546"
"973","진우행운복권방","경기 광주시 도척로 327 1층","24","37.323624","127.336555"
"973","로또휴게실","경기 용인시 기흥구 용구대로 1885","31","37.256386","127.10432"
"973","세명24시로또","충북 제천시 바이오밸리로  211 3호","33","37.144123","128.19807"
"973","상남슈퍼체인","경남 창원시 성산구 마디미로 28 상남재래시장 상남시장2층C-211호","38","35.222206","128.68338"
"973","로또정량점","경남 통영시 통영해안로 395","38","34.845318","128.43121"
"974","GS25(봉천메트로점)","서울 관악구  남부순환로 1811 신원메트로빌오피스텔101호","11","37.481613","126.95172"
"974","부자랑","서울 성동구 둘레15길 23","11","37.53688","127.05523"
"974","원스탑","서울 송파구 백제고분로7길 39","11","37.510902","127.08321"
"974","행운의사랑방","서울 영등포구 도림로 465","11","37.51568","126.891594"
"974","평화슈퍼","서울 은평구 연서로 198-1,(대조동)","11","37.61628","126.919014"
"974","GS25(칠곡미래점)","대구 북구  동암로 181","22","35.943455","128.57077"
"974","서구제일로또","인천 서구 봉수대로 1589 금곡종합상가 B동 5호","23","37.61379","126.6414"
"974","용두천하","광주 북구 하서로 373","24","35.20835","126.87351"
"974","대박 오렌지24시 편의점","경기 고양시 덕양구 고양대로1369번길 7 1층","31","37.65515","126.83632"
"974","GS25(고양주교점)","경기 고양시 덕양구  마상로113번길 68 1층 3호","31","37.6629","126.83835"
"974","이마트24 일산덕이점","경기 고양시 일산서구 미래로 164","31","37.69311","126.74687"
"974","로또25시","경기 수원시 권선구 금곡로102번길 15 비즈웍스 비즈웍스 111호","31","37.27328","126.94183"
"974","버스표가판점","경기 안양시 동안구 동안로 125-2 범계역4-1출구앞 버스표가판점","31","37.389736","126.95106"
"974","나도일등광혜원","충북 진천군 화랑5길 24-7","33","36.99291","127.439285"
"974","대박복권방","충남 당진시 서해안고속도로 275 행담도휴게소 내","34","36.891174","126.625305"
"974","콘테인복권판매점","충남 천안시 동남구 청수11로 13-11 건물 뒤편 콘테인커피숍 내","34","36.783344","127.15366"
"974","목화휴게소","경남 사천시 사천대로 912","38","35.0018","128.05415"
"975","로또구포점","부산 북구 덕천2길 23-3 1층","21","35.209282","129.00656"
"975","노다지복권방","대전 서구 조달청길 62","25","36.31912","127.3753"
"975","금강복권","경기 김포시 율생로 3","31","37.652786","126.59066"
"975","행운복권","경기 수원시 권선구 권선로 774-1","31","37.256557","127.03559"
"975","오복 복권","강원 강릉시 율곡로 2807","32","37.755302","128.89975"
"975","춘향로또","전북 남원시 동림로 102-1","35","35.41707","127.384926"
"975","로또행운마트","경남 김해시 능동로 177 복권판매점","38","35.203793","128.81001"
"975","황금돼지 마트(복권방)","경남 김해시 금관대로599번길 29 부영9단지상가 108호","38","35.204685","128.81357"
"975","본스튜디오","제주 제주시 하귀로 111","39","33.48359","126.407875"
"976","제이복권방","서울 종로구 종로 225-1 평창빌딩 1층 103호","11","37.571293","127.00283"
"976","청솔서점","부산 사하구 하신번영로 195","21","35.098824","128.95897"
"976","천하명당복권","대구 북구 동북로 152,(산격동)","22","35.899677","128.60947"
"976","차밍플라워 로또","광주 광산구 풍영로 41 동구빌딩1층","24","35.175617","126.811584"
"976","바로전산","경기 광명시 오리로 1000 (광명동)","31","37.480213","126.85236"
"976","왕대박복권","강원 속초시 번영로 142 1층, 102호","32","38.211353","128.58932"
"976","애월한담일등로또복권판매점","제주 제주시 애월로 66","39","33.46361","126.31453"
"977","천하명당복권방독산점","서울 금천구 독산로85길 16","11","37.472534","126.90221"
"977","서원탑훼미리","부산 동구 수정공원로 55 4동 1층 101호","21","35.131424","129.03888"
"977","행운복권방","부산 부산진구 동평로 115","21","35.16629","129.042"
"977","동명로또","부산 사상구 사상로 90","21","35.155285","128.99196"
"977","일등복권편의점","대구 달서구 대명천로 220 1층","22","35.84214","128.53621"
"977","경준유통","인천 중구 화랑목로100번길 65 104호","23","37.494152","126.499054"
"977","행운드림복권","경기 김포시 초당로16번길 77 1층 106호","31","37.641212","126.675835"
"977","행운드림복권","경기 김포시 초당로16번길 77 1층 106호","31","37.641212","126.675835"
"977","홈플러스선부점로또판매","경기 안산시 단원구 삼일로 316 홈플러스","31","37.33378","126.81258"
"977","붐","경기 파주시 동패로63번길 48-15 101호","31","37.710728","126.738"
"977","동명로또","경기 화성시 동탄기흥로257번나길 8-1 103호","31","37.182602","127.089645"
"977","영신슈퍼","충북 청주시 서원구 청남로 2119-1","33","36.621258","127.48743"
"977","성정로또판매점","충남 천안시 서북구 동서대로 138 한미타올 페인트가게 옆 점포","34","36.8255","127.13837"
"977","세븐일레븐영주가흥로또점","경북 영주시 대학로 144","37","36.809658","128.60965"
"978","현대마트","서울 강남구 일원로 45 대훈빌딩 101호","11","37.489906","127.08152"
"978","용꿈돼지꿈","인천 부평구 동암남로 11","23","37.470974","126.70482"
"978","GS25(시화세종점)","경기 시흥시  정왕대로 56 세종월드빌딩114 115","31","37.3545","126.72299"
"978","GS25(시화세종점)","경기 시흥시  정왕대로 56 세종월드빌딩114 115","31","37.3545","126.72299"
"978","메가마트","경기 시흥시 정왕대로 64 메가쇼핑몰1층123호","31","37.354103","126.72363"
"978","황금알로또","경기 안성시 미양로 653 1층 1호 미니스톱편의점","31","36.990776","127.23802"
"978","늘~행복나눔(터)","경기 이천시 중부대로 139  1층","31","37.255905","127.35176"
"978","로또명당인주점","충남 아산시 서해로 519-2","34","36.87784","126.89828"
"978","지에스(GS)25 진동에이스점","경남 창원시 마산합포구 신서촌1길 49 1층 GS편의점내","38","35.115906","128.48639"
"978","동홍코사마트","제주 서귀포시 동홍북로 10 동홍코사마트 동홍코사마트내","39","33.259064","126.569405"
"979","스파","서울 노원구 동일로 1493 상계주공아파트(10단지) 주공10단지종합상가111","11","37.66166","127.05787"
"979","스파","서울 노원구 동일로 1493 상계주공아파트(10단지) 주공10단지종합상가111","11","37.66166","127.05787"
"979","씨스페이스(구서제일점)","부산 금정구  수림로66번길 100","21","35.243927","129.08707"
"979","복권천국","부산 남구 못골로 48-2","21","35.13574","129.08777"
"979","대박유통","부산 중구 구덕로 80 1층","21","35.097702","129.02716"
"979","연경복권","대구 북구 동화천로 190 상가113호(상가301동)","22","35.93986","128.61217"
"979","GS25(십정센터점)","인천 부평구  열우물로 161 B동","23","37.478703","126.6906"
"979","새상무복권","광주 서구 치평로 30 수암빌딩 1층 102호","24","35.149944","126.84769"
"979","행운로또복권방 봉명점","대전 유성구 계룡로74번길 20 리베라 아이누리","25","36.353756","127.33836"
"979","24시슈퍼","경기 군포시 번영로 497 금화프라자 금화프라자102호","31","37.358295","126.93227"
"979","화수분 복권판매점","경기 동두천시 행선로  101 생연동","31","37.897213","127.06238"
"979","둘리복권방","경기 시흥시 중심상가2길 12-6 한강프라자제1층101호","31","37.345314","126.73626"
"979","보은로또판매점","충북 보은군 보청대로 1892 식자재마트 앞 가판","33","36.489136","127.71749"
"979","21세기로또","충북 제천시 의림대로 234-2 1층","33","37.148174","128.21466"
"980","세븐일레븐","서울 양천구 중앙로36길 15 목동힐스테이트 104호","11","37.520966","126.85539"
"980","간이매점","경기 시흥시 삼미시장4길 26","31","37.44011","126.782"
"980","오뚜기로또","경기 안산시 단원구 원초로 30 보성프라자 143호","31","37.328346","126.80174"
"980","CU(원주무실대로점)","강원 원주시  시청로 84 1층 CU편의점","32","37.33639","127.92798"
"980","한성로또복권","강원 정선군  고한9길 40","32","37.196945","128.85828"
"980","순창복권방","전북 순창군 순창읍 장류로 369,(남계리)","35","35.376488","127.1428"
"980","행운복권방","제주 제주시 우정로11길 12","39","33.48765","126.4322"
"981","연남복권방","서울 마포구 성미산로28길 25 1층 우측상가(연남동, 스퀘어일레븐)","11","37.562843","126.92321"
"981","인터넷 복권판매사이트","동행복권(dhlottery.co.kr)","","37.482063","127.015785"
"981","뉴빅마트","부산 기장군 정관중앙로 48 106호","21","35.321114","129.17929"
"981","부일카서비스","부산 동구 자성로133번길 35","21","35.140015","129.06306"
"981","장산복권방","부산 해운대구 해운대로81번길 8 야후공인중개사 사무소내","21","35.190117","129.12091"
"981","복권나라","인천 미추홀구 토금북로 47","23","37.453613","126.63935"
"981","로또판매점","인천 부평구 안남로 279","23","37.507828","126.70886"
"981","샹제르망베어커리","광주 북구 능안로 27-1","24","35.182335","126.87081"
"981","주엽역 로또판매점","경기 고양시 일산서구 중앙로 1437 화성프라자 도로","31","37.670036","126.76048"
"981","복권 판매점","경기 구리시 안골로 103","31","37.59766","127.14259"
"981","코사마트역전점","경기 평택시 중앙2로 1","31","36.991993","127.08722"
"981","해피로또","경기 평택시 비전2로 121 103호","31","37.00236","127.10425"
"981","LG25시북부점 로또복권","경남 양산시  중앙로 133 가1-72-13","38","35.34283","129.03722"
"982","신영슈퍼","서울 강남구 광평로51길 27 삼익아파트상가101호","11","37.48915","127.10092"
"982","월드 복권방","서울 강서구 곰달래로53길 41 1층 102호(화곡동, 재룡빌딩)","11","37.533516","126.85879"
"982","현진식품","서울 구로구 중앙로 32","11","37.500774","126.86386"
"982","아이러브마트복권방","울산 중구 유곡로 19-1","26","35.55638","129.30725"
"982","복권나라","경기 고양시 일산동구 하늘마을1로 9 104호","31","37.690933","126.77658"
"982","행운복권","경기 김포시 양도로19번길 7 가나프라자 105호","31","37.60696","126.724525"
"982","CU(옥산사랑점)","경북 경산시  경산로40길 11","37","35.826077","128.7274"
"982","GS25(양산혜인점)","경남 양산시  웅상대로 955","38","35.384815","129.15508"
"983","GS25(방이중앙점)","서울 송파구  오금로11길 6","11","37.51422","127.10795"
"983","갑부복권판매점","서울 용산구 대사관로 80","11","37.53306","127.006836"
"983","미화당슈퍼한신태화점","부산 사상구 낙동대로1210번길 53 한신괘법1차아파트상가","21","35.167786","128.98055"
"983","복권방","대구 달서구 성지로 66","22","35.85494","128.52121"
"983","해피+24시편의점","광주 북구 하서로 330","24","35.2045","126.8739"
"983","현암꽃플라워","대전 동구 태전로 167","25","36.342148","127.419106"
"983","영화모음","경기 수원시 장안구 금당로39번길 6 뉴타운프라자A-107","31","37.30316","127.0161"
"983","명지나눔로또","경기 용인시 처인구 명지로 41 에이치탑용인빌딩5 제지1층 제비111호","31","37.230343","127.18772"
"983","행운복권","경기 의정부시 평화로 359 회룡한주아파트 상가동 110호","31","37.723663","127.04769"
"983","팡팡복권방","경남 창원시 성산구 신촌로 101","38","35.200634","128.62883"
"984","복권방","서울 마포구 백범로 127","11","37.54653","126.94544"
"984","재원마트","서울 성북구 종암로21길 81","11","37.60171","127.03192"
"984","가온공인중개사무소","인천 강화군 강화대로 294 (주)하늘환경 가온공인중개사","23","37.742218","126.496376"
"984","버스표가판점","경기 안양시 동안구 동안로 125-2 범계역4-1출구앞 버스표가판점","31","37.389736","126.95106"
"984","복권마트","강원 홍천군 홍천로 409 1층","32","37.690258","127.88947"
"984","이마트24 순천산단점","전남 순천시 산단1길 6 중앙정밀기계,마트","36","34.987934","127.50839"
"984","신라슈퍼","경북 포항시 남구 동해면 일월로 112,(약전리)","37","35.987953","129.4453"
"985","명당복권방","서울 동작구 상도로 281 1층","11","37.50238","126.94859"
"985","인터넷 복권판매사이트","동행복권(dhlottery.co.kr)","","37.482063","127.015785"
"985","복권천국","서울 성동구 무학봉16길 22-2 1층","11","37.559914","127.032906"
"985","부일카서비스","부산 동구 자성로133번길 35","21","35.140015","129.06306"
"985","로또타운점","대전 대덕구 우암로 466","25","36.358532","127.450584"
"985","로또복권","울산 울주군 해맞이로 1578","26","35.382607","129.34232"
"985","로또판매 김포운양점","경기 김포시 김포한강11로 276 풍경마을반도유보라아파트 718동 지1층 101호,풍경마을반도유보라아파트","31","37.653603","126.679825"
"985","대운","경기 김포시 대명항로 209","31","37.653645","126.595695"
"985","대박찬스","충북 청주시 흥덕구 가경로161번길 3","33","36.628975","127.43644"
"985","마니마니 행복쇼핑","경남 고성군 남일로  411-3","38","34.929325","128.12009"
"986","투데이","서울 동대문구 천호대로 67 1층","11","37.574116","127.03101"
"986","프로토베팅샵","부산 중구 국제시장2길 5 4호","21","35.099678","129.0284"
"986","일등복권편의점","대구 달서구 대명천로 220 1층","22","35.84214","128.53621"
"986","복권명당","대구 수성구 들안로 243","22","35.851864","128.6167"
"986","대박찬스","경기 남양주시 진접읍 장현로 111 1층1호","31","37.719795","127.18393"
"986","공원슈퍼","경기 수원시 장안구 팔달로 257-1 1층(영화동)","31","37.288837","127.01324"
"986","로또명당","경기 시흥시 신현로 21-1 101호","31","37.40707","126.78708"
"986","날개복권#","충남 서산시 율지5로 16","34","36.77752","126.46427"
"986","로또명당인주점","충남 아산시 서해로 519-2","34","36.87784","126.89828"
"986","천하명당복권방","경북 포항시 남구 중섬로 26","37","36.013783","129.34744"
"987","인터넷 복권판매사이트","동행복권(dhlottery.co.kr)","","37.482063","127.015785"
"987","세진전자통신","대구 서구 서대구로 156","22","35.8719","128.5552"
"987","천하명당복권방역전점","대전 동구 대전로 815","25","36.332386","127.43188"
"987","대박로또","울산 남구 번영로75번길 38","26","35.531364","129.3259"
"987","로또명당 대박복권방","경기 광명시 소하로 78 109호(소하동, 신성프라자)","31","37.44792","126.883354"
"987","대운","경기 김포시 대명항로 209","31","37.653645","126.595695"
"987","매탄동슈퍼","경기 수원시 영통구 매봉로49번길 51","31","37.27264","127.05042"
"987","복드림로또복권방","경기 의왕시 부곡시장4길 17 1층","31","37.31737","126.9523"
"987","남운유통","충북 충주시 애향로 40 1층","33","36.973705","127.91414"
"987","복권명당","경북 김천시 용암로 2","37","36.11986","128.1277"
"988","로또복권판매","서울 강북구 솔샘로67길 71","11","37.620274","127.02744"
"988","지에스25 신매태왕점로또","대구 수성구 욱수천로 70 편의점_GS25","22","35.83531","128.7119"
"988","GS25(수성시지점)","대구 수성구  고산로18길 9","22","35.8397","128.70555"
"988","행운생활건강","인천 서구 고래울로 42","23","37.486103","126.68637"
"988","맑은샘","광주 동구 중앙로 161-1 NC웨이브 정문앞 가판","24","35.148766","126.9131"
"988","로데오복권방","경기 고양시 일산동구 무궁화로 40 우림보보카운티108","31","37.662975","126.76896"
"988","금손로또","경기 의왕시 부곡중앙남1길 37","31","37.317547","126.95031"
"988","복권나라","경기 포천시 죽엽산로35번길 1","31","37.826786","127.152664"
"988","나나 복권판매소","경남 양산시 상북중앙로 319 복권판매점","38","35.4122","129.05919"
"989","명당마트","서울 강서구 양천로 91","11","37.573605","126.81405"
"989","로또픽","서울 양천구 지양로 62 1층 일부","11","37.521214","126.83438"
"989","태안로또명당","충남 태안군 샘골로 12-1 구)등대식관","34","36.750523","126.301796"
"989","진양상회","경북 영주시 선비로 68","37","36.811275","128.62402"
"990","오케이상사","서울 서초구 신반포로 176 센트럴시티내100호매점","11","37.504353","127.00359"
"990","인터넷 복권판매사이트","동행복권(dhlottery.co.kr)","","37.482063","127.015785"
"990","복권방","대구 달서구 성지로 66","22","35.85494","128.52121"
"990","황금대박점","대구 수성구 지범로 62 1층 복권판매점","22","35.826054","128.62749"
"990","세븐일레븐인천인하대점","인천 미추홀구 한나루로477번길 78","23","37.45025","126.663"
"990","세븐일레븐 주안역 지하상가점","인천 미추홀구 주안로 86 주안역지하도상가 28,29,46,47호","23","37.464413","126.68042"
"990","로또","경기 고양시 일산동구 무궁화로 20-18 101호","31","37.66127","126.76728"
"990","로또25시","경기 수원시 권선구 금곡로102번길 15 비즈웍스 비즈웍스 111호","31","37.27328","126.94183"
"990","세븐일레븐 오산양산점 로또판매점","경기 오산시 양산로410번길 10 세븐일레븐","31","37.19544","127.02996"
"990","GS25송탄터미널점","경기 평택시 송탄로 412-1","31","37.080376","127.05801"
"990","대박슈퍼","세종   행복10길 3 1층 101호","29","36.603516","127.29121"
"990","빛가람나눔슈퍼","전남 나주시 호수로 74 103호","36","35.013306","126.79055"
"990","옥좌로또점","경북 경주시 내외로 10 좌측4번째상가","37","35.727047","129.32066"
"990","목화휴게소","경남 사천시 사천대로 912","38","35.0018","128.05415"
"991","아현역3번출구앞가판점","서울 마포구 마포대로 249 아현산업정보학교 아현역3번출구앞","11","37.556522","126.95708"
"991","인터넷 복권판매사이트","동행복권(dhlottery.co.kr)","","37.482063","127.015785"
"991","노다지복권방","부산 북구 덕천로 287","21","35.20986","129.03535"
"991","한꿈복권방","울산 중구 번영로 586","26","35.568794","129.34589"
"991","마이더스로또복권방","경기 안양시 동안구 안양판교로 12-2,(관양동)","31","37.400826","126.977646"
"991","명당로또복권판매점","경기 용인시 기흥구 구성2로 18-5 102호","31","37.27392","127.15018"
"991","금손로또판매점","충남 당진시 서해로 5760 에이동 1층 101호","34","36.897835","126.6277"
"991","로또판매점(무지개점)","경북 포항시 남구 중앙로 110 중간 상가","37","36.02301","129.36882"
"992","우일","서울 송파구 마천로 235","11","37.49996","127.14397"
"992","로또","서울 중구  퇴계로86길 42","11","37.56378","127.0194"
"992","이마트24백석동문점","경기 고양시 일산동구 호수로 358-26 203동1층 101호","31","37.63942","126.78701"
"992","성공복권방","경기 여주시  청심로 96 장터마트 1층","31","37.299427","127.630905"
"992","복권나라","강원 원주시 평원로 23 1층","32","37.348927","127.952644"
"992","해적책대여점 복권방","충북 청주시 서원구 대원로 28","33","36.639973","127.479355"
"992","나래복권","충북 충주시 충원대로 952 1층","33","37.0107","127.91579"
"992","황실복권방","충남 천안시 동남구 충절로 799","34","36.769257","127.20064"
"992","로또복권판매도통점","전북 남원시 용성로 232,(도통동)","35","35.41778","127.39722"
"992","나이스로또복권","전남 여수시 이순신광장로 210","36","34.73967","127.745186"
"992","삼삼마트","경남 진주시 진주대로 1165-1","38","35.19521","128.07565"
"992","CU(통영북신에이스점)","경남 통영시 무전8길 14-12","38","34.859547","128.4269"
"993","공원슈퍼","경기 수원시 장안구 팔달로 257-1 1층(영화동)","31","37.288837","127.01324"
"993","일등대박복권","경기 화성시 효행로  1363","31","37.229206","127.06461"
"993","영광로또","충북 충주시 충청대로 2220-2 1층","33","36.959225","127.76854"
"993","세븐일레븐아산용화성지점","충남 아산시 시민로 292 성지빌딩 세븐일레븐 편의점내","34","36.775707","126.99635"
"993","위앤조이","충남 천안시 서북구 천안대로 1391","34","36.864906","127.149635"
"993","GS25(경산정평점)","경북 경산시  강변서로51길 18","37","35.83024","128.72986"
"994","개미식품","서울 동작구 노량진로 110 건설상가 115호","11","37.513187","126.937996"
"994","드림","서울 서대문구 증가로 247 1층","11","37.58294","126.912254"
"994","팬레코드","부산 남구 수영로 253","21","35.135506","129.09416"
"994","드림마트","인천 서구 검단로 490","23","37.60223","126.65863"
"994","금곡로","경기 수원시 권선구 금곡로197번길 18-23 해피라움블루 105호(금곡동, 해피라움블루)","31","37.27511","126.95279"
"994","복권나라","충북 청주시 청원구 율봉로176번길 8-2","33","36.668503","127.488235"
"994","드림통신(구)굿타임24아산석정점","충남 아산시 충무로 230","34","36.8013","127.00762"
"994","씨유 충효그린점","경북 경주시 충효녹지길 52  CU충효그린점","37","35.84221","129.18536"
"994","운수대통복권판매점","경남 거제시 능포로 108 동헌하이츠 102동 109호","38","34.873497","128.73126"
"994","부강 돈벼락","경남 양산시 물금로 41 양산물금양우내안애5차리버파크 상가108호 양우대산부동산 내","38","35.309055","128.9885"
"994","GS25(양산혜인점)","경남 양산시  웅상대로 955","38","35.384815","129.15508"
"994","행복을주는가게","제주 서귀포시 태평로 505 가나노블휘닉스 1층 세븐일레븐","39","33.250343","126.57151"
"995","찻잔에담긴행운","경기 남양주시 덕소로 125 나동 102호","31","37.584072","127.21269"
"995","용꿈돼지꿈복권전문점","강원 동해시 중앙로 234 이주민상가1층15호","32","37.52171","129.115"
"995","영약국","충남 금산군 인삼로 104","34","36.10224","127.49309"
"995","이마트24 순천산단점","전남 순천시 산단1길 6 중앙정밀기계,마트","36","34.987934","127.50839"
"995","경이네복권마트","경북 포항시 북구 장량중앙로 81 431동117호,삼구트리니엔4차상가","37","36.090385","129.39249"
"995","로또명당 신마산점","경남 창원시 마산합포구 문화동7길 3 1층","38","35.184795","128.5606"
"995","채널큐","경남 창원시 마산합포구 산호남로 11-1","38","35.21755","128.58145"
"996","로또판매","서울 노원구 한글비석로15길 27","11","37.657005","127.07414"
"996","스파","서울 노원구 동일로 1493 상계주공아파트(10단지) 주공10단지종합상가111","11","37.66166","127.05787"
"996","일등다방 복권판매점","인천 계양구 오조산로45번길  16 107호","23","37.535168","126.7368"
"996","수퍼복권대박","인천 연수구 용담로 60 1층","23","37.418648","126.67362"
"996","행복드림로또","광주 광산구 왕버들로 265 1층 103-1호","24","35.196247","126.8377"
"996","노다지복권방","대전 서구 조달청길 62","25","36.31912","127.3753"
"996","대박나라행운잔치","경기 고양시 일산서구 일산로 593 백암빌딩101호","31","37.67969","126.762474"
"996","금나와라뚝딱","경기 용인시 처인구 지삼로 612","31","37.24143","127.16845"
"996","행운슈퍼","경기 평택시 서동대로 2623 1층","31","37.016075","127.03121"
"996","예인기획","경기 화성시 3.1만세로 1127","31","37.13382","126.90975"
"996","드림복권전문점","강원 춘천시 춘주로 195","32","37.860355","127.72782"
"996","원동슈퍼","충남 보령시 대천로 28","34","36.35113","126.59745"
"996","서산로또명당점","충남 서산시 서해로 3207 세븐일레븐편의점 옆","34","36.77128","126.43668"
"996","성호로또","전남 광양시 대림오성로 37 1층","36","34.96818","127.5671"
"996","복권왕국","전남 여수시 화산로 134","36","34.77723","127.651146"
"996","복권나라","경북 포항시 북구 장량로140번길 9","37","36.08086","129.39603"
"996","코사할인마트","경남 거제시 연초면 거제북로 46","38","34.91474","128.65558"
"996","삼호판매점","경남 양산시 서창로 176 복권판매점","38","35.415054","129.17163"
"997","베스토아","서울 강남구 역삼로 166 세현빌딩","11","37.494987","127.03726"
"997","삼익마트","서울 강동구 상암로 211 1층","11","37.546654","127.14613"
"997","복권나라","서울 관악구 남부순환로 1739-9","11","37.482788","126.943474"
"997","가로판매소","서울 구로구 새말로 117-24 (신도림역2번출구)(구로동)","11","37.50696","126.8903"
"997","다모아복권","서울 구로구 경인로19길 4","11","37.495926","126.84278"
"997","노다지 노원역점 복권방","서울 노원구 상계로 78,(상계동)","11","37.656223","127.06374"
"997","복다방","서울 성동구 동일로 135 1층 102호","11","37.54469","127.06504"
"997","그린마트","서울 송파구 백제고분로19길 26 1층","11","37.506878","127.08749"
"997","뉴빅마트","부산 기장군 정관중앙로 48 106호","21","35.321114","129.17929"
"997","서원탑훼미리","부산 동구 수정공원로 55 4동 1층 101호","21","35.131424","129.03888"
"997","로또구포점","부산 북구 덕천2길 23-3 1층","21","35.209282","129.00656"
"997","대박로또복권","대구 동구 메디밸리로 5-21","22","35.87418","128.74846"
"997","복권광장","인천 부평구 백범로 500 1층(십정동)","23","37.47005","126.696396"
"997","포시즌마전점","인천 서구 완정로10번길 6-6 검단2지구37블록1롯트","23","37.59451","126.67347"
"997","모닝마트(학성점)","울산 중구 학성로 189","26","35.557095","129.33168"
"997","홈돌이로또복권","경기 김포시 중봉로 14 삼성홈플러스2층","31","37.623863","126.69863"
"997","가판점","경기 부천시 자유로 33 이마트앞 지하도입구","31","37.483967","126.77988"
"997","로또복권판매점","경기 평택시 서정로 237","31","37.06594","127.059685"
"997","금강복권","경남 거제시 거제남서로 3239 금강오일뱅크","38","34.835403","128.59909"
"998","행운복권방","서울 서대문구 북아현로 34-3","11","37.560616","126.95637"
"998","인터넷 복권판매사이트","동행복권(dhlottery.co.kr)","","37.482063","127.015785"
"998","복드림","서울 영등포구 양평로 117","11","37.537376","126.89446"
"998","금집복권","광주 북구 첨단연신로108번길 134","24","35.2088","126.86471"
"998","지오","경기 남양주시 금강로 1617 1층","31","37.73454","127.195114"
"998","로또휴게실","경기 용인시 기흥구 용구대로 1885","31","37.256386","127.10432"
"998","황금복권마트","경기 이천시 증신로325번길 5 1층","31","37.297546","127.438866"
"998","로또명당인주점","충남 아산시 서해로 519-2","34","36.87784","126.89828"
"998","Letsgo복권유통","전북 전주시 덕진구 무삼지로 29","35","35.82817","127.16468"
"998","싹쓰리복권방","전북 전주시 완산구 솟대로 13","35","35.795097","127.12594"
"998","새론마트내로또복권","전남 순천시 북문5길 5 새론마트","36","34.961628","127.48701"
"998","폭스일레븐(창원점)","경남 창원시 성산구 가양로136번길 14 대양빌딩102호","38","35.208366","128.7081"
"999","복권천하","서울 강북구 월계로7나길 23,(미아동)","11","37.61254","127.0325"
"999","굿타임","서울 서대문구 연희로 36,(연희동)","11","37.561817","126.927475"
"999","로또방","서울 영등포구 영중로 12 에쉐르아이 시네마 쇼핑몰","11","37.517628","126.90648"
"999","케이(k)복권방","부산 사하구 장평로 300","21","35.09296","128.97366"
"999","부산슈퍼","부산 중구 흑교로31번길 13","21","35.102238","129.02374"
"999","노다지복권방","부산 해운대구 신반송로 179","21","35.229137","129.1601"
"999","네잎클로버","울산 북구 당수골6길 20 1층","26","35.58589","129.36163"
"999","복권닷컴","경기 성남시 수정구 탄리로 79","31","37.442997","127.135574"
"999","농협앞 가판점","경기 성남시 수정구 수정로 128","31","37.44143","127.13456"
"999","복권방","경기 수원시 팔달구 권광로 213","31","37.26662","127.0332"
"999","행운이가득한집","경기 안산시 상록구 건건로 28 동호상가B-14호","31","37.303696","126.90144"
"999","나눔로또","경기 화성시 상신하길로274번길 21 서봉마을사랑으로부영7단지아파트 상가1동 104,105,106호","31","37.11338","126.91072"
"999","전우사","강원 춘천시 금강로 44","32","37.880596","127.72703"
"999","썬마트","충북 청주시 흥덕구 진재로23번길 25","33","36.632607","127.42811"
"999","신천하명당","충남 예산군 발연로 1 이마트 24 내","34","36.698784","126.8296"
"999","CU노서점","경북 경주시 금성로259번길 38 1층 CU 노서점 내","37","35.841015","129.20303"
"1000","행운식품","서울 관악구 신원로3길 21","11","37.48188","126.92715"
"1000","로또백화점 홍은점","서울 서대문구 세검정로 99-1 1층 좌측","11","37.596603","126.94909"
"1000","인터넷 복권판매사이트","동행복권(dhlottery.co.kr)","","37.482063","127.015785"
"1000","복권나라","서울 성동구 용답중앙15길 12-1 1층","11","37.56443","127.05383"
"1000","티에스네트웍스","서울 영등포구 신길로28길  9 상가동 B2층 00006호(신길동, 힐스테이트클래시안)","11","37.503334","126.91101"
"1000","서면로또","부산 부산진구 중앙대로680번가길 55-5","21","35.15601","129.06055"
"1000","로터리복권방","부산 서구 자갈치로 4","21","35.096195","129.02484"
"1000","로터리복권방","부산 서구 자갈치로 4","21","35.096195","129.02484"
"1000","수퍼복권대박","인천 연수구 용담로 60 1층","23","37.418648","126.67362"
"1000","돈벼락맞는곳","대전 서구 복수남로 16","25","36.297783","127.37957"
"1000","와우복권방","대전 중구 평촌로 94-1","25","36.32221","127.397255"
"1000","웃는로또방","경기 고양시 덕양구 토당로 102","31","37.62402","126.81769"
"1000","강선복권","경기 고양시 일산서구 중앙로 1376 한양상가 1층 8호","31","37.66758","126.76625"
"1000","올웨이즈","경기 군포시  산본로 378 산본사이버텔 사이버텔109호","31","37.364124","126.930565"
"1000","행운 아이스크림 판매점","경기 부천시 부일로 434-1 1층","31","37.486343","126.778366"
"1000","복권방","경기 안양시 동안구 부림로 194","31","37.400047","126.96133"
"1000","복권나라","경기 포천시 죽엽산로35번길 1","31","37.826786","127.152664"
"1000","동탄복합문화센터복권판매점","경기 화성시 동탄순환대로 725 106호","31","37.208588","127.10831"
"1000","더블로또","강원 양구군 양구새싹로 22 1층 GS25","32","38.10217","127.98806"
"1000","복권명당","충북 청주시 상당구 월평로 204","33","36.611378","127.50161"
"1000","영유통(로또복권)","전북 군산시 미룡로 45","35","35.944042","126.68995"
"1000","로또복권판매","제주 서귀포시 표선동서로 230","39","33.324867","126.83256"
"1001","행운복권","서울 강북구 솔샘로 212 신영빌딩 1층","11","37.619926","127.01622"
"1001","복권백화점","서울 은평구 연서로29길 7-2 1층","11","37.618702","126.919136"
"1001","빅세일복권방","부산 부산진구 서면문화로 6","21","35.158302","129.05809"
"1001","복권명당(동아스포츠점)","대구 수성구 지범로 91 1층","22","35.825844","128.63191"
"1001","최강복권&아이스크림","경기 고양시 덕양구 삼송로 176-1","31","37.6531","126.89353"
"1001","최강복권&아이스크림","경기 고양시 덕양구 삼송로 176-1","31","37.6531","126.89353"
"1001","대박복권방","경기 남양주시 맷돌로 118 중흥프라자101호","31","37.657288","127.30326"
"1001","월산리주고받는로또","경기 남양주시 경춘로 2244 1층 CU내","31","37.65575","127.33679"
"1001","소망로또","경기 의정부시 평화로 176","31","37.707417","127.04841"
"1001","법원로또","강원 원주시 무실로 300 원주무실8단지엘에이치아파트 상가 101호","32","37.33498","127.93267"
"1001","영화유통","경북 포항시 북구 양학천로 15","37","36.023766","129.35393"
"1001","진양호","경남 진주시 남강로 58 1층","38","35.162823","128.03957"
"1002","투데이","서울 동대문구 천호대로 67 1층","11","37.574116","127.03101"
"1002","그린마트","서울 송파구 백제고분로19길 26 1층","11","37.506878","127.08749"
"1002","진우복권","부산 연제구 월드컵대로 119 204호(연산동)","21","35.184826","129.08208"
"1002","복권방","인천 남동구 백범로 123 cu편의점","23","37.454597","126.73312"
"1002","복권판매점","경기 성남시 수정구 남문로77번길 13-1  1층","31","37.4475","127.13477"
"1002","에이데이마트","전남 목포시 백년대로375번길 42 에이데이마트","36","34.810516","126.42563"
"1002","동일설비 명성복권","경북 안동시 경동로 913","37","36.55692","128.75537"
"1002","행복충전","경북 포항시 북구 삼흥로 441 3호","37","36.097492","129.37115"
"1003","가로판매대","서울 강동구 올림픽로 648 천호역 3번 출구 앞(가판점)","11","37.538975","127.12444"
"1003","노다지복권방","서울 동대문구 한빛로 1-1,(신설동)","11","37.57634","127.02392"
"1003","버스매표소","인천 부평구 부평대로 3 가판","23","37.49181","126.722725"
"1003","노다지복권방","인천 연수구 앵고개로 256","23","37.407825","126.67202"
"1003","천복권방","대전 대덕구 한밭대로1043번길 2","25","36.358776","127.41447"
"1003","주엽역 로또판매점","경기 고양시 일산서구 중앙로 1437 화성프라자 도로","31","37.670036","126.76048"
"1003","해뜰날","경기 동두천시 중앙로 134-30","31","37.89315","127.0543"
"1003","해뜰날","경기 동두천시 중앙로 134-30","31","37.89315","127.0543"
"1003","해뜰날","경기 동두천시 중앙로 134-30","31","37.89315","127.0543"
"1003","해뜰날","경기 동두천시 중앙로 134-30","31","37.89315","127.0543"
"1003","해뜰날","경기 동두천시 중앙로 134-30","31","37.89315","127.0543"
"1003","오이도직판장마트","경기 시흥시 오이도로 167 오이도이주단지B","31","37.345856","126.68821"
"1003","떳다복권방","전북 군산시 조촌로 90","35","35.97195","126.73802"
"1003","로또복권판매","제주 서귀포시 표선동서로 230","39","33.324867","126.83256"
"1004","금손복권","서울 마포구 새창로 22 1층(도화동)","11","37.541885","126.9523"
"1004","교통카드","서울 서초구 강남대로 517","11","37.5081","127.022255"
"1004","G마트","서울 영등포구 디지털로 387","11","37.491634","126.902115"
"1004","만복래","인천 부평구 주부토로 20-2 1층","23","37.496822","126.72482"
"1004","잉크와복권","경기 광명시 시청로 69,(철산동)","31","37.48272","126.865616"
"1004","대박로또","충남 당진시 서해로 6869","34","36.8866","126.74026"
"1004","천하명당복권방","충남 홍성군 조양로 180","34","36.60072","126.66951"
"1004","포시즌마트 빛가람희망로또","전남 나주시 그린로 351 110호 포시즌마트","36","35.017883","126.793915"
"1004","로또야놀자","경북 경주시 양정로 211,(동천동)","37","35.85151","129.22398"
"1004","로또월드","경북 성주군 성주순환로 113 1층 창민전기","37","35.926235","128.2815"
"1005","스파","서울 노원구 동일로 1493 상계주공아파트(10단지) 주공10단지종합상가111","11","37.66166","127.05787"
"1005","부일카서비스","부산 동구 자성로133번길 35","21","35.140015","129.06306"
"1005","대박신화로또판매점","인천 미추홀구 인하로 267 1층","23","37.44831","126.677795"
"1005","드림마트","인천 서구 검단로 490","23","37.60223","126.65863"
"1005","영화복권(버들점)","광주 서구 상무버들로 32","24","35.164616","126.86002"
"1005","이전유통","경기 고양시 일산동구 호수로446번길 54 1층","31","37.645763","126.780205"
"1005","마리오슈퍼","경기 부천시 송내대로265번길 85 뱅뱅프라자 1층 118호","31","37.50734","126.753876"
"1005","남문시장","경기 수원시 팔달구 수원천로255번길 6 영동시장 영동시장 101호","31","37.277145","127.01858"
"1005","용꿈돼지꿈복권방","경기 시흥시 하중로 235 법조타운103호","31","37.390877","126.806526"
"1005","도깨비복권방","전북 군산시 문화로 29","35","35.969982","126.70906"
"1005","복권명당","경북 경주시 동문로 46","37","35.848606","129.2142"
"1005","천하명당복권방","경남 거제시 옥포성안로 60","38","34.891693","128.69492"
"1006","다판다25 일광푸르지오점","부산 기장군 해빛로 39-32","21","35.26272","129.22409"
"1006","종로복권","인천 서구 검단로 519 종로문고","23","37.60376","126.66156"
"1006","로또랑 슈퍼랑","경기 고양시 일산동구 고양대로 739 1층 108호","31","37.682865","126.77852"
"1006","토큰박스","경기 남양주시 진건오남로 112-1 동양할인마트 앞 로또판매점","31","37.660786","127.179695"
"1006","북문복권방","경기 수원시 장안구 정조로 927-1","31","37.29028","127.01279"
"1006","지니로또복권방","경기 오산시 대호로 70","31","37.15661","127.05448"
"1006","행운복권방","경기 포천시 솔모루로 86-1","31","37.8288","127.14748"
"1006","서울로또방","충북 옥천군 삼금로 8","33","36.29949","127.56668"
"1006","로또복권","경남 창원시 의창구 원이대로69번길 24-4 1층 103호 태경동태탕","38","35.25772","128.63771"
"1007","소울로또","서울 강동구 진황도로 119","11","37.534897","127.13954"
"1007","인터넷 복권판매사이트","동행복권(dhlottery.co.kr)","","37.482063","127.015785"
"1007","뉴빅마트","부산 기장군 정관중앙로 48 106호","21","35.321114","129.17929"
"1007","로또나라","부산 북구 팽나무로 1","21","35.20504","129.00464"
"1007","복권명당","대구 수성구 천을로 180 동서1차아파트상가108-112호","22","35.842495","128.71007"
"1007","로또명당 이천쌀유통","인천 부평구 광장로 34 1층","23","37.490963","126.72445"
"1007","주엽역 로또판매점","경기 고양시 일산서구 중앙로 1437 화성프라자 도로","31","37.670036","126.76048"
"1007","거진터미널로또복권판매점","강원 고성군 거진읍 거진길 21-2 거진터미널","32","38.44631","128.45374"
"1007","로또명당인주점","충남 아산시 서해로 519-2","34","36.87784","126.89828"
"1008","포이로또방","서울 강남구 개포로22길 19 1층","11","37.477764","127.04852"
"1008","인터넷 복권판매사이트","동행복권(dhlottery.co.kr)","","37.482063","127.015785"
"1008","어머화장품","서울 송파구 가락로11길 19","11","37.502045","127.10405"
"1008","현대슈퍼","서울 중랑구 봉우재로 203-1,(망우동)","11","37.5948","127.095276"
"1008","삼각R복권방","대구 남구 현충로 221 솔내음발연구소 내","22","35.85148","128.58163"
"1008","삼각R복권방","대구 남구 현충로 221 솔내음발연구소 내","22","35.85148","128.58163"
"1008","드림월드복권","인천 남동구 만수로27번길 3","23","37.45943","126.73148"
"1008","로또대박","세종  장척로 571","29","37.499294","127.22131"
"1008","현대25시편의점","경기 고양시 일산서구 경의로 914","31","37.69899","126.75953"
"1008","대박찬스","충북 청주시 흥덕구 가경로161번길 3","33","36.628975","127.43644"
"1008","노형로또마트","제주 제주시 수덕로 6","39","33.488564","126.47531"
"1009","명동역5번출구가판","서울 중구 퇴계로 115","11","37.561043","126.9845"
"1009","토스터리 아리울","부산 동구 중앙대로286번길 3-1","21","35.12209","129.04404"
"1009","행운복권방","부산 부산진구 냉정로 273","21","35.15128","129.02971"
"1009","대원슈퍼마켓","부산 수영구 수영로 524","21","35.152473","129.112"
"1009","금강복권","경기 김포시 율생로 3","31","37.652786","126.59066"
"1009","일등복권","경기 성남시 분당구 성남대로331번길 3-3 110호 (정자동, 젤존타워3)","31","37.365532","127.107735"
"1009","비나리","경기 수원시 권선구 금호로 67 (금곡동)","31","37.2703","126.95861"
"1009","서부역지점","경기 평택시 원평로 55 1층","31","36.990517","127.08355"
"1009","향남복권","경기 화성시 행정서로1길 30","31","37.127228","126.91468"
"1009","거두리복권방","강원 춘천시 거두택지길 25 부영아파트 부영아파트제상가1-102호","32","37.854225","127.753395"
"1009","황금손복권판매점","전북 전주시 완산구 어은로 9 1층","35","35.816734","127.124146"
"1009","파워할인마트","경북 김천시 자산로 44-2 1층 파워할인마트내","37","36.119797","128.12686"
"1009","삼정상회","경남 김해시 활천로 23 가동 109호 복권판매점","38","35.22994","128.89351"
"1009","부강 돈벼락","경남 양산시 물금로 41 양산물금양우내안애5차리버파크 상가108호 양우대산부동산 내","38","35.309055","128.9885"
"1009","제주대림점","제주 제주시 과원북2길 48","39","33.478714","126.487656"
"1010","인터넷 복권판매사이트","동행복권(dhlottery.co.kr)","","37.482063","127.015785"
"1010","지에스25 신매태왕점로또","대구 수성구 욱수천로 70 편의점_GS25","22","35.83531","128.7119"
"1010","한꿈복권방","울산 중구 번영로 586","26","35.568794","129.34589"
"1010","복권 판매점","경기 구리시 안골로 103","31","37.59766","127.14259"
"1010","로또25시","경기 수원시 권선구 금곡로102번길 15 비즈웍스 비즈웍스 111호","31","37.27328","126.94183"
"1010","춘향로또","전북 남원시 동림로 102-1","35","35.41707","127.384926"
"1010","대박복권방","경북 구미시 인동36길 34","37","36.091812","128.43137"
"1010","억만금로또복권","경남 사천시 주공로 60 용강현대아파트 현대상가 1동 101호","38","34.943863","128.08817"
"1011","버스카드판매대","서울 관악구 신림로 145-2","11","37.47187","126.93328"
"1011","지에스(GS)25대전코젤점","대전 유성구 계백로 927 코젤병원 1층 GS25편의점","25","36.301296","127.3266"
"1011","복권나라","경기 수원시 장안구 장안로 288 수단란주점 1층","31","37.307373","126.9903"
"1011","오뚜기로또","경기 안산시 단원구 원초로 30 보성프라자 143호","31","37.328346","126.80174"
"1011","J마트","경기 안양시 만안구 안양로 145-1","31","37.387325","126.93058"
"1011","규암복권판매점","충남 부여군 자온로 61","34","36.274117","126.8867"
"1011","노다지복권방","충남 천안시 동남구 원성천1길 151 2호","34","36.808594","127.1619"
"1011","좋은사람들로또","전남 보성군 현충로 85","36","34.76743","127.081055"
"1011","돈벼락맞는곳","경남 김해시 김해대로 2793 복권판매점","38","35.222202","128.92828"
"1011","희망슈퍼","경남 창원시 의창구 원이대로279번길 17","38","35.244057","128.65157"
"1011","동홍코사마트","제주 서귀포시 동홍북로 10 동홍코사마트 동홍코사마트내","39","33.259064","126.569405"
"1012","복권천하","서울 강북구 월계로7나길 23,(미아동)","11","37.61254","127.0325"
"1012","노다지","서울 동대문구 한천로 55","11","37.566845","127.061806"
"1012","세계로생활가전","서울 동작구 보라매로 104 1층","11","37.49841","126.9283"
"1012","복권천국","서울 서초구 서초대로 97 1층","11","37.48771","126.99283"
"1012","인터넷 복권판매사이트","동행복권(dhlottery.co.kr)","","37.482063","127.015785"
"1012","종국이두마리치킨불로점","대구 동구 팔공로30길 6","22","35.91149","128.6418"
"1012","이마트24 대구북구매천점","대구 북구 매전로4길 22 1층(매천동)","22","36.90677","128.5432"
"1012","명당로또","울산 남구 팔등로 65","26","35.545662","129.31345"
"1012","명당슈퍼","경기 수원시 영통구 중부대로 285 김환규산부인과","31","37.273994","127.047226"
"1012","천하명당","경기 평택시 탄현로 224","31","37.07261","127.05525"
"1012","복권명당","충남 공주시 번영1로 41","34","36.471832","127.13313"
"1012","차암일등로또","충남 천안시 서북구 밤개울1길 1-5","34","36.840473","127.10137"
"1012","로또복권판매점","전북 남원시 가방뜰길 57 금동휴먼시아 상가","35","35.40019","127.36926"
"1013","삼성마트","서울 강남구 선릉로 628","11","37.512646","127.043304"
"1013","스파","서울 노원구 동일로 1493 상계주공아파트(10단지) 주공10단지종합상가111","11","37.66166","127.05787"
"1013","가로가판대제57호(구)","서울 중구 세종대로14길 6-2","11","37.562904","126.97705"
"1013","부일카서비스","부산 동구 자성로133번길 35","21","35.140015","129.06306"
"1013","장원로또","경기 수원시 영통구 중부대로246번길 10 1층 3호","31","37.27466","127.04233"
"1014","서울구가-17가판","서울 구로구 구로동로 130-2 구로4동우체국앞가판","11","37.490326","126.88439"
"1014","가로판매점","서울 용산구 한강대로 114 신용산역 1번출구앞 가판","11","37.530006","126.96817"
"1014","갈렙분식한식","서울 중랑구 용마산로115길 92","11","37.59823","127.09528"
"1014","현대슈퍼","광주 서구 상무대로 871","24","35.150524","126.857315"
"1014","가판점","경기 부천시 부일로459번길 8 국민은행버스정류장 옆 가판","31","37.48641","126.78152"
"1014","금곡로","경기 수원시 권선구 금곡로197번길 18-23 해피라움블루 105호(금곡동, 해피라움블루)","31","37.27511","126.95279"
"1014","로또복권방","충남 천안시 서북구 쌍용대로 190 상가3호","34","36.8143","127.13485"
"1014","행운플러스","전북 전주시 덕진구 송천로 1","35","35.85346","127.11937"
"1014","드림마트","경남 김해시 인제로170번길 15-6 씨스페이스편의점 내","38","35.24405","128.9058"
"1014","스마일","경남 양산시 북안남4길 2 복권판매점","38","35.34539","129.0383"
"1015","오렌지데이편의점","부산 해운대구 좌동순환로249번길 11 르네상스오피스102호","21","35.173973","129.1815"
"1015","복권명당(영남점)","대구 달서구 월배로 122,(진천동)","22","35.814716","128.52782"
"1015","1등로또방","광주 동구 중앙로 249-2","24","35.15431","126.92017"
"1015","오천억복권방","광주 서구 상무대로 1087","24","35.15296","126.880745"
"1015","돈방석","경기 수원시 장안구 송정로 170 1층 101호(조원동)","31","37.29805","127.01531"
"1015","복권천국","전남 여수시 선소로 62 부영아파트상가4동1-2호","36","34.75757","127.667564"
"1015","큐마트학동점로또","전남 여수시 학동서5길 2 큐마트내","36","34.761883","127.65653"
"1015","부강 돈벼락","경남 양산시 물금로 41 양산물금양우내안애5차리버파크 상가108호 양우대산부동산 내","38","35.309055","128.9885"
"1016","나눔로또 석촌점","서울 송파구 백제고분로27길  34 1층","11","37.50599","127.09392"
"1016","가판14호","서울 중구 퇴계로 37","11","37.557816","126.97671"
"1016","가판14호","서울 중구 퇴계로 37","11","37.557816","126.97671"
"1016","희망복권방","부산 동래구 명장로20번길 26,(명장동)","21","35.204823","129.10197"
"1016","운수대통","인천 부평구 동암광장로 6 1층 A호","23","37.470837","126.70217"
"1016","우두로또","강원 춘천시 영서로 2786 1층","32","37.901936","127.72848"
"1016","국영슈퍼","충남 아산시 시민로 366","34","36.781338","127.00013"
"1016","종합복권방","전남 해남군 해남로 34 종합복권방편의점","36","34.570763","126.61092"
"1016","고현시장만남의광장복권방","경남 거제시 거제중앙로19길 8 102호","38","34.885803","128.62367"
"1016","호박넝쿨복권방","경남 김해시 여래로20번길 50-7 103호","38","35.305355","128.72906"
"1016","지에스(GS25)뉴양산혜인점","경남 양산시 웅상대로 955 GS편의점","38","35.384914","129.15508"
"1017","베네시티앞가판","서울 강동구 올림픽로 664 대우베네시티cafe7gram앞","11","37.540554","127.12498"
"1017","대박복권방","서울 구로구 개봉로17길 18","11","37.491714","126.85477"
"1017","복권명당","서울 동작구 국사봉길 26","11","37.498108","126.92918"
"1017","SK 복권방","인천 미추홀구 용정공원로 33 인천SKSkyVIEW 상가 A-2동 1층 104호","23","37.44953","126.645454"
"1017","로또판매점","경기 김포시 김포한강2로 208 고창마을케이시시스위첸아파트 스웨첸아파트상가1동101호씨유kcc점","31","37.64584","126.66295"
"1017","슈퍼맨편의점","강원 강릉시 경강로 2113 꽃사슴복권방","32","37.756042","128.89757"
"1017","행운복권","충북 제천시 명륜로 67 1층","33","37.142334","128.20863"
"1018","씨스페이스 범어사역점","부산 금정구 중앙대로 2097 1층","21","35.27163","129.09242"
"1018","노다지복권방","인천 미추홀구 한나루로 400 학익시장 외7필지125호","23","37.443375","126.66496"
"1019","미나식품(로또판매점)","서울 강서구 금낭화로 91-12","11","37.5735","126.81066"
"1019","장수복권","서울 관악구 난곡로 223 1층","11","37.47412","126.91699"
"1019","Today","서울 광진구 광나루로56길 85 테크노마트9층판매동24호","11","37.53569","127.09574"
"1019","종합가판점","서울 동대문구 왕산로40길 6 건물 앞쪽 가판점 청량리역 5번출구 앞쪽","11","37.579697","127.04497"
"1019","인터넷 복권판매사이트","동행복권(dhlottery.co.kr)","","37.482063","127.015785"
"1019","인터넷 복권판매사이트","동행복권(dhlottery.co.kr)","","37.482063","127.015785"
"1019","인터넷 복권판매사이트","동행복권(dhlottery.co.kr)","","37.482063","127.015785"
"1019","인터넷 복권판매사이트","동행복권(dhlottery.co.kr)","","37.482063","127.015785"
"1019","인터넷 복권판매사이트","동행복권(dhlottery.co.kr)","","37.482063","127.015785"
"1019","인터넷 복권판매사이트","동행복권(dhlottery.co.kr)","","37.482063","127.015785"
"1019","잠실매점","서울 송파구 올림픽로 269 잠실역 8번출구 앞 가판","11","37.514446","127.10071"
"1019","우리마트","서울 중구 창경궁로 11","11","37.563187","126.99816"
"1019","신간판","서울 중구 무교로 24","11","37.568092","126.979454"
"1019","빅세일복권방","부산 부산진구 서면문화로 6","21","35.158302","129.05809"
"1019","청솔서점","부산 사하구 하신번영로 195","21","35.098824","128.95897"
"1019","플러스로또","대구 달서구 월곡로45길 56,(상인동)","22","35.81329","128.53883"
"1019","로또명당","인천 남동구 호구포로 874","23","37.460365","126.720314"
"1019","대박스타","인천 미추홀구 경인로 348 1층","23","37.458347","126.678635"
"1019","무판안경시청점","울산 남구 중앙로 210-1","26","35.53983","129.31253"
"1019","광명24시편의점","울산 동구 방어진순환도로 945","26","35.525547","129.4329"
"1019","복권방","울산 울주군 덕남로 87","26","35.454807","129.28966"
"1019","경은 로또 판매점","울산 중구 태화로 37 1층","26","35.554806","129.2803"
"1019","다정로또복권","세종   다정중앙로 52","29","36.49494","127.24923"
"1019","대박복권판매점","경기 김포시 김포한강11로140번길 8-12 102호","31","37.646435","126.68178"
"1019","오남 로또택배","경기 남양주시 진건오남로 814 B동 1층 5호","31","37.69933","127.20243"
"1019","팡팡마트","경기 남양주시 진건오남로522번길 3 102호","31","37.6803","127.21044"
"1019","또와또복권","경기 성남시 수정구 수정로 215 왼쪽2호 (태평동)","31","37.44476","127.143394"
"1019","크로바쉼터","경기 성남시 수정구 대왕판교로 1289 1층 5호","31","37.45513","127.10651"
"1019","따따블 대박로또","경기 시흥시 서울대학로278번길 26 109호","31","37.368885","126.72809"
"1019","머니머니","경기 시흥시 월곶중앙로14번길 100","31","37.394455","126.739426"
"1019","로또복권","경기 오산시 성호새싹길 11","31","37.14982","127.06984"
"1019","대박로또","경기 용인시 기흥구 신갈로 32","31","37.269398","127.10585"
"1019","노다지복권방","경기 용인시 처인구 금령로 130","31","37.23509","127.2105"
"1019","행운복권방","경기 포천시 솔모루로 86-1","31","37.8288","127.14748"
"1019","서해로또방","경기 화성시 화성로 1471","31","37.223217","126.84257"
"1019","드림 복권방","경기 화성시 효행로 216 1층","31","37.228382","126.970924"
"1019","황금복권방","강원 인제군 인제로 232","32","38.070526","128.17557"
"1019","사내로또","강원 화천군 문화마을1길 113 1층","32","38.06776","127.52292"
"1019","행운복권방","충북 청주시 상당구 단재로 119,(영운동)","33","36.618725","127.49801"
"1019","행운복권방","충북 청주시 상당구 단재로 119,(영운동)","33","36.618725","127.49801"
"1019","로또매점","충남 당진시 송산로 723","34","36.953873","126.68932"
"1019","1등명당","충남 서천군 장항로 220","34","36.00986","126.70148"
"1019","1등명당","충남 서천군 장항로 220","34","36.00986","126.70148"
"1019","1등명당","충남 서천군 장항로 220","34","36.00986","126.70148"
"1019","남원복권방","전북 남원시 남문로 414","35","35.406384","127.37658"
"1019","대박찬스","전북 정읍시 관통로 59","35","35.561882","126.85863"
"1019","광양복권나라(로터리)","전남 광양시 백운로 1","36","34.971252","127.58985"
"1019","복받는날","경북 포항시 북구 삼흥로 64","37","36.06761","129.37898"
"1019","스마일","경남 양산시 북안남4길 2 복권판매점","38","35.34539","129.0383"
"1019","범어로또판매점","경남 양산시 목화로 52 좌측 복권판매점","38","35.331547","129.0016"
"1020","고덕로또복권","서울 강동구 상일로15길 18 1층","11","37.557686","127.17006"
"1020","오케이상사","서울 서초구 신반포로 176 센트럴시티내100호매점","11","37.504353","127.00359"
"1020","복권 아이스크림","서울 송파구 위례광장로 188 101호","11","37.481083","127.142365"
"1020","제이복권방","서울 종로구 종로 225-1 평창빌딩 1층 103호","11","37.571293","127.00283"
"1020","을지상회","서울 중구 장충단로13길 43 동화연쇄상가1층특3","11","37.568165","127.00592"
"1020","이마트24침산명성점","대구 북구 침산로 153 명성푸르지오 상가 103동 B2호","22","35.889423","128.59015"
"1020","충남상회","인천 미추홀구 석정로 78 10호","23","37.466232","126.64562"
"1020","진플러스안경","대전 중구 대종로 301-1","25","36.3128","127.43504"
"1020","행운대박복권방","경기 남양주시 광릉내로 17","31","37.742252","127.19782"
"1020","주택복권방","경기 안양시 동안구 흥안대로145번길 77 77","31","37.374123","126.95816"
"1020","포유25다농점","경기 오산시  운천로 80-5 거성그린프라자114호","31","37.149662","127.0754"
"1020","민속촌삼거리 행운복권방","경기 용인시 기흥구 용구대로 1869","31","37.25497","127.1047"
"1020","광포로또복권","경북 울진군 죽변북로 154","37","37.06768","129.41031"
"1021","황금대박점","서울 노원구 공릉로 328,(하계동)","11","37.63598","127.07099"
"1021","대만상사","서울 성북구 보국문로11길 30","11","37.608795","127.008354"
"1021","G마트","서울 영등포구 디지털로 387","11","37.491634","126.902115"
"1021","야단법석","대구 북구 호암로 20 123동112호(성광우방상가 내)","22","35.88199","128.59221"
"1021","유연마트","대전 동구 계족로 88","25","36.32213","127.4451"
"1021","대운복권","경기 성남시 중원구 성남대로 1149","31","37.432377","127.12866"
"1021","스타복권방","충남 논산시 안심로 72","34","36.127453","127.09938"
"1021","오복로또","충남 부여군 성흥로 178","34","36.18377","126.89627"
"1021","로또명당인주점","충남 아산시 서해로 519-2","34","36.87784","126.89828"
"1021","롯데마트","전북 군산시 하나운로 43","35","35.963455","126.69942"
"1021","불타는복권","경북 영주시 기주로 84","37","36.86992","128.52666"
"1021","목화휴게소","경남 사천시 사천대로 912","38","35.0018","128.05415"
"1022","복권백화점","경기 파주시 평화로 70","31","37.763588","126.76989"
"1022","규암복권판매점","충남 부여군 자온로 61","34","36.274117","126.8867"
"1022","씨유 목포세진점","전남 목포시 해안로249번길 17 CU편의점","36","34.787647","126.38714"
"1022","텀브커피왜관점 로또명당","경북 칠곡군 중앙로 95 1층 커피&로또명당","37","35.983677","128.39816"
"1022","포항오거리CU복권","경북 포항시 북구 죽도로 33 CU포항오거리점내","37","36.033836","129.36467"
"1023","오로라복권방","서울 광진구 뚝섬로 625 국민은행자양동지점 50m","11","37.532303","127.0791"
"1023","광장하이퍼","서울 구로구 경인로53길 15 중앙유통단지C-05","11","37.500893","126.874565"
"1023","아이마트","대전 서구 둔산로 230","25","36.351067","127.399605"
"1023","(I.A) 로또마트","경기 안산시 단원구 신길로 9-4","31","37.33149","126.78637"
"1023","협신복권방","경기 여주시 도예로 28 CU편의점내","31","37.306477","127.640015"
"1023","서해로또방","경기 화성시 화성로 1471","31","37.223217","126.84257"
"1023","운수대통복권방","충남 천안시 동남구 대흥로 122 중앙시장 입구","34","36.80049","127.14926"
"1023","복권판매점","전남 광양시 용강로 35","36","34.972713","127.608406"
"1023","돈방석(로또)","경남 사천시 사천대로 1791","38","35.07639","128.08182"
"1024","로또 光복권","서울 구로구 개봉로23가길 37","11","37.495296","126.85847"
"1024","CU(남가좌현대점)","서울 서대문구 가재울로 46","11","37.5752","126.92181"
"1024","천하명당로또복권","서울 서대문구 세무서길 12","11","37.588524","126.94564"
"1024","제일복권","부산 서구 충무대로 35-1 1층 복권방","21","35.078842","129.01659"
"1024","대박명당","울산 남구 중앙로 154","26","35.53496","129.31442"
"1024","희망복권","경기 시흥시 월곶중앙로14번길 68 1동 104호","31","37.392128","126.74172"
"1024","열두보석복권방","경기 용인시 기흥구 구갈로 74 구갈스포츠센타 구갈스포츠센터106호","31","37.281136","127.11181"
"1024","CU노서점","경북 경주시 금성로259번길 38 1층 CU 노서점 내","37","35.841015","129.20303"
"1025","행복슈퍼","서울 성북구 동소문로 49","11","37.591003","127.01112"
"1025","로또킹","서울 영등포구 영중로 2 1층(영등포동3가)","11","37.516743","126.906746"
"1025","오늘또로또","경기 이천시 중앙로 92 1층 101호","31","37.249767","127.35735"
"1025","복권나라","충북 제천시 청풍호로 52 1층","33","37.126526","128.20273"
"1026","자양사거리가로매점","서울 광진구 자양로 95","11","37.536224","127.0832"
"1026","GS25궁동상지점","서울 구로구 부일로15길 29","11","37.494125","126.832985"
"1026","금정복권방","서울 도봉구 해등로 168 1층","11","37.657394","127.03796"
"1026","씨스페이스 범어사역점","부산 금정구 중앙대로 2097 1층","21","35.27163","129.09242"
"1026","수퍼복권대박","인천 연수구 용담로 60 1층","23","37.418648","126.67362"
"1026","운수대통","광주 광산구 어등대로 581-1 1층 운수대통","24","35.15126","126.786285"
"1026","서민","경기 광주시 무들로 211","24","37.37987","127.30572"
"1026","서민","경기 광주시 무들로 211","24","37.37987","127.30572"
"1026","지엘복권 및 위로마트","경기 김포시 김포한강4로 571 1층 110호","31","37.644848","126.62036"
"1026","천운","경기 의정부시 문충로  110 ,106호(고산동,백봉프라자)","31","37.73013","127.10641"
"1026","OK편의점","경기 이천시 중리천로 56","31","37.279842","127.44385"
"1026","복권하우스","경기 평택시 송탄로 369-1 1층","31","37.07642","127.05769"
"1026","삼팔로또","충남 서천군 서천읍 충절로 34","34","36.075367","126.68638"
"1026","태안로또복권방","충남 태안군 독샘로 57","34","36.75318","126.29935"
"1026","진빈레코드","경남 밀양시 북성로 7","38","35.498558","128.74329"
"1027","인터넷 복권판매사이트","동행복권(dhlottery.co.kr)","","37.482063","127.015785"
"1027","골든티켓","인천 남동구 만수서로 23 101호","23","37.46084","126.72893"
"1027","행복충전소","경기 평택시 탄현로 332-2","31","37.0818","127.05637"
"1027","나눔로또판매점희망엄사점","충남 계룡시 엄사중앙로 11","34","36.281937","127.23905"
"1027","큰별복권판매점","충남 논산시 중앙로 318","34","36.19416","127.094696"
"1027","왕대박복권","충남 논산시 연산면 계백로 1853 편의점","34","36.21237","127.17872"
"1027","부안복권방","전북 부안군 부안읍 번영로 135","35","35.72623","126.73543"
"1027","팡팡복권마트.잡화슈퍼","전북 전주시 덕진구 가리내로 26","35","35.834366","127.13327"
"1027","로또명당","전남 해남군 우수영로 1","36","34.596703","126.31274"
"1027","럭키","경남 진주시 하대로 138 상가동 103호","38","35.193367","128.1268"
"1028","복권세계","서울 구로구 우마길 4","11","37.48224","126.887436"
"1028","오성할인마트","서울 도봉구 도봉로 505,(쌍문동)","11","37.65071","127.03558"
"1028","노다지복권방","서울 동대문구 한빛로 1-1,(신설동)","11","37.57634","127.02392"
"1028","인터넷 복권판매사이트","동행복권(dhlottery.co.kr)","","37.482063","127.015785"
"1028","대지사","서울 성동구 왕십리로 362","11","37.56434","127.03028"
"1028","크로바쎄븐","서울 송파구 법원로11길 7 문정현대지식산업센터1-2 1층 128호","11","37.485355","127.119225"
"1028","더디씨 신월점","서울 양천구 남부순환로 516","11","37.522324","126.83646"
"1028","로또킹","서울 영등포구 영중로 2 1층(영등포동3가)","11","37.516743","126.906746"
"1028","GS25(명륜성대점)","서울 종로구 명륜길 2","11","37.587887","126.99655"
"1028","돈벼락맞는곳","부산 동구 조방로49번길 18-1","21","35.139168","129.05995"
"1028","루이방","경기 과천시 중앙로 135-1","31","37.428352","126.99161"
"1028","로또명당 대박복권방","경기 광명시 소하로 78 109호(소하동, 신성프라자)","31","37.44792","126.883354"
"1028","로또","경기 구리시 갈매순환로 96 102호(갈매동,오대타워)","31","37.62838","127.1196"
"1028","역곡역전로또","경기 부천시 경인로 506 가판대","31","37.4839","126.811646"
"1028","천하명당","경기 시흥시 신천3길 26-1 1층1호","31","37.438892","126.783295"
"1028","로또스테이션","경기 안산시 단원구 선부광장1로 81 주공15단지아파트 상가동 108호(선부동1080-2)","31","37.33527","126.81481"
"1028","열두보석복권방","경기 용인시 기흥구 구갈로 74 구갈스포츠센타 구갈스포츠센터106호","31","37.281136","127.11181"
"1028","한솔제지 오거리로또","충남 천안시 동남구 행정길 9 오리사냥","34","36.68894","127.15842"
"1028","천하명당","전남 여수시 망마로 107","36","34.757214","127.67405"
"1028","복권왕국","전남 여수시 화산로 134","36","34.77723","127.651146"
"1029","인터넷 복권판매사이트","동행복권(dhlottery.co.kr)","","37.482063","127.015785"
"1029","통일복권방","서울 송파구 백제고분로7길 6","11","37.510223","127.07944"
"1029","씨유 장기파랑새점","대구 달서구 용산로 63-1 1층  CU편의점","22","35.84313","128.5309"
"1029","가평로또방","경기 가평군 석봉로 240 스마트빌딩 1층","31","37.83634","127.50878"
"1029","행운복권","경기 군포시 대야1로 3 현대팰리스 1동","31","37.32638","126.91891"
"1029","송추장흥로또","경기 양주시 호국로 511","31","37.716553","126.97139"
"1029","신나는복권방","경기 파주시 문향로 51-1","31","37.856716","126.78506"
"1029","현대장미슈퍼","전북 익산시 동서로61길 41 현대아파트1층108호","35","35.95509","126.98032"
"1029","한성슈퍼","전북 익산시 익산대로 52","35","35.93115","126.94382"
"1029","송도하우스","전남 목포시 영산로 525 목포터미널 내","36","34.812717","126.41759"
"1030","명당복권방","서울 동작구 상도로 281 1층","11","37.50238","126.94859"
"1030","용꿈돼지꿈","서울 마포구 마포대로 112-5","11","37.544727","126.95221"
"1030","인터넷 복권판매사이트","동행복권(dhlottery.co.kr)","","37.482063","127.015785"
"1030","인터넷 복권판매사이트","동행복권(dhlottery.co.kr)","","37.482063","127.015785"
"1030","교통카드판매대","서울 송파구 송파대로28길 27 송파성원쌍떼빌 공영주차장앞가판","11","37.495056","127.120415"
"1030","코사마트금강점","대구 달서구 용산로 204 1층 코사마트","22","35.855705","128.53079"
"1030","대박복권방","대구 북구 옥산로 53,(노원동1가)","22","35.88536","128.58174"
"1030","복권전문점","인천 부평구 원적로 437","23","37.50383","126.7151"
"1030","인생로또","울산 북구 천곡남로 33 삼성코아루상가내","26","35.63205","129.33356"
"1030","복권사랑","경기 가평군 청평중앙로 24 1층 CU청평중앙로점","31","37.736507","127.41756"
"1030","대박","경기 구리시 안골로103번길 46","31","37.599422","127.14154"
"1030","로또맛집배은복","경기 김포시 풍무로 121 1층 6호","31","37.606407","126.72207"
"1030","김포로또","경기 김포시 돌문로 48 한솔프라자101","31","37.619404","126.71802"
"1030","여수복권방","경기 성남시 중원구 성남대로997번길 25-9","31","37.418343","127.12638"
"1030","스피드세븐","경기 화성시 한절이길 15 101호","31","37.11733","126.91574"
"1030","돈벼락복권","강원 태백시 번영로 356","32","37.171455","128.99202"
"1030","천하명당","전남 여수시 망마로 107","36","34.757214","127.67405"
"1030","일등복권","경북 칠곡군 동명면 금암중앙길 42,(금암리)","37","35.982574","128.55367"
"1030","동행복권 진해신항점","경남 창원시 진해구 신항4로 47-26 111호(마린타워)","38","35.086884","128.81435"
"1031","삼육오상사","서울 동대문구 홍릉로 67 1층우측(청량리동)","11","37.58633","127.04299"
"1031","우일","서울 송파구 마천로 235","11","37.49996","127.14397"
"1031","한국인세계대박복권","인천 연수구 한나루로197번길 34","23","37.42769","126.65522"
"1031","해피+24시편의점","광주 북구 하서로 330","24","35.2045","126.8739"
"1031","삼산현대 로또판매","울산 남구 월평로 225","26","35.54691","129.3294"
"1031","후레쉬슈퍼","경기 부천시 부천로 80 풍산메디칼프라자 101호","31","37.491283","126.7847"
"1031","이마트24녹동점1등복권방","전남 고흥군 녹동남촌1길 13 이마트24녹동점옆","36","34.525757","127.14047"
"1031","로또 휴게","제주 제주시 연삼로 626","39","33.5063","126.55473"
"1032","일등복권방","부산 남구 고동골로 3","21","35.137333","129.07097"
"1032","미니스톱 새법조타운점","부산 연제구 법원로16번길 10 금복빌딩","21","35.190254","129.07347"
"1032","행운생활건강","인천 서구 고래울로 42","23","37.486103","126.68637"
"1032","복권명당(광주시청점)","경기 광주시 회안대로 900 로얄프라자 115호","24","37.427338","127.25636"
"1032","로또복권방","경기 군포시 산본로323번길 16-6 신명타워 신명빌딩1층1005호","31","37.359245","126.93236"
"1032","1번지복권방","경기 성남시 중원구 희망로 448 1층일부 (금광동)","31","37.444973","127.15739"
"1032","번개로또복권방","경기 수원시 장안구 경수대로973번길 13-4 1층 (송죽동)","31","37.30316","127.00393"
"1032","대박천국","전북 군산시 가도로 217 다모아","35","35.965725","126.56664"
"1032","에코시티복권판매점","전북 전주시 덕진구 세병로 8","35","35.8721","127.12022"
"1032","코아복권판매점","전북 전주시 완산구 팔달로 252","35","35.824684","127.14472"
"1033","월드 복권방","서울 강서구 곰달래로53길 41 1층 102호(화곡동, 재룡빌딩)","11","37.533516","126.85879"
"1033","헬스프라자","서울 관악구 관악로 184 1층","11","37.48153","126.95316"
"1033","인터넷 복권판매사이트","동행복권(dhlottery.co.kr)","","37.482063","127.015785"
"1033","행운복권방","서울 은평구 서오릉로 10,(녹번동)","11","37.602295","126.92678"
"1033","송천복권방","부산 해운대구 선수촌로 108","21","35.169605","129.17772"
"1033","복권왕국","인천 부평구 경인로 931","23","37.487656","126.72289"
"1033","복권천국","인천 부평구 평천로 306 양영빌딩1층","23","37.51709","126.72441"
"1033","성호복권방","대전 대덕구 신일동로 1","25","36.444744","127.40511"
"1033","대박로또복권","경기 김포시 통진읍 김포대로 2449","31","37.696945","126.577286"
"1033","대박행진 복권랜드","경기 파주시 금빛로 22 금촌프라자107호","31","37.751614","126.76691"
"1033","CU(제천고암점)","충북 제천시 고암로 69 1층 CU편의점","33","37.157856","128.21468"
"1033","세븐일레븐 천안메르디앙점","충남 천안시 서북구 성정공원5로 30 105호(세븐일레븐)","34","36.82764","127.140884"
"1033","포시즌","경남 김해시 내외중앙로 99 복권판매점","38","35.238827","128.86716"
"1034","부자랑","서울 성동구 둘레15길 23","11","37.53688","127.05523"
"1034","홈돌이로또복권","인천 남동구 경원대로 971 삼성홈플러스간석점2층내","23","37.46954","126.68899"
"1034","LG슈퍼","인천 연수구 함박로12번길 24 1층","23","37.42538","126.68007"
"1034","경준유통","인천 중구 화랑목로100번길 65 104호","23","37.494152","126.499054"
"1034","오천억복권방","광주 서구 상무대로 1087","24","35.15296","126.880745"
"1034","제우스테크","대전 서구 원도안로 30","25","36.306774","127.348656"
"1034","강경복권방","충남 논산시 강경읍 계백로 126-1,(대흥리)","34","36.15601","127.014854"
"1034","청룡마트","충남 천안시 동남구 풍세로 1010-31 현대아파트상가B-102호","34","36.797386","127.15389"
"1034","스타복권","전남 목포시 고하대로 688-1 1층","36","34.808342","126.37284"
"1035","인터넷 복권판매사이트","동행복권(dhlottery.co.kr)","","37.482063","127.015785"
"1035","세원로또복권방","부산 수영구 수영로725번길 53 수영 엔스타Ⅱ 101호","21","35.16832","129.11609"
"1035","무량복권","대구 수성구 시지로 37 1층 동편상가","22","35.84006","128.69356"
"1035","동원인테리어","인천 미추홀구 경인로 213-4","23","37.464996","126.66633"
"1035","복권명당","인천 서구 봉오재3로 104 엔시티타워2차 1층 115호","23","37.52718","126.67166"
"1035","황금복권판매점","경기 성남시 중원구 산성대로582번길 2 1층일부 (은행동)","31","37.46141","127.16815"
"1035","로또명당가두판매점","경기 안양시 동안구 경수대로 848-2 동안구가로판매대2005-00065","31","37.393017","126.94313"
"1035","영월로또명당","강원 영월군 중앙로 44","32","37.18335","128.46846"
"1036","토큰박스","서울 동대문구 이문로 93 민족통일MJ캠퍼스외대 외대앞 버스정류장","11","37.595364","127.05922"
"1036","명지복권방","서울 송파구 거마로 55 101호","11","37.497837","127.14623"
"1036","하나복권(가로판매점)","서울 영등포구 여의나루로 42 가로판매점(여의도동)","11","37.52147","126.92497"
"1036","동양마트일곡점","광주 북구 일곡마을로 55 현대아파트 2차상가 102-2호","24","35.20459","126.895256"
"1036","용꿈돼지꿈복권방","경기 시흥시 하중로 235 법조타운103호","31","37.390877","126.806526"
"1036","로또","경기 포천시 죽엽산로196번길 4","31","37.814644","127.16044"
"1036","명성복권마트","충남 계룡시 장안로 66","34","36.272293","127.249504"
"1036","복권천국","전남 여수시 선소로 62 부영아파트상가4동1-2호","36","34.75757","127.667564"
"1036","비디오 채널4","경남 진주시 동진로 220","38","35.179665","128.11517"
"1037","지원물산","서울 노원구 공릉로 108,(공릉동)","11","37.61983","127.078094"
"1037","로또 명당","대구 동구 화랑로75길 69","22","35.880478","128.66628"
"1037","초원복권 신창점","광주 광산구 신창로 76 1층","24","35.191975","126.83737"
"1037","대전우표사","대전 동구 중앙로204번길 16-1","25","36.330036","127.432076"
"1037","대한유통","울산 북구 박상진11로 1 1층112호","26","35.65599","129.34247"
"1037","몽키버블티","경기 군포시 고산로250번길 27 1층 일부호(당동)","31","37.348663","126.94459"
"1037","꽃길","경기 수원시 권선구 정조로 571 1층(세류동)","31","37.2601","127.01264"
"1037","꽃길","경기 수원시 권선구 정조로 571 1층(세류동)","31","37.2601","127.01264"
"1037","행운복권방","경기 안성시 서동대로 7184 1층 복권방","31","37.084095","127.449036"
"1037","로또복권합정점","경기 평택시 중앙로 176 127호 평택합정 SK뷰 주상복합","31","36.991516","127.10191"
"1037","세븐일레븐화성봉담수기점","경기 화성시 세자로 358","31","37.197536","126.98357"
"1037","포항오거리CU복권","경북 포항시 북구 죽도로 33 CU포항오거리점내","37","36.033836","129.36467"
"1037","삼정상회","경남 김해시 활천로 23 가동 109호 복권판매점","38","35.22994","128.89351"
"1037","목화휴게소","경남 사천시 사천대로 912","38","35.0018","128.05415"
"1037","신세계","제주 제주시 고마로14길 7","39","33.506073","126.54025"
"1038","인터넷 복권판매사이트","동행복권(dhlottery.co.kr)","","37.482063","127.015785"
"1038","하나복권(가로판매점)","서울 영등포구 여의나루로 42 가로판매점(여의도동)","11","37.52147","126.92497"
"1038","황금로또","부산 동구 중앙대로251번길 42-1","21","35.12021","129.03966"
"1038","고려슈퍼마켓","경기 구리시 원수택로64번길 28 상가","31","37.596237","127.14344"
"1038","대한복권","경기 부천시 부천로 52","31","37.489605","126.7842"
"1038","그린마트","경기 성남시 분당구 대왕판교로 255 107호","31","37.366467","127.10083"
"1038","한아름복권방(매탄점)","경기 수원시 영통구 권선로 808","31","37.255295","127.03862"
"1038","종합복권슈퍼","경기 시흥시 마유로 336 정일빌딩104","31","37.34572","126.73561"
"1038","프랜드편의점","경기 화성시 3.1만세로 1100-2","31","37.13201","126.90798"
"1038","진평양행","강원 강릉시 임영로 107","32","37.751263","128.89407"
"1038","이마트24망상해변점","강원 동해시 동해대로 6270-20 1층 118호, 이마트24망상해변점","32","37.592716","129.09076"
"1038","NG24","경북 칠곡군 북중리3길 59","37","36.079823","128.41183"
"1038","천하명당(팔용점)","경남 창원시 의창구 사화로 26","38","35.256348","128.6103"
"1038","킹로또","제주 제주시 아란4길 85-5 1층","39","33.47016","126.54231"
"1038","행운복권방","제주 제주시 우정로11길 12","39","33.48765","126.4322"
"1039","복권마을","서울 구로구 구로동로 72","11","37.485348","126.88605"
"1039","잠실매점","서울 송파구 올림픽로 269 잠실역 8번출구 앞 가판","11","37.514446","127.10071"
"1039","당첨로또","부산 동구 범일로90번길 6-1 1층","21","35.13787","129.06026"
"1039","위너로또","인천 남동구 구월남로 212  동원프라자 101호","23","37.45245","126.71311"
"1039","라이프마트","인천 중구 연안부두로53번길 36 5호","23","37.45236","126.60402"
"1039","알리바이","광주 광산구 수등로 253 1층 알리바이","24","35.185387","126.83668"
"1039","토큰박스","경기 남양주시 진건오남로 112-1 동양할인마트 앞 로또판매점","31","37.660786","127.179695"
"1039","은미복권방","경기 부천시 소사로794번길 6","31","37.52689","126.80513"
"1039","로또대박","경기 부천시 석천로177번길 11 제이클래스중동 1층 105호","31","37.503178","126.76193"
"1039","대박명당","경기 양주시 옥정동로5길 6","31","37.81649","127.098755"
"1039","행운복권방","충북 청주시 상당구 단재로 119,(영운동)","33","36.618725","127.49801"
"1039","신불당로또","충남 천안시 서북구 불당21로 40 501동 지1층 B143호","34","36.812565","127.10497"
"1039","현대장미슈퍼","전북 익산시 동서로61길 41 현대아파트1층108호","35","35.95509","126.98032"
"1039","알리바이(나주점)","전남 나주시 나주로 142 알리바이","36","35.031338","126.71719"
"1039","알리바이(나주점)","전남 나주시 나주로 142 알리바이","36","35.031338","126.71719"
"1039","복권방","제주 서귀포시 상모로 326","39","33.222324","126.25469"
"1040","소리창고","서울 강서구 강서로 306","11","37.552868","126.83675"
"1040","로그인편의점","서울 성동구 천호대로 430 103호 로그인편의점","11","37.5608","127.06653"
"1040","뉴빅마트","부산 기장군 정관중앙로 48 106호","21","35.321114","129.17929"
"1040","새상무복권","광주 서구 치평로 30 수암빌딩 1층 102호","24","35.149944","126.84769"
"1040","온천로또방","대전 유성구 계룡로 92 유성CJ나인파크 1층 101-3호","25","36.353638","127.34119"
"1040","행운복권","경기 군포시 대야1로 3 현대팰리스 1동","31","37.32638","126.91891"
"1040","드림복권방","경기 의정부시 청사로5번길 8-17 1층 112호(신곡동,센타프라자)","31","37.74958","127.070015"
"1041","스파","서울 노원구 동일로 1493 상계주공아파트(10단지) 주공10단지종합상가111","11","37.66166","127.05787"
"1041","인터넷 복권판매사이트","동행복권(dhlottery.co.kr)","","37.482063","127.015785"
"1041","인터넷 복권판매사이트","동행복권(dhlottery.co.kr)","","37.482063","127.015785"
"1041","꿈이현실로","서울 중구 청계천로 182","11","37.568573","126.99775"
"1041","행운편의점","광주 북구 면앙로 36,(문흥동)","24","35.179317","126.91617"
"1041","행운편의점","광주 북구 면앙로 36,(문흥동)","24","35.179317","126.91617"
"1041","행운편의점","광주 북구 면앙로 36,(문흥동)","24","35.179317","126.91617"
"1041","한꿈복권방","울산 중구 번영로 586","26","35.568794","129.34589"
"1041","CU행운로또 세종디펠리체점","세종   나성북1로 22 CU편의점","29","36.489166","127.25899"
"1041","다드림복권","경기 김포시 월하로 930 1층 101호","31","37.70494","126.656204"
"1041","다드림복권","경기 김포시 월하로 930 1층 101호","31","37.70494","126.656204"
"1041","로또도곡점","경기 남양주시 덕소로 277 1층 복권판매점","31","37.577305","127.2262"
"1041","1등복권방","경기 성남시 분당구 미금로 45 117호 (구미동, 진도훼미리프라자)","31","37.33751","127.11582"
"1041","와이케이복권방","경기 용인시 수지구 광교중앙로 297 디동 107호","31","37.296703","127.06859"
"1041","이충복권방","경기 평택시 송탄로 108 1층103호","31","37.054466","127.05607"
"1041","드림복권전문점","경기 평택시 평남로 651","31","36.991936","127.10693"
"1041","송산로또천하","경기 화성시 송산포도로 82 제A동 5호","31","37.21372","126.73997"
"1041","도계복권방","강원 삼척시 도계로 287-2","32","37.23491","129.04465"
"1041","대산슈퍼","충남 천안시 동남구 복구정3길 1","34","36.76989","127.250206"
"1041","순창복권방","전북 순창군 순창읍 장류로 369,(남계리)","35","35.376488","127.1428"
"1041","나눔로또봉평점","경남 통영시 도남로 81","38","34.831635","128.41365"
"1041","나눔로또봉평점","경남 통영시 도남로 81","38","34.831635","128.41365"
"1041","나눔로또봉평점","경남 통영시 도남로 81","38","34.831635","128.41365"
"1041","나눔로또봉평점","경남 통영시 도남로 81","38","34.831635","128.41365"
"1041","본스튜디오","제주 제주시 하귀로 111","39","33.48359","126.407875"
"1042","가로판매대","서울 강동구 올림픽로 648 천호역 3번 출구 앞(가판점)","11","37.538975","127.12444"
"1042","행운복권방","서울 도봉구 노해로63길 79 우림빌딩106","11","37.653114","127.04623"
"1042","행운복권마트","서울 종로구 지봉로 58","11","37.575314","127.015854"
"1042","오렌지데이편의점","부산 해운대구 좌동순환로249번길 11 르네상스오피스102호","21","35.173973","129.1815"
"1042","복권판매점","인천 남동구 문화로 113 1층","23","37.44924","126.69932"
"1042","로또명당","인천 미추홀구 인주대로 423 101호","23","37.45146","126.6837"
"1042","백령로또","인천 옹진군 백령로278번길 18","23","37.972107","124.72062"
"1042","행복한사람들 (흥부네)","경기 광주시 경충대로 763","24","37.355545","127.325386"
"1042","간이매점","경기 시흥시 삼미시장4길 26","31","37.44011","126.782"
"1042","복권백화점","경기 파주시 평화로 70","31","37.763588","126.76989"
"1042","꿈로또복권전문점","강원 강릉시 옥천로 47","32","37.759296","128.90057"
"1042","그린로또","강원 양양군 양양로 71","32","38.07482","128.62141"
"1042","나눔로또편의점","전남 광양시 공영로 90","36","34.935658","127.699066"
"1042","중앙로또","경북 칠곡군 북삼로 41 복권판매점","37","36.071457","128.34279"
"1042","중앙로또","경북 칠곡군 북삼로 41 복권판매점","37","36.071457","128.34279"
"1042","중앙로또","경북 칠곡군 북삼로 41 복권판매점","37","36.071457","128.34279"
"1042","중앙로또","경북 칠곡군 북삼로 41 복권판매점","37","36.071457","128.34279"
"1042","중앙로또","경북 칠곡군 북삼로 41 복권판매점","37","36.071457","128.34279"
"1042","중앙로또","경북 칠곡군 북삼로 41 복권판매점","37","36.071457","128.34279"
"1042","중앙로또","경북 칠곡군 북삼로 41 복권판매점","37","36.071457","128.34279"
"1043","인터넷 복권판매사이트","동행복권(dhlottery.co.kr)","","37.482063","127.015785"
"1043","방이로또","서울 송파구 가락로 245 1층","11","37.51012","127.11796"
"1043","묵동식품","서울 중랑구 동일로 919","11","37.612457","127.07704"
"1043","화신상사","부산 동래구 삼성대길 48","21","35.205097","129.08176"
"1043","희망복권방","인천 계양구 효서로 293","23","37.52812","126.728676"
"1043","세븐일레븐 인천효성점","인천 계양구 안남로 551","23","37.532257","126.71038"
"1043","대박명당","울산 남구 중앙로 154","26","35.53496","129.31442"
"1043","옥교대박점","울산 중구 옥교3길 94 (학산동)","26","35.553345","129.33134"
"1043","행복한사람들 (흥부네)","경기 광주시 경충대로 763","24","37.355545","127.325386"
"1043","로또명당","경기 시흥시 신현로 21-1 101호","31","37.40707","126.78708"
"1043","복권판매점(행복드림)","경기 양평군 강남로 1016 나동 4호","31","37.48044","127.48489"
"1043","한방복권방","경기 화성시 효행로763번길 23","31","37.205154","127.01395"
"1043","행복마트","경북 김천시 혁신로 185 메타폴리스 메타폴리스상가 120호","37","36.117535","128.18396"
"1043","신라슈퍼","경북 포항시 남구 일월로 112","37","35.987953","129.4453"
"1043","천하명당복권방","경남 거제시 옥포성안로 60","38","34.891693","128.69492"
"1043","진양호","경남 진주시 남강로 58 1층","38","35.162823","128.03957"
"1043","GS25(덕산제일점)","경남 창원시 진해구 충장로 505","38","35.1442","128.70134"
"1044","황금대박점","서울 노원구 공릉로 328,(하계동)","11","37.63598","127.07099"
"1044","역전휴게마트","광주 북구 무등로 240,(중흥동)","24","35.163837","126.90968"
"1044","복권판매점","대전 서구 계백로 1153 지산프리지엄빌딩111호","25","36.305317","127.35151"
"1044","초이스 로또","울산 남구 화합로125번길 9 CU달동초이스점내","26","35.535034","129.29362"
"1044","속초등대로또복권","강원 속초시 영금정로 23","32","38.212677","128.59906"
"1044","복권명당","충남 공주시 번영1로 41","34","36.471832","127.13313"
"1044","로또명당인주점","충남 아산시 서해로 519-2","34","36.87784","126.89828"
"1044","잉크와복권방","충남 천안시 동남구 차돌로 84","34","36.802128","127.139435"
"1045","과자종합상사","서울 구로구 경인로33길 82","11","37.501507","126.85085"
"1045","인터넷 복권판매사이트","동행복권(dhlottery.co.kr)","","37.482063","127.015785"
"1045","복권나라","대구 달성군 논공읍 논공중앙로 106,(북리)","22","35.72692","128.44666"
"1045","로또복권","대구 달성군 현풍중앙로 21 세븐일레븐 내","22","35.69147","128.44647"
"1045","하나복권","인천 남동구 구월로 281 세븐일레븐편의점내","23","37.455925","126.72196"
"1045","노다지복권방","대전 대덕구 신탄진로 211","25","36.39926","127.42286"
"1045","돈벼락맞는곳","대전 서구 복수남로 16","25","36.297783","127.37957"
"1045","행복미니슈퍼","경기 부천시 부일로 409","31","37.487118","126.77558"
"1045","사랑복권방","경기 시흥시 장현능곡로 155 지하1층 B1055호","31","37.37105","126.80731"
"1045","동행복권","경기 양주시 독바위로 79-13 c동 10호","31","37.83508","127.06513"
"1045","복돼지복권방","경기 화성시 3.1만세로 43","31","37.08277","126.81872"
"1045","대박의터","강원 춘천시 영서로 1786","32","37.836243","127.76008"
"1045","복권마트","강원 홍천군 홍천로 409 1층","32","37.690258","127.88947"
"1046","아킬복권","인천 부평구 부영로 4 1층","23","37.485508","126.71813"
"1046","용꿈돼지꿈","인천 부평구 동암남로 11","23","37.470974","126.70482"
"1046","김포로또","경기 김포시 돌문로 48 한솔프라자101","31","37.619404","126.71802"
"1046","행복복권방","경기 성남시 수정구 성남대로1250번길 9-1 1층 (태평동)","31","37.44173","127.1285"
"1046","로또복권방","경기 수원시 장안구 경수대로 1080","31","37.30952","126.99452"
"1046","세븐일레븐용인남사점","경기 용인시 처인구 어진로 571","31","37.10813","127.1711"
"1046","신나는복권방","경기 파주시 문향로 51-1","31","37.856716","126.78506"
"1046","교하로또판매점","경기 파주시 파주로 266 아이비타워108호","31","37.7261","126.71821"
"1046","복돼지복권방","경기 화성시 3.1만세로 43","31","37.08277","126.81872"
"1046","행운마트","충남 아산시 서해로 654","34","36.88196","126.91078"
"1046","신불당로또","충남 천안시 서북구 불당21로 40 501동 지1층 B143호","34","36.812565","127.10497"
"1046","희망복권방","전남 나주시 풍물시장1길 3","36","34.99262","126.70952"
"1047","복권소매","서울 금천구 가산로5길 77 1층","11","37.473743","126.89045"
"1047","벼락부자복권","대구 달서구 죽전길 149 1층 복권방","22","35.85846","128.54004"
"1047","아이러브마트복권방","울산 중구 유곡로 19-1","26","35.55638","129.30725"
"1047","세민","경기 부천시 중동로 147 1층","31","37.49294","126.76659"
"1047","교하로또판매점","경기 파주시 파주로 266 아이비타워108호","31","37.7261","126.71821"
"1047","동덕로또방","충남 아산시 시장남길 26","34","36.782608","127.00331"
"1047","로또명당인주점","충남 아산시 서해로 519-2","34","36.87784","126.89828"
"1047","로또판매점","경북 상주시 상서문로 59,(남성동)","37","36.415222","128.15585"
"1047","행운복권","경남 사천시 새시장길 12","38","34.93144","128.07866"
"1048","로또 光복권","서울 구로구 개봉로23가길 37","11","37.495296","126.85847"
"1048","나래전산","부산 부산진구 전포대로 294 101호","21","35.162834","129.0665"
"1048","상록로또","인천 계양구 장제로 718 상록메디컬센터","23","37.531803","126.734276"
"1048","광주도서유통","광주 남구 봉선1로 79 북소리","24","35.128155","126.91389"
"1048","중흥마트","광주 북구 문산로 30 중흥2차 아파트상가 1층","24","35.18389","126.92322"
"1048","씨유(CU)화목화성점","광주 서구 쌍촌로 29 CU편의점내","24","35.147545","126.864815"
"1048","로또복권명성","경기 구리시 검배로72번길 11-4 1층","31","37.59531","127.14607"
"1048","단비","경기 시흥시 다솜마을2길 1 상가101호","31","37.350235","126.73986"
"1048","로또휴게실","경기 용인시 기흥구 용구대로 1885","31","37.256386","127.10432"
"1048","금손로또방","경기 의정부시 시민로121번길 34-5 1층(의정부동)","31","37.73986","127.04965"
"1048","대박슈퍼","세종   행복10길 3 1층 101호","29","36.603516","127.29121"
"1048","삼례로또복권","전북 완주군 삼례읍 동학로 32","35","35.91063","127.074875"
"1048","운수대통복권샵","전북 전주시 완산구 중화산로 101","35","35.819527","127.11793"
"1048","금진슈퍼","전남 여수시 좌수영로 11","36","34.741383","127.72764"
"1048","구담쌀슈퍼","경북 안동시 경동로 908","37","36.556965","128.75449"
"1048","삼계복권전문점","경남 창원시 마산회원구 경남대로 915","38","35.231876","128.50462"
"1048","제주대림점","제주 제주시 과원북2길 48","39","33.478714","126.487656"
"1049","천하명당로또복권","서울 서대문구 세무서길 12","11","37.588524","126.94564"
"1049","성호하우징","서울 서대문구 증가로 53 1층","11","37.57245","126.92872"
"1049","돈벼락맞는곳","부산 동구 조방로49번길 18-1","21","35.139168","129.05995"
"1049","로또대박","부산 북구 금곡대로 270 상가동 110호","21","35.231136","129.01552"
"1049","초원복권 신창점","광주 광산구 신창로 76 1층","24","35.191975","126.83737"
"1049","한아름 복권","경기 김포시 장차로 19 102호","31","37.603813","126.77054"
"1049","럭키로또","경기 이천시 이섭대천로 1226 1층","31","37.27969","127.44705"
"1049","탑","강원 원주시 천사로 94 1층","32","37.348213","127.93562"
"1049","광양복권나라(로터리)","전남 광양시 백운로 1","36","34.971252","127.58985"
"1049","복권명당","경북 김천시 용암로 2","37","36.11986","128.1277"
"1049","로또판매점","경남 거제시 중곡로3길 46 1층","38","34.894314","128.62627"
"1049","천하명당","경남 양산시 연호로 46 복권판매점","38","35.41573","129.17523"
"1049","행복복권방","경남 창원시 의창구 팔용로 399","38","35.25288","128.6106"
"1049","동홍코사마트","제주 서귀포시 동홍서로 108","39","33.259064","126.569405"
"1049","동홍코사마트","제주 서귀포시 동홍서로 108","39","33.259064","126.569405"
"1050","행운드림복권방","서울 동대문구 천호대로69길 12 골든메카","11","37.568306","127.051796"
"1050","오케이상사","서울 서초구 신반포로 176 센트럴시티내100호매점","11","37.504353","127.00359"
"1050","짱복권","서울 종로구 종로 269 삼신빌딩 1층","11","37.571327","127.0079"
"1050","복권천국","부산 서구 구덕로 207-1","21","35.10316","129.01976"
"1050","복권명당","대구 동구 동촌로 36","22","35.890057","128.64676"
"1050","복권천국","대구 북구 관음중앙로25길 3","22","35.944695","128.54535"
"1050","행운마트","인천 동구 송림로 71-1","23","37.47542","126.642715"
"1050","라이프마트","인천 중구 연안부두로53번길 36 5호","23","37.45236","126.60402"
"1050","영화유통(1등복권방)","울산 남구 신정로 19 삼성아파트 상가 204-101","26","35.533833","129.32205"
"1050","세븐일레븐 중동현대점","경기 부천시 석천로183번길  35 102호","31","37.503925","126.76111"
"1050","복권백화점","경기 파주시 평화로 70","31","37.763588","126.76989"
"1050","진평양행","강원 강릉시 임영로 107","32","37.751263","128.89407"
"1050","로또방","충북 증평군 중앙로 176","33","36.782047","127.57918"
"1050","복권명당(이마트24 온천대로점)","충남 아산시 곡교천로 161 101호","34","36.79529","126.99672"
"1050","행운복권방 보생당건강원","전북 익산시 무왕로 1268","35","35.960304","126.99727"
"1050","CU(구평희망점)","경북 구미시 인동46길 5 cu 구평희망점","37","36.09269","128.44077"
"1050","삼삼마트","경남 진주시 진주대로 1165-1","38","35.19521","128.07565"
"1051","럭키마켓","서울 강동구 명일로 159 1층","11","37.533146","127.14422"
"1051","월드 복권방","서울 강서구 곰달래로53길 41 1층 102호(화곡동, 재룡빌딩)","11","37.533516","126.85879"
"1051","장보고복권방","서울 중랑구 면목로 288","11","37.578384","127.08619"
"1051","로또명당(북부점)","대구 서구 서대구로 318-1","22","35.886024","128.55782"
"1051","지에스25 신매태왕점로또","대구 수성구 욱수천로 70 편의점_GS25","22","35.83531","128.7119"
"1051","안전열쇠","인천 계양구 경명대로 1124 명인프라자102호","23","37.54285","126.731895"
"1051","노다지복권방","인천 미추홀구 한나루로 400 학익시장 외7필지125호","23","37.443375","126.66496"
"1051","수 로또 대박점","인천 서구 석남로 78 1층","23","37.50099","126.67034"
"1051","대선세무경영사무소","경기 안산시 상록구 석호로 170 1층","31","37.296867","126.85053"
"1051","세븐일레븐 홍익점","경기 안성시 종합운동장로 161","31","37.012398","12.238893"
"1051","진 복권방","경기 포천시 송우로 55-5 101호 성조빌딩","31","37.828922","127.14272"
"1051","불티나","강원 춘천시 후석로462번길 94-1 1층","32","37.890953","127.751976"
"1051","복앤돈복권방","충북 충주시 충원대로 1528 103호","33","37.059822","127.93047"
"1051","로또당진합덕원룸점","충남 당진시 미락5길 27-3 1층 101호","34","36.80752","126.768425"
"1051","로또복권맥","전남 여수시 여문1로 52","36","34.753353","127.70449"
"1051","진양상회","경북 영주시 선비로 68","37","36.811275","128.62402"
"1051","씨유 남해 현대점","경남 남해군 화전로 60","38","34.83664","127.89461"
"1051","합천우리복권방","경남 합천군 핫들2로 8 1층","38","35.56843","128.16539"
"1052","CU(수유대로점)","서울 강북구 노해로 121 두울빌딩","11","37.64605","127.0244"
"1052","로또방","서울 영등포구 영중로 12 에쉐르아이 시네마 쇼핑몰","11","37.517628","126.90648"
"1052","제일복권","부산 서구 충무대로255번길 9 충무쇼핑1층","21","35.093067","129.02328"
"1052","하프타임 과정로","부산 수영구 과정로 42,(망미동)","21","35.17517","129.10776"
"1052","장미유통","인천 계양구 아나지로 394","23","37.525383","126.73586"
"1052","프렌드24시","광주 광산구 첨단중앙로 164 빌리오네2  제1층 106호","24","35.219975","126.84232"
"1052","프렌드24시","광주 광산구 첨단중앙로 164 빌리오네2  제1층 106호","24","35.219975","126.84232"
"1052","프렌드24시","광주 광산구 첨단중앙로 164 빌리오네2  제1층 106호","24","35.219975","126.84232"
"1052","현대슈퍼","광주 서구 상무대로 871","24","35.150524","126.857315"
"1052","복권방","대전 동구 대전로 799","25","36.330765","127.432526"
"1052","로또복권 하대점","경남 진주시 도동로 188","38","35.18703","128.12248"
"1053","복권방","서울 마포구 백범로 127","11","37.54653","126.94544"
"1053","에스비 상사","서울 중구 퇴계로86길 29 1층","11","37.564255","127.019806"
"1053","태전강북로또복권판매점","대구 북구 칠곡중앙대로 273 1층","22","35.919994","128.5463"
"1053","스카이25","대전 서구 둔산중로 40 리치빌빌딩117호","25","36.350307","127.38723"
"1053","차부상회","경기 김포시 통진읍 조강로 50","31","37.690342","126.60031"
"1053","씨유 진건용정공단점","경기 남양주시 독정로성지2길 13","31","37.682003","127.188644"
"1053","성심상회","경북 포항시 북구 불종로 78","37","36.038174","129.36801"
"1054","잠실매점","서울 송파구 올림픽로 269 잠실역 8번출구 앞 가판","11","37.514446","127.10071"
"1054","뉴빅마트","부산 기장군 정관중앙로 48 106호","21","35.321114","129.17929"
"1054","노다지복권방","인천 부평구 이규보로 137-1 1층","23","37.48421","126.70732"
"1054","영화유통(1등복권방)","울산 남구 신정로 19 삼성아파트 상가 204-101","26","35.533833","129.32205"
"1054","한방복권방","경기 화성시 효행로763번길 23","31","37.205154","127.01395"
"1054","행운복권방","충북 청주시 상당구 상당로 186","33","36.64496","127.4897"
"1054","하당복권방","전남 목포시 옥암로 46","36","34.803894","126.429474"
"1054","다음정보텔레콤","경남 진주시 평거로9번길  18 1층 2호","38","35.173115","128.06183"
"1054","피터팬","경남 창원시 진해구 웅동로 76 1호 복권판매점","38","35.12436","128.78462"
"1055","로또복권","서울 관악구 장군봉1길 29","11","37.48181","126.94167"
"1055","노다지복권방","부산 북구 덕천로 287","21","35.20986","129.03535"
"1055","수퍼복권대박","인천 연수구 용담로 60 1층","23","37.418648","126.67362"
"1055","북문복권방","경기 수원시 장안구 정조로 927-1","31","37.29028","127.01279"
"1055","해피마트","경기 의왕시 부곡중앙로 3-2 의왕역로터리앞","31","37.321228","126.949326"
"1055","신나는복권방","경기 파주시 문향로 51-1","31","37.856716","126.78506"
"1055","썬마트","충북 청주시 흥덕구 진재로23번길 25","33","36.632607","127.42811"
"1055","여기있었네복권방","전북 김제시 남북로 171","35","35.79936","126.88456"
"1055","소라복권방","전북 익산시 인북로 327-4","35","35.957634","126.96065"
"1055","NG24","경북 칠곡군 북중리3길 59","37","36.079823","128.41183"
"1055","포항오거리CU복권","경북 포항시 북구 죽도로 33 CU포항오거리점내","37","36.033836","129.36467"
"1056","일확천금복권방","서울 강남구 강남대로122길 10 영흥빌딩 101-2호","11","37.506985","127.02403"
"1056","NICE","서울 강동구 성내로6길  40 1층","11","37.528206","127.12198"
"1056","금강식품","서울 강서구 강서로 207 영신빌딩","11","37.544373","126.837364"
"1056","경복식품","서울 동대문구 무학로 189,(용두동)","11","37.581264","127.02953"
"1056","원흥로또앤호밀호두","경기 고양시 덕양구 삼송로 12 102호","31","37.64967","126.875336"
"1056","럭키로또카페","경기 광주시 회안대로 13 매산제일교회 건물 1층","24","37.356575","127.24592"
"1056","호돌이복권방","경기 김포시 황금로109번길 80 101호","31","37.61496","126.622765"
"1056","1등 터","경기 김포시 양곡2로30번길 7-7 3호","31","37.65439","126.62755"
"1056","버스표가판점","경기 안양시 동안구 흥안대로  498-2","31","37.398514","126.97752"
"1056","북부슈퍼","경기 의정부시 가능로125번길 22,(의정부동)","31","37.74797","127.04477"
"1056","로또명당인주점","충남 아산시 서해로 519-2","34","36.87784","126.89828"
"1056","이마트24아산도고명당점","충남 아산시 온천대로 104","34","36.746223","126.86672"
"1056","왕대박복권","전북 전주시 덕진구 가련산로 17","35","35.841637","127.11063"
"1056","천하명당복권방제일점","경남 창원시 마산합포구 중앙북2길 8 1층","38","35.198193","128.56766"
"1057","제이복권방","서울 종로구 종로 225-1 평창빌딩 1층 103호","11","37.571293","127.00283"
"1057","돈벼락맞는곳","부산 동구 조방로49번길 18-1","21","35.139168","129.05995"
"1057","돈벼락맞는곳","부산 동구 조방로49번길 18-1","21","35.139168","129.05995"
"1057","복권왕국","인천 계양구 계산천동로 3,(계산동)","23","37.539253","126.723236"
"1057","대박천하마트","인천 부평구 굴포로 48","23","37.51157","126.72634"
"1057","행복복권","인천 서구 가정로 198 1층","23","37.50239","126.67229"
"1057","알리바이","광주 광산구 수등로 253 1층 알리바이","24","35.185387","126.83668"
"1057","가판점","경기 군포시 군포로 541-2 인도 앞 가판대","31","37.354385","126.9463"
"1057","북문복권방","경기 수원시 장안구 정조로 927-1","31","37.29028","127.01279"
"1057","종합복권슈퍼","경기 시흥시 마유로 336 정일빌딩104","31","37.34572","126.73561"
"1057","로또유통","경기 안산시 단원구 광덕2로 193-3 광장타운1층108호","31","37.310028","126.83184"
"1057","로또방 비손","경기 안성시 만세로 1374 이마트24편의점","31","37.040066","127.13183"
"1057","로또명당금왕점","충북 음성군 금왕읍 탑골길 55 세븐일레븐 금왕점","33","36.990955","127.58632"
"1057","대박복권방","충남 당진시 서해안고속도로 275 행담도휴게소 내","34","36.891174","126.625305"
"1057","로또 유","충남 서산시 시장3길 19 옷가게 내","34","36.782333","126.45702"
"1057","내인생의로또","전북 전주시 완산구 평화로 150","35","35.789974","127.135826"
"1057","탐나네","제주 제주시 노연로 138","39","33.48555","126.49506"
"1058","편의점사랑","서울 강서구 곰달래로25길 57 1층","11","37.533108","126.848274"
"1058","짱복권","서울 종로구 종로 269 삼신빌딩 1층","11","37.571327","127.0079"
"1058","행운복권방","서울 중랑구 봉우재로 41 1층","11","37.590794","127.07784"
"1058","복권맛집","대구 남구 양지남길 15 우측상가","22","35.850586","128.5743"
"1058","노다지복권방","인천 미추홀구 한나루로 400 학익시장 외7필지125호","23","37.443375","126.66496"
"1058","대전우표사","대전 동구 중앙로204번길 16-1","25","36.330036","127.432076"
"1058","다드림복권","경기 김포시 월하로 930 1층 101호","31","37.70494","126.656204"
"1058","돈벼락","경기 부천시 범안로 220 제근린생활시설2동 1층 103호","31","37.46042","126.81241"
"1058","노다지복권방","경기 시흥시 복지로 103-1 1층상가","31","37.44823","126.79206"
"1058","천하명당복권방","경기 의왕시 경수대로 248 보왕빌딩","31","37.348602","126.974144"
"1058","영순로또점","충남 아산시 아산밸리남로 81 816동 106호","34","36.77252","127.06567"
"1058","추섬로또","전남 완도군 개포로145번길 44-4 제2호","36","34.322742","126.74255"
"1058","네잎크로버복권방","제주 서귀포시 고성오조로 9","39","33.44472","126.91338"
"1059","대박집","서울 광진구 능동로53길 41 1층","11","37.566944","127.08219"
"1059","인터넷 복권판매사이트","동행복권(dhlottery.co.kr)","","37.482063","127.015785"
"1059","원스탑","서울 송파구 백제고분로7길 39","11","37.510902","127.08321"
"1059","보물섬복권판매점","서울 송파구 법원로8길 7 106호","11","37.484184","127.12136"
"1059","상호없음","서울 종로구 새문안로 103-1","11","37.57048","126.97618"
"1059","무지개로또방","인천 계양구 양지로 30 102호","23","37.56159","126.75539"
"1059","청라로또하엘점","인천 서구 청라한내로 96 112호(청라동, 하엘에스페이스)","23","37.533867","126.62774"
"1059","훼미리그랜드","광주 동구 의재로 34-1 CU그랜드점내","24","35.13252","126.931366"
"1059","복권나라(매곡동)","광주 북구 서하로  117 101호 (매곡동)","24","35.187523","126.89344"
"1059","주택복권방","경기 안양시 만안구 장내로 102-1","31","37.395725","126.91963"
"1059","씨스페이스 아산모종로또점","충남 아산시 문화로 329 1층 104호(씨스페이스 편의점)","34","36.78353","127.01733"
"1059","복돼지복권방","전북 익산시 선화로1길 4 배산시티프라자 배산시티프라자 1층 107호","35","35.950245","126.93804"
"1059","복권나라동성점","전남 순천시 연향번영길 94 동성아파트 상가113호","36","34.950096","127.51894"
"1060","복권나라","서울 관악구 은천로 40-1","11","37.48599","126.93982"
"1060","행운사","서울 노원구 석계로 8-1 1층","11","37.615677","127.064674"
"1060","헬로마트","서울 도봉구 도봉로170길 8,(도봉동)","11","37.680374","127.04596"
"1060","천하명당복권방","서울 송파구 백제고분로41길 7 1층","11","37.506783","127.10817"
"1060","용산로또가게","서울 용산구 신흥로 145 1층","11","37.546104","126.98163"
"1060","뉴빅마트","부산 기장군 정관중앙로 48 106호","21","35.321114","129.17929"
"1060","부일카서비스","부산 동구 자성로133번길 35","21","35.140015","129.06306"
"1060","운수대통복권방","부산 부산진구 전포대로200번길 13","21","35.154648","129.0664"
"1060","경동플러스","부산 해운대구 세실로 30 경동G-PLUS아파트상가103","21","35.168427","129.17944"
"1060","행복드림","인천 계양구 장제로 879","23","37.545467","126.73878"
"1060","찬스센타백운점","인천 부평구 신촌로7번길 3","23","37.484802","126.708786"
"1060","1등복권방","인천 연수구 해돋이로 168 혜인프라자 104호","23","37.395416","126.64522"
"1060","복권방","인천 연수구 비류대로433번길 10 103호","23","37.424713","126.68303"
"1060","열매로또복권","대전 유성구 은구비서로 31-1 102호, 지족동","25","36.37504","127.32048"
"1060","영화유통(1등복권방)","울산 남구 신정로 19 삼성아파트 상가 204-101","26","35.533833","129.32205"
"1060","둘리복권방","경기 시흥시 중심상가2길 12-6 한강프라자제1층101호","31","37.345314","126.73626"
"1060","로또판매점","경기 안산시 상록구 영화6길 21-1 102호","31","37.280636","126.85183"
"1060","지우시스템","경기 안성시 덕봉서원로 43 1층","31","37.007587","127.16985"
"1060","미니슈퍼","경기 의정부시 시민로 269 장령상가 1층","31","37.735577","127.06079"
"1060","이마트24운정유미어스","경기 파주시 경의로 1012 113","31","37.707813","126.759514"
"1060","역전로또","충남 아산시 중앙로 55 1층 104호","34","36.7799","127.00338"
"1060","G(금정)마트휴게실","전북 군산시 조촌로 66","35","35.969856","126.73807"
"1060","노다지복권판매점","전북 전주시 덕진구 팽나무4길 13","35","35.83531","127.15462"
"1060","부자복권방","전북 전주시 완산구 서곡4길 45-4","35","35.832405","127.10309"
"1060","동일설비 명성복권","경북 안동시 경동로 913","37","36.55692","128.75537"
"1060","로또통신","경남 김해시 함박로101번길 22 삼우빌딩104호 복권판매점","38","35.234215","128.86583"
"1060","남문복권판매점","경남 창원시 진해구 웅천동로 126 상가107호","38","35.106487","128.75104"
"1060","아리랑마트","경남 창원시 진해구 충장로 438","38","35.149624","128.69774"
"1061","가로판매대","서울 강동구 올림픽로 648 천호역 3번 출구 앞(가판점)","11","37.538975","127.12444"
"1061","초대박 복권방","서울 강서구 곰달래로 184 1층 101호","11","37.53099","126.853386"
"1061","씨유구로미래지오점","서울 구로구 디지털로32나길 17-45 1층","11","37.485157","126.89951"
"1061","태양 명당 복권방","서울 금천구 독산로 211 세진상가103호","11","37.46546","126.90202"
"1061","호야식품","서울 양천구 중앙로 234","11","37.51745","126.85433"
"1061","성광복권명당","부산 연제구 과정로 335","21","35.19","129.0911"
"1061","우리 커피","인천 남동구 백범로 67 상가동 105호","23","37.451504","126.738205"
"1061","복권","경기 의정부시 태평로 75","31","37.739246","127.05129"
"1061","세븐일레븐화성봉담수기점","경기 화성시 세자로 358","31","37.197536","126.98357"
"1061","인제복권방","강원 인제군 비봉로 11-1","32","38.068172","128.17274"
"1061","코리아25옥계점","경북 구미시 산호대로25길 18-4","37","36.138367","128.41649"
"1062","복권판매점","부산 부산진구 신암로 108","21","35.150723","129.05203"
"1062","복권방","울산 울주군 덕남로 87","26","35.454807","129.28966"
"1062","아이러브마트복권방","울산 중구 유곡로 19-1","26","35.55638","129.30725"
"1062","씨지랜드","경기 부천시 송내대로73번길 11 금강리빙스텔111","31","37.4901","126.75339"
"1062","인앤아웃","경기 안산시 상록구 수인로 2020 103호","31","37.36354","126.87623"
"1062","흥건슈퍼","전북 전주시 완산구 거마평로 25 흥건1차아파트상가 흥건슈퍼","35","35.794403","127.11578"
"1062","홈마트&행운복권방","경북 김천시 대학로 100","37","36.136314","128.0937"
"1063","데이앤나잇","서울 성북구 종암로 132 종암우림카이저팰리스 1층 101호","11","37.601955","127.03346"
"1063","농심가슈퍼마트","서울 양천구 목동중앙본로 54 1층","11","37.540688","126.869026"
"1063","로또랑","부산 기장군 일광로 86 바라보고 오른쪽","21","35.26367","129.23286"
"1063","황금로또","부산 동구 중앙대로251번길 42-1","21","35.12021","129.03966"
"1063","복슈퍼","인천 계양구 계산로108번길 4,(계산동)","23","37.537193","126.72408"
"1063","복권나라","충북 증평군 중앙로 199-1","33","36.783936","127.58088"
"1063","송도하우스","전남 목포시 영산로 525 목포터미널 내","36","34.812717","126.41759"
"1064","정원복권방","서울 도봉구 도봉로 468 흥일빌딩 1층 101-3호","11","37.64732","127.03438"
"1064","대구상회","서울 마포구 토정로31길 51","11","37.54305","126.94379"
"1064","용꿈돼지꿈","서울 송파구 성내천로6길 3","11","37.503735","127.13587"
"1064","가로매점","서울 종로구 종로 186 우리은행 우리은행앞 가판","11","37.570404","126.99847"
"1064","복권천국","대구 동구 화랑로 419","22","35.87686","128.66988"
"1064","왕대박복권편의점","인천 부평구 동수천로 108 1층","23","37.495102","126.73705"
"1064","한아름 복권판매점","경기 광주시 광동로 50","24","37.470287","127.308075"
"1064","대박로또","경기 부천시 중동로420번길 6 103호","31","37.517273","126.77038"
"1064","태인(금돼지) 복권","경기 성남시 분당구 돌마로 85 제105호(금곡동, 동양프라자)","31","37.35035","127.11133"
"1064","드림복권방","경기 수원시 권선구 정조로 515","31","37.25527","127.011055"
"1064","동해복권방","강원 강릉시 하평길 40","32","37.770157","128.91298"
"1064","금강산로또","강원 양구군 춘양로 2888 1층","32","38.10661","127.98897"
"1064","금강산로또","강원 양구군 춘양로 2888 1층","32","38.10661","127.98897"
"1064","나래복권","충북 충주시 충원대로 952 1층","33","37.0107","127.91579"
"1064","작은신부","충남 서산시 구진로 6","34","36.936096","126.43599"
"1064","로또명당인주점","충남 아산시 서해로 519-2","34","36.87784","126.89828"
"1064","복권나라","전북 군산시 번영로 891","35","35.94672","126.81039"
"1064","동행복권","경남 사천시 중앙로 182-1","38","34.942078","128.08101"
"1064","로또복권방","경남 진주시 모덕로 223 1층","38","35.18876","128.11842"
"1065","인터넷 복권판매사이트","동행복권(dhlottery.co.kr)","","37.482063","127.015785"
"1065","가판100호","서울 중구 을지로 115-1","11","37.56644","126.990746"
"1065","서원탑훼미리마트복권방","부산 기장군 차성로344번길 38","21","35.247974","129.21597"
"1065","NBA(엔비에이)","인천 중구 신도시남로142번길 6 1동 1층 128호","23","37.4934","126.49157"
"1065","영웅기획","광주 남구 독립로 77","24","35.140537","126.90203"
"1065","영화유통(1등복권방)","울산 남구 신정로 19 삼성아파트 상가 204-101","26","35.533833","129.32205"
"1065","나눔로또","세종 운주산로 1164 2동","29","36.67968","127.20769"
"1065","행운복권방","경기 수원시 영통구 반달로7번길 40 평익칼라스위트 평익칼라스위트110호","31","37.25351","127.07518"
"1065","로또명당가두판매점","경기 안양시 동안구 경수대로 848-2 동안구가로판매대2005-00065","31","37.393017","126.94313"
"1065","용인로또복권방","경기 용인시 처인구 백옥대로 2076-1","31","37.31023","127.24057"
"1065","로또1등판매점","경기 화성시 초록로 20-3 101호","31","37.077232","126.970535"
"1065","로또명당인주점","충남 아산시 서해로 519-2","34","36.87784","126.89828"
"1065","복권명당동천점","경북 경주시 동천로 64-1","37","35.85354","129.22673"
"1065","필승로또복권판매점","경북 상주시 왕산로 349 1층","37","36.42096","128.16156"
"1066","로또킹","서울 영등포구 영중로 2 1층(영등포동3가)","11","37.516743","126.906746"
"1066","봄동로또","대구 수성구 지범로 252 지하1층상가","22","35.817497","128.64503"
"1066","굳프렌즈일산현대-24시편의점","경기 고양시 일산서구 일청로 40-1 1층","31","37.687454","126.77226"
"1066","SoundWave","경기 광명시 오리로 956","31","37.47889","126.85691"
"1066","푸시케","경기 구리시 경춘로 223 CU구리명동점 내","31","37.60092","127.140045"
"1066","복터진날","경기 안성시 진사길 31 우림아파트상가 B-03호","31","36.991642","127.14038"
"1066","프림","경기 평택시 서해로 1402 GS편의점 내","31","37.0175","126.94532"
"1066","일등복권방","충남 아산시 음봉로 307 101호 CU편의점","34","36.84568","127.04508"
"1066","동행복권 시청점","전남 광양시 행정2길 2","36","34.941307","127.69642"
"1066","로또복권4공단점","경북 구미시 첨단기업1로 18","37","36.140465","128.43942"
"1066","탑로또","경남 거제시 거제중앙로 1787 서원탑훼밀리마트 서원탑훼밀리마트고현점 내(계룡온천옆)","38","34.878452","128.62807"
"1066","복권판매점","경남 고성군 남포로  62 2동 101호(덕성아파트)","38","34.968727","128.32092"
"1066","외동복권","경남 김해시 동남로49번길 83 GS25 김해대동점","38","35.236355","128.98598"
"1066","명당","경남 진주시 동부로 1356 1층 일부호","38","35.18731","128.22482"
"1066","산호 복권방","경남 창원시 마산합포구 합포로 126-1 1층","38","35.209354","128.58305"
"1067","사당명당 복권방","서울 동작구 동작대로7길 74 1층 103호","11","37.4779","126.97859"
"1067","오케이상사","서울 서초구 신반포로 176 센트럴시티내100호매점","11","37.504353","127.00359"
"1067","가판14호","서울 중구 퇴계로 37","11","37.557816","126.97671"
"1067","세종로또방","세종 용포로 32","29","36.461655","127.280685"
"1067","로또.토토.블루베리","경기 평택시 안현로서6길 7 대건빌딩 105호","31","36.98331","126.928055"
"1067","동해복권전문점","강원 동해시 발한로 226-1","32","37.549698","129.10861"
"1067","오창돼지토토","충북 청주시 청원구 2산단3로 12 101호","33","36.73606","127.45501"
"1067","로또매점","충남 당진시 송산로 723","34","36.953873","126.68932"
"1067","로또명당인주점","충남 아산시 서해로 519-2","34","36.87784","126.89828"
"1067","한남마트 왔다복권","충남 천안시 서북구 서부16길 9","34","36.823116","127.13769"
"1067","복조리복권방","전북 장수군 장계면 장계천변길 55-4","35","35.731014","127.58352"
"1067","로또복권맥","전남 여수시 여문1로 52","36","34.753353","127.70449"
"1067","로또판매점","경남 창원시 마산합포구 문화북1길 37 1층","38","35.187454","128.56114"
"1068","인동상회","서울 노원구 한글비석로 396 벽산아파트상가108-116","11","37.661465","127.07279"
"1068","동아슈퍼","서울 노원구 노원로 522 9단지유치원104호","11","37.661198","127.060974"
"1068","인터넷 복권판매사이트","동행복권(dhlottery.co.kr)","","37.482063","127.015785"
"1068","인터넷 복권판매사이트","동행복권(dhlottery.co.kr)","","37.482063","127.015785"
"1068","씨유석촌역점복권점","서울 송파구 송파대로 408 하림빌딩 1층","11","37.503704","127.10897"
"1068","복권방","부산 사하구 장림번영로 25","21","35.081005","128.96823"
"1068","일등복권편의점","대구 달서구 대명천로 220 1층","22","35.84214","128.53621"
"1068","노다지복권방진월점","광주 남구 서문대로 649 백두장식 1층2호","24","35.117504","126.89823"
"1068","대박로또","울산 남구 번영로75번길 38","26","35.531364","129.3259"
"1068","대박로또","울산 남구 번영로75번길 38","26","35.531364","129.3259"
"1068","진우행운복권방","경기 광주시 도척로 327 1층","24","37.323624","127.336555"
"1068","서현로또","경기 성남시 분당구 서현로180번길 19 비전월드 101-3호","31","37.387604","127.12263"
"1068","버스가판대","경기 성남시 중원구 성남대로 1144","31","37.431805","127.12956"
"1068","화랑로또판매점","경기 화성시 푸른들판로 660 정수상가","31","37.167336","126.89571"
"1068","복권명가","강원 동해시 송정로 47-1 102호","32","37.497463","129.12495"
"1068","로또스튜디오","충북 청주시 청원구 사뜸로 48-1 1층","33","36.666542","127.48148"
"1068","문화럭키 판매점","충북 충주시 사직로 257-1 1층 2호","33","36.96946","127.921295"
"1068","이마트24시 R신대부적점","경북 경산시 대학로 386  1층","37","35.842033","128.7622"
"1068","로또통신","경남 김해시 함박로101번길 22 삼우빌딩104호 복권판매점","38","35.234215","128.86583"
"1069","행운의집","서울 광진구 능동로19길 7","11","37.54692","127.07332"
"1069","행복로또","서울 마포구 마포대로 173 마포현대하이엘 101호","11","37.549904","126.95445"
"1069","공항상회로또판매점","부산 강서구 평강로 185-1","21","35.20253","128.941"
"1069","복권천국","부산 서구 구덕로 207-1","21","35.10316","129.01976"
"1069","대박스타","인천 미추홀구 경인로 348 1층","23","37.458347","126.678635"
"1069","천하명당복권전문점","광주 광산구 사암로216번길 10-9","24","35.16294","126.80916"
"1069","태양정보통신","경기 광주시 고불로 56 상가1층","24","37.39323","127.23178"
"1069","태양로또복권","경기 군포시 송부로96번길  13 상가동 104호(도마교동, 금강펜테리움센트럴파크)","31","37.315384","126.9244"
"1069","로또대박","경기 부천시 석천로177번길 11 제이클래스중동 1층 105호","31","37.503178","126.76193"
"1069","주택복권방","경기 용인시 수지구 풍덕천로 144-1 103호","31","37.323883","127.09745"
"1069","노다지복권","강원 횡성군 문정로 52","32","37.488537","127.98868"
"1069","시민슈퍼","충남 서산시 문화로 51","34","36.785652","126.44792"
"1069","대박찬스","전북 군산시 칠성로 164","35","35.969368","126.67934"
"1069","세븐일레븐 성주대교점","경북 성주군 소학2길 34 1층 세븐일레븐 편의점","37","35.88315","128.38068"
"1070","복권나라","서울 관악구 남부순환로 1739-9","11","37.482788","126.943474"
"1070","세븐일레븐 가야한신점","부산 부산진구 가야대로589번길 3 1층","21","35.155087","129.03636"
"1070","황금코끼리로또점","부산 북구 금곡대로 318","21","35.236713","129.01416"
"1070","복드림 복권방","부산 북구 기찰로 155 (덕천동)","21","35.214546","129.02159"
"1070","나나복권","부산 영도구 남항로 22 1층","21","35.089283","129.03883"
"1070","세진전자통신","대구 서구 서대구로 156","22","35.8719","128.5552"
"1070","성진마트","경기 부천시 수도로 123,(내동)","31","37.516987","126.77924"
"1070","일등로또판매점","경기 파주시 교하로 1417","31","37.752476","126.74827"
"1070","잘찍어로또방","경기 평택시 안현로서5길 62","31","36.988426","126.92788"
"1070","행복","경기 하남시 덕풍동로 111-21 105호","31","37.5518","127.20767"
"1070","대박로또방","전북 장수군 장천로 170","35","35.647224","127.5186"
"1070","왕대박 나눔로또645","경북 경주시 금성로 334 1층 중앙점포","37","35.84728","129.20715"
"1070","진양상회","경북 영주시 선비로 68","37","36.811275","128.62402"
"1070","무지개로또복권","경남 양산시 덕계2길 17 좌측 복권판매점","38","35.37062","129.14658"
"1071","종합가판점","서울 동대문구 왕산로40길 6 건물 앞쪽 가판점 청량리역 5번출구 앞쪽","11","37.579697","127.04497"
"1071","돈벼락 하단점","부산 사하구 낙동남로 1401-1","21","35.10653","128.96504"
"1071","미금헤리츠점","경기 성남시 분당구 성남대로 151 엠코헤리츠 1층110호","31","37.349277","127.10829"
"1071","대박명당","경기 양주시 옥정동로5길 6","31","37.81649","127.098755"
"1071","D-마트 담배","강원 속초시 조양상가길 25 롯데마트속초점, 1층 복권판매점","32","38.190304","128.57982"
"1072","버스카드충전소","서울 서초구 신반포로 205 반포쇼핑타운 6동쇼핑앞","11","37.506935","127.00612"
"1072","사당역14번출구로또판매점","서울 서초구 방배천로2길 10 1층 남쪽상가(방배동)","11","37.47664","126.98323"
"1072","대박로또방","인천 미추홀구 낙섬서로 46","23","37.453266","126.636086"
"1072","복권천국","인천 부평구 평천로 306 양영빌딩1층","23","37.51709","126.72441"
"1072","명당골복권방","경기 수원시 권선구 동수원로242번길 15 104호","31","37.251095","127.03546"
"1072","천하명당복권방","경기 수원시 팔달구 매산로 2","31","37.26661","127.00185"
"1072","인제복권방","강원 인제군 비봉로 11-1","32","38.068172","128.17274"
"1072","터미널복권방","전북 정읍시 연지8길 6","35","35.57231","126.84499"
"1072","정원로또","경북 경주시 구부랑길 42 에이동(남쪽 끝편2번?상가)","37","36.001186","129.19685"
"1072","왕대박복권방","경북 문경시 중앙로 15,(모전동)","37","36.588123","128.19293"
"1072","천하명당","경남 창원시 의창구 읍성로 70 1층 4호,25호","38","35.264942","128.62552"
"1072","돌하르방복권","제주 서귀포시 태평로353번길 9","39","33.246986","126.56006"
"1073","인터넷 복권판매사이트","동행복권(dhlottery.co.kr)","","37.482063","127.015785"
"1073","영광정보통신","서울 성북구 화랑로 92 1층 우측1호","11","37.602676","127.0425"
"1073","지에스25 월성파크","대구 달서구 상원로 195 GS25월성파크점","22","35.823997","128.52538"
"1073","지에스25 계산브래뉴점","인천 계양구 계양대로 215 1층 107호","23","37.54294","126.721535"
"1073","주인공","인천 서구 원당대로 853 1층","23","37.59381","126.696205"
"1073","알리바이","광주 광산구 수등로 253 1층 알리바이","24","35.185387","126.83668"
"1073","노다지복권방","충북 음성군 장감로 161-1 1층복권방","33","36.992683","127.5975"
"1073","청룡로또판매점","충남 당진시 청룡길 159 용기빌딩","34","36.888615","126.63263"
"1073","777천하명당","충남 서천군 충절로 54","34","36.074856","126.68902"
"1073","로또명당인주점","충남 아산시 서해로 519-2","34","36.87784","126.89828"
"1073","로또명당 신마산점","경남 창원시 마산합포구 문화동7길 3 1층","38","35.184795","128.5606"
"1074","인터넷 복권판매사이트","동행복권(dhlottery.co.kr)","","37.482063","127.015785"
"1074","로그인편의점","서울 성동구 천호대로 430 103호 로그인편의점","11","37.5608","127.06653"
"1074","제일복권","인천 동구 송림로162번길 10 B107","23","37.477863","126.650566"
"1074","또로또","울산 남구 신정로68번길 47","26","35.53928","129.32616"
"1074","행운로또","울산 남구 대공원로 95","26","35.53202","129.29398"
"1074","로또명가","세종   새내로 84","29","36.599396","127.2986"
"1074","문구백화점","경기 광주시 중앙로 120","24","37.410374","127.258095"
"1074","나눔로또 판교역점","경기 성남시 분당구 대왕판교로606번길 39 107호","31","37.396473","127.11148"
"1074","노다지복권","강원 횡성군 문정로 52","32","37.488537","127.98868"
"1074","콕콕로또명당옥천점","충북 옥천군 서대구일로 265-19 옥천하휴게소","33","36.29677","127.59518"
"1074","대동도기상사","경북 영천시 금완로 30","37","35.960327","128.93187"
"1074","노다지복권방","경남 창녕군 창녕읍 명덕로 49","38","35.54299","128.49487"
"1075","스파","서울 노원구 동일로 1493 상계주공아파트(10단지) 주공10단지종합상가111","11","37.66166","127.05787"
"1075","오늘로또복권판매점","서울 동대문구 한천로 133 건물우측기준 2번째점포 복권방","11","37.573135","127.06629"
"1075","로또명당(유가테크노점)","대구 달성군 테크노상업로4길 7-4 1층 신참떡복이  내","22","35.69298","128.46121"
"1075","대박복권","인천 부평구 경인로 973","23","37.48759","126.72785"
"1075","케이케이물류","경기 수원시 팔달구 동말로 60","31","37.27863","127.00065"
"1075","다니엘사","경기 안산시 단원구 원선1로 38 두산위브아파트 101호","31","37.326073","126.80417"
"1075","복권왕국","충북 제천시 풍양로 108 중앙시장상가 지하145","33","37.136654","128.2113"
"1075","완산로또방","경북 영천시 역전로 21-1","37","35.96226","128.93616"
"1075","GS25(덕산제일점)","경남 창원시 진해구 충장로 505","38","35.1442","128.70134"
"1076","복권마을","서울 구로구 구로동로 72","11","37.485348","126.88605"
"1076","영광생활유통","서울 금천구 범안로 1186","11","37.46633","126.89345"
"1076","돈벼락맞는곳","부산 기장군 읍내로 109","21","35.24525","129.21635"
"1076","1등로또방","광주 동구 중앙로 249-2","24","35.15431","126.92017"
"1076","대박복권판매점","경기 고양시 덕양구 충장로 8 115호 일부","31","37.61341","126.83368"
"1076","대운","경기 김포시 대명항로 209","31","37.653645","126.595695"
"1076","금강복권","경기 김포시 율생로 3","31","37.652786","126.59066"
"1076","왕대박 복권방","전남 나주시 문화로 226 1층 102호(빛가람동, 키움해피라움2차)","36","35.01894","126.78494"
"1076","로터리편의마트","경북 포항시 북구 서동로 85 육거리","37","36.040768","129.36725"
"1077","최강복권&아이스크림","경기 고양시 덕양구 삼송로 176-1","31","37.6531","126.89353"
"1077","복권닷컴","강원 양양군 양양로 62","32","38.075512","128.62233"
"1077","복권닷컴","강원 양양군 양양로 62","32","38.075512","128.62233"
"1077","좋은날 복권방","전북 남원시 의총로 78 메이커스쿨,용남건재,용남삼베,대동지업사","35","35.407715","127.37666"
"1077","현대장미슈퍼","전북 익산시 동서로61길 41 현대아파트1층108호","35","35.95509","126.98032"
"1077","옥좌로또점","경북 경주시 내외로 10 좌측4번째상가","37","0","0"
"1077","로또복권애니타임점","경북 구미시 인동중앙로11길 24 애니타임편의점 내","37","36.10904","128.42"
"1078","로또 명당 가판점","서울 금천구 남부순환로 1390 전영수내과의원 가판","11","37.479816","126.90518"
"1078","골든 메가 복권판매점","서울 동작구 동작대로 89 1층","11","37.48467","126.9817"
"1078","우리은행금호동지점앞가판","서울 성동구 장터길 46","11","37.54814","127.02097"
"1078","대박이네","광주 동구 제봉로 84","24","35.14595","126.92211"
"1078","훼미리마트","경기 포천시 중앙로 148 신읍동","31","37.8993","127.205414"
"1078","복돼지복권방","경기 화성시 3.1만세로 43","31","37.08277","126.81872"
"1078","복권명당(이마트24 온천대로점)","충남 아산시 곡교천로 161 101호","34","36.79529","126.99672"
"1078","청룡마트","충남 천안시 동남구 풍세로 1010-31 현대아파트상가B-102호","34","36.797386","127.15389"
"1078","피씨마트","전북 군산시 경기장로 20","35","35.96469","126.75007"
"1078","제철로또대리점","전남 광양시 광장로 125 시티프라자A동116호","36","34.935413","127.693985"
"1078","코리아25시","경북 구미시 형곡동로 115","37","36.112698","128.33578"
"1078","지에스(GS)25 진동에이스점","경남 창원시 마산합포구 신서촌1길 49 1층 GS편의점내","38","35.115906","128.48639"
"1079","신영슈퍼","서울 강남구 광평로51길 27 삼익아파트상가101호","11","37.48915","127.10092"
"1079","인터넷 복권판매사이트","동행복권(dhlottery.co.kr)","","37.482063","127.015785"
"1079","로또킹","서울 영등포구 영중로 2 1층(영등포동3가)","11","37.516743","126.906746"
"1079","위너로또 더킹전자담배 구월점","인천 남동구 구월남로 212 동원프라자 101호","23","37.45245","126.71311"
"1079","드림복권방","인천 중구 인중로 97-1 삼익아파트","23","37.464256","126.6324"
"1079","행운복권방","경기 광주시 양벌로 329","24","37.369953","127.246414"
"1079","복권방","경기 수원시 팔달구 권광로 213","31","37.26662","127.0332"
"1079","1등로또","경기 오산시 수청로 30 108호","31","37.17262","127.05862"
"1079","복권백화점","경기 파주시 평화로 70","31","37.763588","126.76989"
"1080","빅세일복권방","부산 부산진구 서면문화로 6","21","35.158302","129.05809"
"1080","공원슈퍼","경기 수원시 장안구 팔달로 255 1층(영화동)","31","37.28874","127.01298"
"1080","복권백화점","경기 파주시 평화로 70","31","37.763588","126.76989"
"1080","천하명당","경기 평택시 탄현로 224","31","37.07261","127.05525"
"1080","떡두꺼비복권방","강원 원주시 원문로 641 1층","32","37.353","127.89953"
"1080","현대장미슈퍼","전북 익산시 동서로61길 41 현대아파트1층108호","35","35.95509","126.98032"
"1080","금당로또복권","전남 순천시 대석길 8","36","34.94558","127.52357"
"1081","강서스포츠","서울 강서구 곰달래로 156-1","11","37.550503","126.84817"
"1081","우주문화사","서울 서초구 사평대로2길 10","11","37.497963","126.986206"
"1081","인터넷 복권판매사이트","동행복권(dhlottery.co.kr)","","37.482063","127.015785"
"1081","드림공인중개사사무소","서울 양천구 목동중앙북로16길 3 광진상가1층104","11","37.546005","126.8739"
"1081","로또 앤 모바일","인천 계양구 장제로 998 1층","23","37.554703","126.74553"
"1081","꽃길로또방","경기 고양시 덕양구 꽃내음1길 21 1층 110호(향동동, 청우프라자)","31","37.600433","126.889885"
"1081","천하명당","경기 평택시 탄현로 224","31","37.07261","127.05525"
"1081","로또명당인주점","충남 아산시 서해로 519-2","34","36.87784","126.89828"
"1081","대박복권","충남 홍성군 충서로 2423 세븐일레븐","34","36.63776","126.74336"
"1081","씨스페이스 어방점","경남 김해시 인제로170번길 15-6 편의점 내","38","35.244053","128.90582"
"1081","양덕복권방","경남 창원시 마산회원구 합성옛길 23 1층","38","35.23307","128.58298"
"1082","지원물산","서울 노원구 공릉로 108,(공릉동)","11","37.61983","127.078094"
"1082","복권방","부산 사하구 낙동대로 332","21","35.100502","128.98096"
"1082","무궁화슈퍼","인천 남동구 남동대로 702 1층 1호","23","37.444847","126.70726"
"1082","오케이마트","경기 성남시 중원구 광명로 80 1층 101호(성남동)","31","37.43442","127.13795"
"1082","심마니대박복권방","충북 충주시 국원대로 68","33","36.977448","127.92788"
"1082","남해공인중개사","전남 목포시 용당로 59 A08호","36","34.792942","126.40181"
"1082","행운복권방/해피하우스","경남 양산시 덕계로 27","38","35.37093","129.1485"
"1083","로또 골드 뱅크","서울 은평구 진관3로 77 916동 1층상가 111호","11","37.643276","126.92117"
"1083","동성당","서울 종로구 청계천로 261","11","37.569958","127.00655"
"1083","뉴빅마트","부산 기장군 정관중앙로 48 106호","21","35.321114","129.17929"
"1083","G마트","부산 북구 백양대로 1024","21","35.19702","128.99542"
"1083","토토복권","대구 서구 달서로12길 9","22","35.86758","128.57208"
"1083","토토복권","대구 서구 달서로12길 9","22","35.86758","128.57208"
"1083","토토복권","대구 서구 달서로12길 9","22","35.86758","128.57208"
"1083","타임마트","대전 서구 동서대로 696 프라임빌딩2차 1층 102호","25","36.331818","127.3402"
"1083","씨유 트윈시티","경기 고양시 일산동구 위시티로 75 113호","31","37.678833","126.81109"
"1083","로또대박","경기 부천시 석천로177번길 11 제이클래스중동 1층 105호","31","37.503178","126.76193"
"1083","디딤슈퍼","경기 부천시 도약로 279","31","37.510635","126.78055"
"1083","로또대박","경기 부천시 석천로177번길 11 제이클래스중동 1층 105호","31","37.503178","126.76193"
"1083","로또통신","경기 안성시 장기로 36","31","37.00587","127.26738"
"1083","씨유 파주운천점","경기 파주시 통일로 2038-2 씨유 파주운천점","31","37.880703","126.76985"
"1083","구담쌀슈퍼","경북 안동시 경동로 908","37","36.556965","128.75449"
"1084","몽유호가(夢有好家)","서울 강동구 올림픽로 552 1층5호","11","37.530838","127.121025"
"1084","가판점","서울 서초구 효령로 283 가판","11","37.4851","127.01497"
"1084","가판대20호","서울 송파구 송파대로 365 석촌농협앞가판대20호","11","37.500404","127.111046"
"1084","복권방","부산 사하구 장림번영로 25","21","35.081005","128.96823"
"1084","행운복권방","대구 북구 학정동로 47","22","35.94807","128.56721"
"1084","노다지로또","인천 서구 완정로  179 검단제이원빌딩 108호","23","37.602306","126.65639"
"1084","알리바이","광주 광산구 수등로 253 1층 알리바이","24","35.185387","126.83668"
"1084","행운로또방","광주 서구 풍암순환로 183 우미아파트상가117동101호","24","35.12672","126.88115"
"1084","미니스톱 울산동진점","울산 동구 동진로 4 동서아트빌 1층 편의점","26","35.486736","129.42564"
"1084","수원명당복권방","경기 수원시 팔달구 경수대로507번길 14 107호(인계동)","31","37.27159","127.0274"
"1084","주택복권방","강원 원주시 우산초교길 29 1층","32","37.36735","127.937904"
"1084","복권나라","충북 증평군 중앙로 199-1","33","36.783936","127.58088"
"1084","로또","충남 아산시 번영로 18 미니스톱 아산파라뷰점","34","36.785294","126.99323"
"1084","신천하명당","충남 예산군 발연로 1 이마트 24 내","34","36.698784","126.8296"
"1084","씨스페이스 어방점","경남 김해시 인제로170번길 15-6 편의점 내","38","35.244053","128.90582"
"1085","복권마을(사당점)","서울 동작구 사당로 215 101호","11","37.48449","126.972046"
"1085","에스비 상사","서울 중구 퇴계로86길 29 1층","11","37.564255","127.019806"
"1085","행운복권방","부산 사상구 모라로 90-7","21","35.18631","128.98962"
"1085","로또공인중개사사무소","대구 중구 대봉로 212 1층 공인중개사사무소","22","35.857677","128.60196"
"1085","당하복권명당","인천 서구 서곶로 788","23","37.587936","126.67538"
"1085","우타코비","인천 서구 승학로 470 1층 105호","23","37.56361","126.673615"
"1085","삼성로또","인천 연수구 학나래로6번길 56","23","37.42539","126.69818"
"1085","1등로또방","광주 동구 중앙로 249-2","24","35.15431","126.92017"
"1085","영화복권(버들점)","광주 서구 상무버들로 32","24","35.164616","126.86002"
"1085","로또대박","세종  장척로 571","29","37.499294","127.22131"
"1085","로또대박","세종  장척로 571","29","37.499294","127.22131"
"1085","행운드림로또&토토","경기 김포시 초당로16번길 77 1층 106호","31","37.63979","126.67515"
"1085","삐삐문구","경기 남양주시 사릉로 403","31","37.656082","127.17968"
"1085","또와복권","경기 수원시 권선구 구운로 46-1 1층 103호","31","37.27603","127.02496"
"1085","대박 로또","경기 수원시 장안구 수성로261번길 81 신협 1층(정자동)","31","37.29295","126.99854"
"1085","예원로또복권판매점","경기 안양시 만안구 만안로 461 제1호","31","37.4186","126.90874"
"1085","로또휴게실","경기 용인시 기흥구 용구대로 1885","31","37.256386","127.10432"
"1085","행복로또판매점","경기 의정부시 오목로 219 106호","31","37.745884","127.09935"
"1085","럭키 복권방","경기 의정부시 의정로22번길 29 1층(의정부동)","31","37.734978","127.0366"
"1085","행복로또판매점","경기 의정부시 오목로 219 106호","31","37.745884","127.09935"
"1085","복터졌다 복권방","충남 아산시 온천대로 1510-10","34","36.78049","127.005264"
"1085","로또복권두정점","충남 천안시 서북구 두정로 251 대원빌딩104호","34","36.833515","127.14499"
"1085","천하명당복권방","경북 포항시 남구 중섬로 26","37","36.013783","129.34744"
"1086","신성복권","서울 강남구 학동로 503 한성빌딩","11","37.51919","127.05076"
"1086","6/45 로또","서울 강동구 아리수로93가길 87 상가 105호","11","37.570454","127.1696"
"1086","복권방 담배","서울 도봉구 도당로 91,(방학동)","11","37.66569","127.03695"
"1086","평화슈퍼","서울 은평구 연서로 198-1,(대조동)","11","37.61628","126.919014"
"1086","백금당","부산 중구 중구로29번길 26","21","35.100513","129.02731"
"1086","왕대박","대구 남구 대명로 51 A동1층7호(데명동,삼아맨션)","22","35.839317","128.56299"
"1086","대박로또판매점","경기 수원시 장안구 서부로 2129-1 태양공예가구","31","37.298717","126.97125"
"1086","주택복권방","경기 용인시 수지구 풍덕천로 144-1 103호","31","37.323883","127.09745"
"1086","드림복권방","경기 의정부시 청사로5번길 8-17 1층 112호(신곡동,센타프라자)","31","37.74958","127.070015"
"1086","혁신대박","충북 음성군 원중로 1434  103호(에스타워)","33","36.909523","127.54108"
"1086","신불당 아이캔로또","충남 천안시 서북구 불당25로 226 골든스퀘어빌딩 118호","34","36.82206","127.1112"
"1086","로또복권판매도통점","전북 남원시 용성로 232,(도통동)","35","35.41778","127.39722"
"1086","행운복권방 보생당건강원","전북 익산시 무왕로 1268","35","35.960304","126.99727"
"1086","행운복권나라","전남 광양시 대림오성로 146-1","36","34.964733","127.57778"
"1086","복권세상","전남 목포시 청호로 139 1층 복권세상","36","34.8039","126.37585"
"1086","복권왕국","전남 여수시 여수산단로 48 1층101호","36","34.740177","127.73026"
"1086","신세계","제주 제주시 고마로14길 7","39","33.506073","126.54025"
"1087","골드리치","서울 강남구 자곡로 192 1층 102호(강남푸르지오시티 2차)","11","37.474518","127.10392"
"1087","한마음","서울 관악구 관악로 211 봉천중앙시장라열4호","11","37.48357","126.95407"
"1087","강원슈퍼","서울 서대문구 모래내로 355","11","37.581635","126.93554"
"1087","나눔로또 석촌점","서울 송파구 백제고분로27길  34 1층","11","37.50599","127.09392"
"1087","잠실매점","서울 송파구 올림픽로 269 잠실역 8번출구 앞 가판","11","37.514446","127.10071"
"1087","무지개상점","부산 해운대구 좌동로91번길 45","21","35.17413","129.1736"
"1087","찬스센터","인천 남동구 남동대로370번길 114 동보아파트상가 상가동 1층 101호","23","37.41274","126.71224"
"1087","대박복권판매점","경기 고양시 덕양구 충장로 8 115호 일부","31","37.61341","126.83368"
"1087","키즈월드","경기 고양시 일산동구 중산로 241 해태쇼핑1층146호","31","37.69373","126.78029"
"1087","노다지복권방","경기 시흥시 복지로 103-1 1층상가","31","37.44823","126.79206"
"1087","복권명당","경기 안성시 승두길 62","31","37.000015","127.17315"
"1087","행운로또방","강원 화천군 상승로 46 1층","32","38.104893","127.70447"
"1087","백석로또복권방","충남 천안시 서북구 한들3로 85-85 메디컬센터 109호","34","36.83067","127.12336"
"1087","팡팡복권마트.잡화슈퍼","전북 전주시 덕진구 가리내로 26","35","35.834366","127.13327"
"1087","어느멋진날","경남 양산시 덕계10길 11 복권판매점","38","35.374413","129.1529"
"1087","소답시내버스매표소","경남 창원시 의창구 의안로2번길 17 가판","38","35.261776","128.62564"
"1088","종로3가1호선역2번출구가로판매점82호","서울 종로구 돈화문로 23 가판","11","37.5707","126.991875"
"1088","뉴빅마트","부산 기장군 정관중앙로 48 106호","21","35.321114","129.17929"
"1088","행운복권방","부산 중구 구덕로 47","21","35.09806","129.03053"
"1088","좋은터","인천 계양구 효서로 204 1층","23","37.527794","126.71853"
"1088","용꿈돼지꿈","인천 부평구 동암남로 11","23","37.470974","126.70482"
"1088","천하명당복권방","경기 수원시 팔달구 매산로 2","31","37.26661","127.00185"
"1088","씨유(CU)포천호국로점","경기 포천시 호국로 1382 CU편의점","31","37.882088","127.18887"
"1088","복권나라","강원 속초시 중앙로 28","32","38.198734","128.58014"
"1088","로또복권명당방","전남 무안군 삼향읍 남악3로82번길 20 백석프라자 104호 GS편의점 내","36","34.812634","126.46242"
"1088","지-아트","경남 김해시 율하2로 98-1 복권판매점","38","35.170395","128.81201"
"1088","매물도 복권","경남 통영시 통영해안로 225-1","38","34.841072","128.42075"
"1089","돈벼락맞는곳","부산 기장군 읍내로 109","21","35.24525","129.21635"
"1089","황금복권방","부산 부산진구 가야대로 613 상가동1층114호","21","35.155704","129.03911"
"1089","대산슈퍼","부산 북구 만덕대로 166","21","35.21297","129.02286"
"1089","행복드림로또판매점","인천 강화군 중앙로 68 1층 101-1호 하나로마트","23","37.737663","126.48689"
"1089","행운 마트","인천 남동구 만수로 65","23","37.461594","126.73509"
"1089","대한유통","울산 북구 박상진11로 1 1층112호","26","35.60049","129.36484"
"1089","광교호수공원 복권명당점","경기 수원시 영통구 광교호수공원로 20 1층 114호(원천동, 더샵 광교레이크시티)","31","37.2725","126.05974"
"1089","세븐일레븐 화성봉담대로점","경기 화성시 삼천병마로 894-4 1층","31","37.187534","126.93869"
"1089","자수정슈퍼","전북 전주시 완산구 용머리로 152","35","35.805733","127.12693"
"1090","경성식품","서울 동대문구 망우로21길 52","11","37.590435","127.06028"
"1090","주아킹 목동점","서울 양천구 목동로 213 1층","11","37.527397","126.86379"
"1090","복권명당(서부점)","대구 달서구 월배로 452","22","35.833633","128.55486"
"1090","천하명당복권","대구 북구 칠곡중앙대로 545","22","35.94432","128.55064"
"1090","평화(북구사수점)","대구 북구 한강로 92 1층 101호","22","35.896557","128.51958"
"1090","버스표판매소","경기 고양시 덕양구 화신로 76 샘터마을1단지아파트 971번지선","31","37.619034","126.840454"
"1090","인생로또 645","경기 남양주시 다산순환로 356 다산푸리마타워 1층 102호","31","37.625202","127.155396"
"1090","노다지복권방","경기 부천시 양지로 205 1층 118호","31","37.467976","126.822464"
"1090","왕대박유통","충북 청주시 흥덕구 서현동로 25 화인프라자 1층","33","36.624504","127.429245"
"1090","채널큐","경남 창원시 마산합포구 산호남로 11-1","38","35.21755","128.58145"
"1090","행운&빈센트","제주 서귀포시 동문로 64","39","33.24906","126.56697"
"1091","광산마트","서울 강북구 한천로 1078-1","11","37.64259","127.02353"
"1091","행운복권방","서울 서대문구 신촌로 235-1","11","37.557384","126.95227"
"1091","쌍둥이네 로또판매점","서울 양천구 화곡로 41 1층","11","37.53952","126.8266"
"1091","진우복권","부산 연제구 월드컵대로 119 204호(연산동)","21","35.184826","129.08208"
"1091","일등복권방","인천 계양구 임학동로 12 1층","23","37.543873","126.7346"
"1091","가야홀인원복권방","경기 의정부시 체육로 306-14,(녹양동)","31","37.760475","127.04132"
"1091","로또하복대두진점","충북 청주시 흥덕구 증안로 33 두진백로상가1층102호","33","36.63738","127.426926"
"1091","문경로또","경북 문경시 문희로 19-1","37","36.734093","128.10844"
"1091","행운의집제1호점","경북 안동시 영가로 24","37","36.56516","128.7333"
"1092","대박슈퍼","서울 강동구 올림픽로 800 1층 106호","11","37.552277","127.1286"
"1092","대박슈퍼","서울 강동구 올림픽로 800 1층 106호","11","37.552277","127.1286"
"1092","연초2호 쇼케이스7호","서울 서초구 신반포로 194 강남고속버스터미널 쇼케이스7호","11","37.50551","127.007034"
"1092","대박복권&크로플박사","서울 영등포구 도신로 119 1층(도림동)","11","37.50848","126.90501"
"1092","돈벼락맞는곳","부산 기장군 읍내로 109","21","35.24525","129.21635"
"1092","행운복권","인천 미추홀구 인하로 354","23","37.447952","126.68763"
"1092","운수대통","인천 미추홀구 경인로34번길 35 1층 (숭의동)","23","37.46236","126.64785"
"1092","프렌드24시","광주 광산구 첨단중앙로 164 빌리오네2  제1층 106호","24","35.219975","126.84232"
"1092","버스표판매소","경기 고양시 덕양구 화신로 76 샘터마을1단지아파트 971번지선","31","37.619034","126.840454"
"1092","행복드림로또","경기 고양시 일산서구 일산로 662 101호","31","37.683006","126.755806"
"1092","복덩이로또","경기 양주시 개나리길 58","31","37.895638","126.97421"
"1092","강남슈퍼","경기 의정부시 의정로 193","31","37.750084","127.03404"
"1092","대관령복권방","강원 평창군 대관령로 74-4 1층 B호","32","37.6732","128.70439"
"1092","힐링복권","충남 당진시 신복운로2길 13 1층 청소나라 옆","34","36.94294","126.78207"
"1092","흥건슈퍼","전북 전주시 완산구 거마평로 25 흥건1차아파트상가 흥건슈퍼","35","35.794403","127.11578"
"1092","이마트24 순천산단점","전남 순천시 산단1길 6 중앙정밀기계,마트","36","34.987934","127.50839"
"1093","피터팬","서울 은평구 은평로 193","11","37.601765","126.929115"
"1093","일등복권편의점","대구 달서구 대명천로 220 1층","22","35.84214","128.53621"
"1093","세진전자통신","대구 서구 서대구로 156","22","35.8719","128.5552"
"1093","메트로센터점","대구 중구 달구벌대로 지하 2100 메트로센터C412호","22","35.86582","128.59314"
"1093","교통카드충전소","경기 고양시 덕양구 화정로 지하 60 화정역 2번출구","31","37.634552","126.83321"
"1093","초월대박복권방","경기 광주시 경충대로 1252","24","37.386677","127.28821"
"1093","둘리복권방","경기 시흥시 중심상가2길 12-6 한강프라자제1층101호","31","37.345314","126.73626"
"1093","안성맞춤","경기 안성시 안성맞춤대로 1099-1","31","37.01107","127.2699"
"1093","행운복권방","경기 의정부시 충의로 55","31","37.73674","127.08712"
"1093","행운복권방","경기 의정부시 충의로 55","31","37.73674","127.08712"
"1093","대흥복권","경기 화성시 행정서로3길 4-46 101호","31","37.130062","126.91723"
"1093","떴다GO 1등","경기 화성시 동탄반석로 172 1층 138호(동탄 파라곤점)","31","37.20413","127.07133"
"1093","금전산복권방","전남 순천시 연향1로 17-1 금전산복권방","36","34.945038","127.51636"
"1094","엘도라도복권점문점","서울 광진구 용마산로 47","11","37.55781","127.08759"
"1094","제이복권방","서울 종로구 종로 225-1 평창빌딩 1층 103호","11","37.571293","127.00283"
"1094","에스비 상사","서울 중구 퇴계로86길 29 1층","11","37.564255","127.019806"
"1094","서면문화로또","부산 부산진구 신천대로65번길 59","21","35.147545","129.0582"
"1094","한꿈복권방","울산 중구 번영로 586","26","35.568794","129.34589"
"1094","세븐일레븐구리한성점","경기 구리시 이문안로 49 한성1차아파트상가102호","31","37.59243","127.13685"
"1094","민준복권","경기 군포시 삼성로 5 해피시티 104호(부곡동 해피시티)","31","37.336166","126.93435"
"1094","운좋은 복권방","경기 수원시 장안구 덕영대로425번길 34 1층(율전동)","31","37.30245","126.96986"
"1094","정통복권방","경기 수원시 팔달구 매산로116번길 32","31","37.269806","127.01393"
"1094","신천하명당","충남 예산군 발연로 1 이마트 24 내","34","36.698784","126.8296"
"1094","복권나라","경북 포항시 북구 장량로140번길 9","37","36.08086","129.39603"
"1094","로또복권판매 초전점","경남 진주시 대신로457번길 9 1층","38","35.201275","128.11505"
"1095","다모아","서울 구로구 공원로6나길 39-1","11","37.50447","126.891785"
"1095","인터넷 복권판매사이트","동행복권(dhlottery.co.kr)","","37.482063","127.015785"
"1095","묵동식품","서울 중랑구 동일로 919","11","37.612457","127.07704"
"1095","드림복권","인천 연수구 신송로118번길 6 송도풍림아이원1단지아파트 1층 103호","23","37.39547","126.6529"
"1095","스타복권","경기 의정부시 호국로 1075 1층(가능동)","31","37.742805","127.02324"
"1095","황금로또복권판매","충남 당진시 동부로 223 B동 108호 한빛부동산","34","36.90674","126.64695"
"1095","복돼지복권방","전북 익산시 선화로1길 4 배산시티프라자 배산시티프라자 1층 107호","35","35.950245","126.93804"
"1095","진빈레코드","경남 밀양시 북성로 7","38","35.498558","128.74329"
"1095","로또명당","경남 창원시 의창구 도계로 49","38","35.26004","128.63731"
"1095","일등복권방","제주 제주시 신대로 119","39","33.486565","126.49658"
"1096","또와식품","서울 강서구 양천로 694","11","37.55008","126.872826"
"1096","알리바이","광주 광산구 수등로 253 1층 알리바이","24","35.185387","126.83668"
"1096","씨유 대전반석역점","대전 유성구 반석로 10 반석역프라자","25","36.39211","127.313446"
"1096","주몽동명","경기 용인시 수지구 포은대로 319 중앙빌딩 104호","31","37.315742","127.08753"
"1096","용꿈돼지꿈복권전문점","강원 동해시 중앙로 234 이주민상가1층15호","32","37.52171","129.115"
"1096","횡성터미널로또","강원 횡성군 앞들서로19번길 10 1층 101호","32","37.487843","127.98256"
"1096","여기있었네복권방","전북 김제시 남북로 171","35","35.79936","126.88456"
"1096","진우복권명당","경북 경산시 경산로15길 1-11","37","35.815308","128.7312"
"1096","로그인복권방","경북 구미시 상사동로 149-4 사곡동","37","36.09796","128.35878"
"1096","로또GS송림점","경남 밀양시 삼문중앙로 48 GS편의점 내","38","35.48572","128.7571"
"1097","인터넷 복권판매사이트","동행복권(dhlottery.co.kr)","","37.482063","127.015785"
"1097","자갈치 도깨비명당","부산 중구 자갈치로 33 501,502호","21","35.09717","129.0283"
"1097","NBA(엔비에이)","인천 중구 신도시남로142번길 6 1동 1층 128호","23","37.4934","126.49157"
"1097","백송마트","광주 광산구 월계로 110 104호","24","35.21345","126.83743"
"1097","용꿈돼지꿈복권방","경기 시흥시 하중로 235 법조타운103호","31","37.390877","126.806526"
"1097","용이복권방","경기 평택시 현신3길 44","31","36.996967","127.139626"
"1097","세븐일레븐화성봉담수기점","경기 화성시 세자로 358","31","37.197536","126.98357"
"1098","이마트24 서울고속터미널4호점","서울 서초구 신반포로 194 본관1층 쇼케이스4호","11","37.50551","127.007034"
"1098","월드24시","서울 은평구 통일로 855-15","11","37.61925","126.919785"
"1098","동아","대구 북구 칠곡중앙대로 385-1","22","35.930256","128.54787"
"1098","로또복권신매점","대구 수성구 달구벌대로 3233 신매동 효성백년가약상가 401동7호","22","35.83958","128.71077"
"1098","잉크션","대전 서구 도산로 310","25","36.333546","127.387566"
"1098","복권백화점","울산 남구 수암로 52","26","35.530804","129.31374"
"1098","팡팡복권방","충북 진천군 장기길 102","33","36.990017","127.445274"
"1098","테크노벨리복권","충남 아산시 아산밸리중앙로 102 1층 102호","34","36.92324","127.05935"
"1098","콘테인복권판매점","충남 천안시 동남구 청수11로 13-11 건물 뒤편 콘테인커피숍 내","34","36.783344","127.15366"
"1098","내가오늘주인공","전북 순창군 금산로 8-30","35","35.37816","127.13659"
"1098","이마트24 순천산단점","전남 순천시 산단1길 6 중앙정밀기계,마트","36","34.987934","127.50839"
"1098","안동슈퍼","경북 안동시 경동로 669-3","37","36.563347","128.73108"
"1098","이마트24포항신덕로점","경북 포항시 북구 신덕로 215 이마트24신덕로점","37","36.08628","129.39243"
"1099","삼성열쇠공사","서울 동작구 만양로 90-1","11","37.511497","126.94448"
"1099","대박유통","부산 중구 구덕로 80 1층","21","35.097702","129.02716"
"1099","팡팡복권","부산 중구 보수대로 134 1층","21","35.10751","129.02272"
"1099","메트로센터점","대구 중구 달구벌대로 지하 2100 메트로센터C412호","22","35.86582","128.59314"
"1099","보람복권방","울산 남구 화합로194번길 18-1 18-1","26","35.54182","129.33974"
"1099","가람","울산 중구 병영로 28-1 1층, 부동산","26","35.571987","129.34631"
"1099","베스트 로또","경기 광명시 하안로 168-11 1층 105호(소하동, 외1필지)","31","37.452816","126.889244"
"1099","잘찍어로또방","경기 평택시 안현로서5길 62","31","36.988426","126.92788"
"1099","설악슈퍼","강원 속초시 중앙시장로 116 중앙시장내, 설악슈퍼","32","38.204475","128.59096"
"1100","길로또복권","서울 강서구 등촌로 215","11","37.548992","126.86325"
"1100","복권나라","서울 관악구 은천로 40-1","11","37.48599","126.93982"
"1100","프리마트","인천 남동구 주안로 231","23","37.463516","126.695564"
"1100","로또명당","인천 부평구 부평대로 32 1층","23","37.494415","126.72295"
"1100","황금알 복권판매점","대전 서구 한밭대로570번길 29-4 갤러리빌 8차","25","36.356964","127.36215"
"1100","코사마트한양점","경기 고양시 덕양구 마상로 156","31","37.6584","126.83955"
"1100","리맥스복권방","경기 구리시 경춘로 239 리맥스프라자 앞 가판대(인창동 676-1)","31","37.601616","127.14163"
"1100","복권나라","강원 원주시 평원로 23 1층","32","37.348927","127.952644"
"1100","로또당진합덕원룸점","충남 당진시 미락5길 27-3 1층 101호","34","36.80752","126.768425"
"1100","로또복권두정점","충남 천안시 서북구 두정로 251 대원빌딩104호","34","36.833515","127.14499"
"1100","포항오거리CU복권","경북 포항시 북구 죽도로 33 CU포항오거리점내","37","36.033836","129.36467"
"1100","통도복권","경남 양산시 통도사로 71 복권판매점","38","35.49364","129.08252"
"1100","행운복권방","경남 진주시 창렬로 76-1 1층","38","35.195347","128.06912"
"1101","넘보원 마트","서울 도봉구 도봉로165길 2,(도봉동)","11","37.67773","127.04468"
"1101","인터넷 복권판매사이트","동행복권(dhlottery.co.kr)","","37.482063","127.015785"
"1101","기장슈퍼","부산 기장군 차성동로 69","21","35.243927","129.2165"
"1101","로또달인","부산 사상구 모덕로 51 복권판매점","21","35.182194","128.9818"
"1101","복권명당 샘","대구 동구 율하동로 36","22","35.86286","128.70146"
"1101","대박복권방","경기 고양시 일산서구 경의로 823 1층","31","37.691025","126.759125"
"1101","광명명당복권방","경기 광명시 오리로 1024 1층(광명동)","31","37.48095","126.84979"
"1101","행복","경기 수원시 영통구 신원로 33 103-2호(신동)","31","37.2497","127.0458"
"1101","이조박복권방","경기 안양시 만안구 병목안로 119 1층 103호","31","37.39289","126.91"
"1101","스카이편의점","경기 안양시 만안구 박달로 527","31","37.40275","126.91124"
"1101","황실복권방","충남 천안시 동남구 충절로 799","34","36.769257","127.20064"
"1101","현대장미슈퍼","전북 익산시 동서로61길 41 현대아파트1층108호","35","35.95509","126.98032"
"1101","이삭","전남 목포시 남악2로 54 남악프라자A동103호","36","34.809925","126.45526"
"1102","로또복권","서울 광진구 긴고랑로 38","11","37.562798","127.08021"
"1102","(개룡역)복 노다지","서울 송파구 오금로44가길 12","11","37.49758","127.13488"
"1102","씨스페이스 응암역점","서울 은평구 연서로 9 센터폴리스 1층 107호","11","37.600132","126.91551"
"1102","돈벼락맞는곳","부산 동구 조방로49번길 18-1","21","35.139168","129.05995"
"1102","꿈하나","대구 서구 팔달로 142 1층 복권방","22","35.889156","128.56583"
"1102","복권판매소(서문큰장네거리)","대구 서구 국채보상로 438,(내당동)","22","35.870575","128.5788"
"1102","오천억복권방","광주 서구 상무대로 1087","24","35.15296","126.880745"
"1102","영화유통(1등복권방)","울산 남구 신정로 19 삼성아파트 상가 204-101","26","35.533833","129.32205"
"1102","세종로또방","세종 용포로 32","29","36.461655","127.280685"
"1102","행운복권","경기 군포시 대야1로 3 1동","31","37.32638","126.91891"
"1102","카베","경기 부천시 부일로221번길 26 삼원타운1층-120","31","37.489494","126.75507"
"1102","태인(금돼지) 복권","경기 성남시 분당구 돌마로 85 제105호(금곡동, 동양프라자)","31","37.35035","127.11133"
"1102","태인(금돼지) 복권","경기 성남시 분당구 돌마로 85 제105호(금곡동, 동양프라자)","31","37.35035","127.11133"
"1102","아이지에이마트 동명사랑점","경기 안산시 단원구 선부광장북로 36 113호","31","37.33678","126.81172"
"1102","하이로또복권방","경기 안양시 동안구 관악대로339번길 7,(관양동)","31","37.404186","126.96016"
"1102","늘~행복나눔(터)","경기 이천시 중부대로 139  1층","31","37.255905","127.35176"
"1102","로또명당인주점","충남 아산시 서해로 519-2","34","36.87784","126.89828"
"1102","신불당로또","충남 천안시 서북구 불당21로 40 501동 지1층 B143호","34","36.812565","127.10497"
"1102","알리바이한전공대점","전남 나주시 빛가람로 793 1층","36","35.0214","126.79864"
"1102","대풍로또판매점","경남 김해시 번화2로 36","38","35.192284","128.80525"
"1103","토큰박스","서울 강북구 도봉로 334 KFC앞 가판","11","37.63754","127.02552"
"1103","한마음","서울 관악구 관악로 211 봉천중앙시장라열4호","11","37.48357","126.95407"
"1103","인터넷 복권판매사이트","동행복권(dhlottery.co.kr)","","37.482063","127.015785"
"1103","인터넷 복권판매사이트","동행복권(dhlottery.co.kr)","","37.482063","127.015785"
"1103","대길 복권방","서울 영등포구 가마산로71길 9 1층(신길동)","11","37.506832","126.90926"
"1103","소원 로또복권","부산 부산진구 중앙대로691번가길 21 1층 일부 북측(부전동)","21","35.155212","129.0555"
"1103","중흥마트","광주 북구 문산로 30 중흥2차 아파트상가 1층","24","35.18389","126.92322"
"1103","열매로또복권","대전 유성구 은구비서로 31-1 102호, 지족동","25","36.37504","127.32048"
"1103","복권닷컴","경기 성남시 수정구 수정남로 64-1","31","37.440907","127.13489"
"1103","아름드림 복권방","경기 수원시 팔달구 덕영대로 693","31","37.2848","126.98991"
"1103","아름드림 복권방","경기 수원시 팔달구 덕영대로 693","31","37.2848","126.98991"
"1103","해수로또","충북 청주시 상당구 산성로 22-1","33","36.62615","127.49938"
"1103","현대장미슈퍼","전북 익산시 동서로61길 41 현대아파트1층108호","35","35.95509","126.98032"
"1103","로또복권판매","경북 상주시 삼백로 159","37","36.41895","128.16113"
"1103","홈런 복권판매점","경남 사천시 벌리2길 42","38","34.939648","128.0827"
"1103","영재복권","경남 창원시 마산회원구 삼계숲길 27 1층","38","35.2308","128.49948"
"1103","우진슈퍼","경남 창원시 성산구 창원대로 726 내동상가4호","38","35.21711","128.67038"
"1104","복권마을","서울 강서구 화곡로 321 101호","11","37.552773","126.85019"
"1104","행운으뜸","서울 관악구 신림로17길 45 1층","11","37.46864","126.9365"
"1104","아현역3번출구앞가판점","서울 마포구 마포대로 249 아현산업정보학교 아현역3번출구앞","11","37.556522","126.95708"
"1104","노다지로또","서울 중랑구 겸재로 217,(면목동)","11","37.58949","127.09177"
"1104","행운미니슈퍼","인천 부평구 수변로 64 1층 102호","23","37.492195","126.74089"
"1104","금성복권판매점","광주 북구 독립로 416 1층","24","35.167294","126.91723"
"1104","금성복권판매점","광주 북구 독립로 416 1층","24","35.167294","126.91723"
"1104","오천억복권방","광주 서구 상무대로 1087","24","35.15296","126.880745"
"1104","오천억복권방","광주 서구 상무대로 1087","24","35.15296","126.880745"
"1104","노다지복권방","경기 시흥시 복지로 103-1 1층상가","31","37.44823","126.79206"
"1104","종합복권슈퍼","경기 시흥시 마유로 336 정일빌딩104","31","37.34572","126.73561"
"1104","25시슈퍼","경기 시흥시 함송로14번길 13-17 홍익프라자1층107호","31","37.362453","126.72994"
"1104","행운을주는로또판매점","경기 안산시 단원구 초지로 90 태영프라자 태영프라자111호","31","37.306877","126.81511"
"1104","복권명당","충북 청주시 상당구 월평로 204","33","36.60882","127.50627"
"1104","스마일복권방","경북 김천시 영남대로 2087 101호","37","36.11514","128.15657"
"1105","현대마트","서울 강남구 일원로 45 대훈빌딩 101호","11","37.489906","127.08152"
"1105","하임마트","서울 중구 퇴계로 439-4 1층","11","37.5659","127.02076"
"1105","복권왕국","인천 계양구 계산천동로 3,(계산동)","23","37.539253","126.723236"
"1105","복권방 동춘점","인천 연수구 봉재산로 20 상가동 107호","23","37.409782","126.66613"
"1105","대주마트","광주 서구 상무공원로 92 대주아파트상가102호","24","35.152607","126.8437"
"1105","고양월드식품복권","경기 고양시 덕양구 혜음로 8 삼라마이다스프라자 제1층 제115호","31","37.701103","126.901794"
"1105","오포우림로또","경기 광주시 오포로 899 1층 109호","24","37.37044","127.23228"
"1105","복권나라","경기 남양주시 도농로 13","31","37.607224","127.15675"
"1105","복권방","경기 남양주시 덕송2로10번길 27-16","31","37.667454","127.116165"
"1105","대박","경기 안양시 동안구 관평로170번길 33","31","37.392975","126.962234"
"1105","대박마트복권방","충남 아산시 음봉로 844 행복한순복음교회 태화상가1층103호","34","36.826508","127.09927"
"1105","불국사명당복권","경북 경주시 산업로 3033","37","35.7765","129.29813"
"1105","한방복권방","경남 양산시 북안남4길 26 105호","38","35.34572","129.036"
"1105","북마산복권전문점","경남 창원시 마산합포구 북성로 98","38","35.215973","128.5708"
"1105","만물할인슈퍼","경남 창원시 성산구 대정로 145 개나리1차상가107호","38","35.21318","128.7085"
"1106","일등","서울 강동구 양재대로 1500 101호","11","37.539463","127.14085"
"1106","서울구가-17가판","서울 구로구 구로동로 130-2 구로4동우체국앞가판","11","37.490326","126.88439"
"1106","잠실매점","서울 송파구 올림픽로 269 잠실역 8번출구 앞 가판","11","37.514446","127.10071"
"1106","로또킹","서울 영등포구 영중로 2 1층(영등포동3가)","11","37.516743","126.906746"
"1106","동인천황금로또","인천 중구 참외전로 110 1층","23","37.476524","126.630585"
"1106","지에스25 안성칠곡","경기 안성시 만세로 1182 지에스25 안성칠곡","31","37.04363","127.15039"
"1106","로또휴게실","경기 용인시 기흥구 용구대로 1885","31","37.256386","127.10432"
"1106","주택복권방","경기 용인시 수지구 풍덕천로 144-1 103호","31","37.323883","127.09745"
"1106","종합복권방","전남 해남군 해남로 34","36","34.570763","126.61092"
"1106","이마트24시 R신대부적점","경북 경산시 대학로 386 1층","37","35.842033","128.7622"
"1106","씨유제주 제일점","제주 제주시 신산로 16 CU 제일점","39","33.511852","126.53152"
"1107","교통카드충전소","서울 강남구 선릉로 309","11","37.49705","127.05222"
"1107","복권방 담배","서울 도봉구 도당로 91,(방학동)","11","37.66569","127.03695"
"1107","G마트","서울 영등포구 디지털로 387","11","37.491634","126.902115"
"1107","가로가판대제57호(구)","서울 중구 세종대로14길 6-2","11","37.562904","126.97705"
"1107","복권판매점 명지국제신도시점","부산 강서구 명지국제2로 80 비주거시설동1층 54호","21","35.098766","128.90842"
"1107","부일카서비스","부산 동구 자성로133번길 35","21","35.140015","129.06306"
"1107","천하명당복권","대구 북구 칠곡중앙대로 545","22","35.94432","128.55064"
"1107","신포시장매표소","인천 중구 우현로 41-1","23","37.4712","126.62799"
"1107","돈벼락","경기 부천시 범안로 220 제근린생활시설2동 1층 103호","31","37.46042","126.81241"
"1107","천하명당복권방","경기 수원시 팔달구 매산로 2","31","37.26661","127.00185"
"1107","복천로또","경기 용인시 기흥구 죽전로 29 109호 (보정동, 포레스트프라자)","31","37.32071","127.11208"
"1107","떴다GO 1등","경기 화성시 동탄반석로 172 1층 138호(동탄 파라곤점)","31","37.20413","127.07133"
"1107","학동복권나라","전남 여수시 흥국로 6","36","34.763523","127.663475"
"1107","학동복권나라","전남 여수시 흥국로 6","36","34.763523","127.663475"
"1108","인터넷 복권판매사이트","동행복권(dhlottery.co.kr)","","37.482063","127.015785"
"1108","우리샵","서울 서초구 서초대로77길 3","11","37.497936","127.02651"
"1108","돈벼락맞는곳","부산 기장군 읍내로 109","21","35.24525","129.21635"
"1108","세원로또복권방","부산 수영구 수영로725번길 53 수영 엔스타Ⅱ 101호","21","35.16832","129.11609"
"1108","GS로또(남대구IC점)","대구 달서구 성서공단로 346 1층 GS편의점","22","35.836327","128.52068"
"1108","새희망로또","울산 중구 백양로 47","26","35.574467","129.31169"
"1108","명당골복권방","경기 수원시 권선구 동수원로242번길 15 104호","31","37.251095","127.03546"
"1108","인생복권","경기 시흥시 희망공원로 269 1층 X8 YA호","31","37.34525","126.725174"
"1108","홈플러스선부점로또판매","경기 안산시 단원구 삼일로 316 홈플러스","31","37.33378","126.81258"
"1108","동행복권평택신창점","경기 평택시 서정로 97 1층","31","37.07194","127.04705"
"1108","현대장미슈퍼","전북 익산시 동서로61길 41 어양동 현대A 상가동 108호","35","35.95509","126.98032"
"1108","아리랑복권방","전북 전주시 완산구 거마평로 192","35","35.80944","127.11562"
"1108","이룸로또복권방","전남 목포시 백년대로297번길 42 1층","36","34.80711","126.41811"
"1108","씨유거제사등새아침점","경남 거제시 거제대로 5501 주2동 103호,104호","38","34.910675","128.5435"
"1109","가판점","서울 강동구 천호대로 1073 힐탑프라자 앞 가판점","11","37.53663","127.131355"
"1109","지니복권","서울 금천구 금하로 632 16호","11","37.45465","126.90136"
"1109","제일식품","서울 서대문구 증가로 143,(남가좌동)","11","37.57747","126.92169"
"1109","장보고복권방","서울 중랑구 면목로 288","11","37.578384","127.08619"
"1109","우정식품","부산 동래구 온천장로 39","21","35.21585","129.07948"
"1109","봄봄복권판매점","부산 사상구 엄궁로 203","21","35.130375","128.97302"
"1109","에덴건강원","인천 남동구 백범로 332-1 1층","23","37.464577","126.71356"
"1109","대박로또","대전 서구 둔산중로14번길 36","25","36.347702","127.38861"
"1109","보람복권방","울산 남구 화합로194번길 18-1 1층","26","35.541855","129.34157"
"1109","복권명당","경기 안산시 상록구 광덕산2로 25","31","37.335415","126.84604"
"1109","대진로또","경기 평택시 서동대로 1272","31","36.986984","126.89416"
"1109","거두로또","강원 춘천시 춘천순환로 61-26  1층","32","37.85614","127.75235"
"1109","서울로또방","충북 옥천군 삼금로 8","33","36.29949","127.56668"
"1109","서울로또방","충북 옥천군 삼금로 8","33","36.29949","127.56668"
"1109","복권판매점(담양)","전남 담양군 중앙로 32-1","36","35.316162","126.98364"
"1109","이룸로또복권방","전남 목포시 백년대로297번길 42 1층","36","34.80711","126.41811"
"1109","로또 봉하점","경남 김해시 봉하로 24 CU편의점 좌측 복권판매점","38","35.314568","128.76036"
"1110","오케이상사","서울 서초구 신반포로 176 센트럴시티내100호매점","11","37.504353","127.00359"
"1110","인터넷 복권판매사이트","동행복권(dhlottery.co.kr)","","37.482063","127.015785"
"1110","에스비 상사","서울 중구 퇴계로86길 29 1층","11","37.564255","127.019806"
"1110","부일카서비스","부산 동구 자성로133번길 35","21","35.140015","129.06306"
"1110","코사마트금강점","대구 달서구 용산로 204 1층 코사마트","22","35.855705","128.53079"
"1110","드림마트","인천 서구 검단로 490","23","37.60223","126.65863"
"1110","원내복권방","대전 유성구 원내로 35","25","36.300095","127.31983"
"1110","농협앞 가판점","경기 성남시 수정구 수정로 128","31","37.44143","127.13456"
"1110","복권판매점","경기 성남시 중원구 성남대로1130번길 3 제1층 제101호","31","37.4307","127.1296"
"1110","천하명당","경기 평택시 탄현로 224","31","37.07261","127.05525"
"1110","강남 복권방","강원 강릉시 임영로 62 1층(노암동)","32","37.748016","128.89706"
"1110","강남 복권방","강원 강릉시 임영로 62 1층(노암동)","32","37.748016","128.89706"
"1110","터미널복권","충북 충주시 봉계1길 49 충주터미널1층","33","36.981136","127.91502"
"1110","천하명당","전북 순창군 순창로 200","35","35.37289","127.14261"
"1110","지에스(GS)25 거제벽산솔렌스","경남 거제시 상동5길 119 104호,105호","38","34.860985","128.62909"
"1110","천하명당복권방","경남 거제시 옥포성안로 60","38","34.891693","128.69492"
"1111","로또 명당 가판점","서울 금천구 남부순환로 1390 전영수내과의원 가판","11","37.479816","126.90518"
"1111","스파","서울 노원구 동일로 1493 상계주공아파트(10단지) 주공10단지종합상가111","11","37.66166","127.05787"
"1111","보원상회","서울 성북구 보문로 56","11","37.580452","127.02225"
"1111","일조복권","서울 송파구 마천로51가길 2 1층 2호","11","37.497276","127.15364"
"1111","성호복권방","대전 대덕구 신일동로 1","25","36.444744","127.40511"
"1111","씨유 대전반석역점","대전 유성구 반석로 10 반석역프라자","25","36.39211","127.313446"
"1111","씨유 대전반석역점","대전 유성구 반석로 10 반석역프라자","25","36.39211","127.313446"
"1111","씨유 대전반석역점","대전 유성구 반석로 10 반석역프라자","25","36.39211","127.313446"
"1111","GS25선화목동점","대전 중구 선화서로 128-1","25","36.334328","127.41397"
"1111","이충복권방","경기 평택시 송탄로 108 1층103호","31","37.054466","127.05607"
"1111","종합복권나라","강원 원주시 남원로 619 1층","32","37.338478","127.95132"
"1111","금강로또","충북 옥천군 금강로 596 금강휴게소","33","36.278942","127.6721"
"1111","성심상회","경북 포항시 북구 불종로 78","37","36.038174","129.36801"
"1111","함덕대박복권판매점","제주 제주시 함덕18길 19","39","33.539494","126.670364"
"1111","영평로또명당","제주 제주시 연신로 280","39","33.48079","126.56206"
"1111","영평로또명당","제주 제주시 연신로 280","39","33.48079","126.56206"
"1112","버스표판매소","서울 강남구 논현로 837 원방빌딩","11","37.52323","127.027916"
"1112","복권전문점","서울 강북구 솔샘로64길 43,(미아동)","11","37.61555","127.028656"
"1112","보물섬복권판매점","서울 송파구 법원로8길 7 106호","11","37.484184","127.12136"
"1112","세진전자통신","대구 서구 서대구로 156","22","35.8719","128.5552"
"1112","대박스타","인천 미추홀구 경인로 348 1층","23","37.458347","126.678635"
"1112","타운복권방","광주 북구 밤실로 184-1","24","35.16375","126.93414"
"1112","아이스파티 희망로또","경기 남양주시 청학로114번길 9 나동","31","37.709156","127.11427"
"1112","로또삼성복권방","경기 수원시 영통구 매영로 141 원천훼밀리타운 원천훼미리타운105호","31","37.26672","127.05813"
"1112","로터리편의마트","경북 포항시 북구 서동로 85 육거리","37","36.040768","129.36725"
"1112","대운로또복권","경남 양산시 물금로 183 102호 복권판매점","38","35.319393","128.99998"
"1113","대박가판장","서울 강동구 양재대로 1627 가판점","11","37.55092","127.143715"
"1113","삼익마트","서울 강동구 상암로 211 1층","11","37.546654","127.14613"
"1113","찐대박복권","서울 동작구 신대방길 96 1층 2호","11","37.48981","126.90914"
"1113","인터넷 복권판매사이트","동행복권(dhlottery.co.kr)","","37.482063","127.015785"
"1113","한양복권","서울 성동구 용답중앙길 78-1","11","37.5628","127.0539"
"1113","하이오 구서점","부산 금정구 금정로233번길 39 하이오 커피샵","21","35.2464","129.0909"
"1113","로또복권","대구 북구 대현로 63 (대현동)1층","22","35.88498","128.60497"
"1113","복권전문점","인천 부평구 원적로 437","23","37.50383","126.7151"
"1113","진 복권판매점","대전 서구 계백로1286번길 32","25","36.306534","127.36618"
"1113","진플러스","대전 중구 대종로 301-1","25","36.3128","127.43504"
"1113","지니복권","경기 안산시 단원구 광덕1로 61 106호","31","37.30877","126.81618"
"1113","신바람","경기 평택시 서해로 1979 101호","31","37.0625","126.918335"
"1113","오창중앙복권","충북 청주시 청원구 중심상업로 47 103호","33","36.715076","127.42894"
"1113","에코시티복권판매점","전북 전주시 덕진구 세병로 8","35","35.8721","127.12022"
"1114","행운복권방","서울 도봉구 노해로63길 79 우림빌딩106 112호","11","37.65308","127.0463"
"1114","행운복권방","서울 중랑구 봉우재로 41 1층","11","37.590794","127.07784"
"1114","돈벼락","부산 사하구 장평로  134 1층","21","35.07796","128.973"
"1114","로또판매점","대구 동구 해동로 16","22","35.89678","128.63773"
"1114","새희망복권","인천 부평구 길주로 497 청천동 1층","23","37.50774","126.7175"
"1114","금돼지로또방","울산 동구 문재로 53","26","35.485783","129.4203"
"1114","주엽역 로또판매점","경기 고양시 일산서구 중앙로 1437 화성프라자 도로","31","37.670036","126.76048"
"1114","복권방","경기 의정부시 추동로 3","31","37.742752","127.056435"
"1114","미라클로또","경기 화성시 행정죽전로1길 29 102호","31","37.12575","126.92127"
"1114","D-마트 담배","강원 속초시 조양상가길 25 롯데마트속초점, 1층 복권판매점","32","38.190304","128.57982"
"1114","알리바이금당점","전남 순천시 대석길 44","36","34.945633","127.526306"
"1114","알리바이금당점","전남 순천시 대석길 44","36","34.945633","127.526306"
"1114","알리바이금당점","전남 순천시 대석길 44","36","34.945633","127.526306"
"1114","알리바이금당점","전남 순천시 대석길 44","36","34.945633","127.526306"
"1114","알리바이금당점","전남 순천시 대석길 44","36","34.945633","127.526306"
"1114","노다지복권방거창점","경남 거창군 중앙로 108-1","38","35.68605","127.91028"
"1114","지에스(GS25)뉴양산혜인점","경남 양산시 웅상대로 955 GS편의점","38","35.384914","129.15508"
"1115","74호종합가판","서울 종로구 청계천로 111 가판","11","37.568413","126.98985"
"1115","도시복권","대구 달서구 조암로 62 1층 103호","22","35.823807","128.52347"
"1115","대박천하마트","인천 부평구 굴포로 48","23","37.51157","126.72634"
"1115","럭키로또카페","경기 광주시 회안대로 13 매산제일교회 건물 1층","24","37.356575","127.24592"
"1115","로또 복권방","경기 양주시 칠봉산로 195-7 102호(봉양동)","31","37.851795","127.07751"
"1115","복돼지복권방","경기 화성시 3.1만세로 43","31","37.08277","126.81872"
"1115","주택복권방","강원 원주시 우산초교길 29 1층","32","37.36735","127.937904"
"1115","북부상회","전남 광양시 인덕로 1082","36","34.979324","127.58303"
"1115","에이스로또","전남 여수시 여서로 154 참마트내","36","34.74815","127.69863"
"1115","불국사명당복권","경북 경주시 산업로 3033","37","35.7765","129.29813"
"1115","돈벼락맞는곳 로또점","경남 김해시 선천로 117 복권판매점","38","35.234467","128.84518"
"1115","제주 일번가","제주 제주시 하귀로23길 1","39","33.480183","126.40282"
"1116","헬스프라자","서울 관악구 관악로 184 1층","11","37.48153","126.95316"
"1116","삼육구","부산 사하구 낙동대로 236 내제조표17445호","21","35.09972","128.99113"
"1116","목인","경기 고양시 일산동구 장항로 127 B동","31","37.635","126.78235"
"1116","(I.A) 로또마트","경기 안산시 단원구 신길로 9-4","31","37.33149","126.78637"
"1116","(I.A) 로또마트","경기 안산시 단원구 신길로 9-4","31","37.33149","126.78637"
"1116","행운이가득한집","경기 안산시 상록구 건건로 28 동호상가B-14호","31","37.303696","126.90144"
"1116","행운로또복권방","경기 안양시 동안구 관악대로 348","31","37.403564","126.96163"
"1116","아랑 로또","경기 양평군 다문북길 69 1층","31","37.486313","127.59115"
"1116","Letsgo복권방(동산점)","전북 전주시 덕진구 쪽구름로 57-1","35","35.8706","127.07655"
"1116","중앙로또","경북 칠곡군 북삼로 41 복권판매점","37","36.071457","128.34279"
"1117","인터넷 복권판매사이트","동행복권(dhlottery.co.kr)","","37.482063","127.015785"
"1117","마카로또","서울 서초구 서초대로 279 1층","11","37.49346","127.01218"
"1117","하늘복권방","부산 해운대구 해운대로 814 A동 137호(좌동, 세종월드프라자)","21","35.16958","129.17767"
"1117","명품복권","대전 서구 도안동로 9 리더스프라자비106호","25","36.30595","127.35263"
"1117","현대25시편의점","경기 고양시 덕양구 지도로 75 101호","31","37.62388","126.8241"
"1117","세븐일레븐 홍익점","경기 안성시 종합운동장로 161","31","37.012398","12.238893"
"1117","희망복권","경기 평택시 평택1로20번길 39 1층 복권방","31","36.99426","127.08929"
"1117","로또복권방","전남 광양시 백운1로 159 CU편의점내","36","34.943203","127.758156"
"1117","다온공인중개사사무소","경북 김천시 송설로 54 1층(다온공인중개사사무소)","37","36.123768","128.0903"
"1118","행운복권","서울 강북구 솔샘로 212 1층","11","37.619926","127.01622"
"1118","종합가판점","서울 구로구 가마산로 245 구로구청 앞 버스정류장 앞 가로매점","11","37.49528","126.88763"
"1118","서울구가-17가판","서울 구로구 구로동로 130-2 구로4동우체국앞가판","11","37.490326","126.88439"
"1118","빅세일복권방","부산 부산진구 서면문화로 6","21","35.158302","129.05809"
"1118","셀프카메라","부산 부산진구 가야대로443번길 30","21","35.154446","129.02167"
"1118","운수대통","인천 부평구 동암광장로 6 1층 A호","23","37.470837","126.70217"
"1118","당하제일로또","인천 서구 원당대로 676 104호","23","37.593258","126.67641"
"1118","대박천하","인천 연수구 새말로 37 103호","23","37.42203","126.67539"
"1118","우리동네마트(무한유통)","광주 광산구 장신로 68 101호","24","35.190487","126.81769"
"1118","대운","경기 김포시 대명항로 209","31","37.653645","126.595695"
"1118","예스복권방","경기 남양주시 별내중앙로 56 메인프라자 1층 105호","31","37.647552","127.12371"
"1118","오예로또","경기 안성시 주래본죽로 32","31","37.093605","127.477905"
"1118","명당로또","경기 이천시 청백리로84번길 23 104호","31","37.303444","127.47239"
"1118","복권백화점","경기 파주시 평화로 70","31","37.763588","126.76989"
"1118","노다지복권방서정지점","경기 평택시 서정역로 23","31","37.0562","127.05544"
"1118","대박마트복권방","충남 아산시 음봉로 844 태화상가1층103호","34","36.826508","127.09927"
"1118","울릉로또","경북 울릉군 봉래2길 32-14 1층 울릉로또&커피","37","37.497395","130.90799"
"1118","복권방","제주 서귀포시 상모로 326","39","33.222324","126.25469"
"1118","제주대림점","제주 제주시 과원북2길 48","39","33.478714","126.487656"
"1119","롯데무역","부산 영도구 꿈나무길 197 1층 복권방","21","35.087284","129.04375"
"1119","천하명당복권","대구 북구 칠곡중앙대로 545","22","35.94432","128.55064"
"1119","탑로또","인천 남동구 서창남로 81 1층 105호","23","37.426414","126.748024"
"1119","대박스타","인천 미추홀구 경인로 348 1층","23","37.458347","126.678635"
"1119","청라복권방","인천 서구 중봉대로 587 B1층 X9, YB호","23","37.53246","126.64879"
"1119","로또100","인천 서구 청라커낼로 264 1층 101-A호(청라동, 청라두손중앙프라자)","23","37.5323","126.644775"
"1119","프렌드24시","광주 광산구 첨단중앙로 164 빌리오네2  제1층 106호","24","35.219975","126.84232"
"1119","보람복권방","울산 남구 화합로194번길 18-1 1층","26","35.541855","129.34157"
"1119","찐대박복권방","경기 부천시 삼작로 110","31","37.520004","126.77328"
"1119","효도복권","경기 수원시 권선구 세권로 215 1층 1호(권선동, Home Town)","31","37.25492","127.02784"
"1119","주택복권방","경기 안양시 동안구 흥안대로145번길 77 77","31","37.374123","126.95816"
"1119","희망로또","경기 양주시 고암길 142","31","37.832382","127.073975"
"1119","중고폰브라더스(로또토토)","경기 양주시 고읍남로191번길 84","31","37.791546","127.079765"
"1119","올인(allin)","경기 화성시 3.1만세로 1147","31","37.135284","126.910614"
"1119","콕콕로또명당옥천점","충북 옥천군 서대구일로 265-19 옥천하휴게소","33","36.29677","127.59518"
"1119","로또명당 수곡점","충북 청주시 서원구 구룡산로 341","33","36.61853","127.482315"
"1119","봉황로또","전북 임실군 운수로 6","35","35.616184","127.28901"
"1119","남평로또점","전남 나주시 남평1로 12 파평회관 1층","36","35.046345","126.8391"
"1119","옥좌로또점","경북 경주시 내외로 10 좌측4번째상가","37","35.727047","129.32066"
"1120","다올 복권방","서울 중랑구 면목로 423","11","37.589817","127.087"
"1120","현정이네","부산 서구 보수대로 184","21","35.111874","129.02184"
"1120","GS25대구구암센터점","대구 북구 팔거천동로4길 45 1층","22","35.92743","128.55586"
"1120","베스토아(용전2호)","대전 동구 동서대로 1689 복합터미널서관1층59호","25","36.35038","127.43664"
"1120","패밀리복권방","경기 남양주시 늘을1로16번길 29 늘봄타워 107호","31","37.654083","127.243324"
"1120","유방매표소","경기 용인시 처인구 백옥대로 1388","31","37.25881","127.21292"
"1120","금강로또","충북 옥천군 금강로 596 금강휴게소","33","36.279102","127.67148"
"1120","세븐마트","충북 청주시 흥덕구 2순환로 1106","33","36.63572","127.42144"
"1120","이마트24 천안성환명당점","충남 천안시 서북구 천안대로 1746 아마트24","34","36.89453","127.13659"
"1120","흥건슈퍼","전북 전주시 완산구 거마평로 25 흥건슈퍼","35","35.794403","127.11578"
"1120","가족복권방","경남 창원시 진해구 용원동로 255 1층","38","35.095737","128.8197"
"1121","차오르다","서울 강서구 강서로54길 11 가동1층","11","37.559307","126.83932"
"1121","스파","서울 노원구 동일로 1493 주공10단지종합상가111","11","37.66166","127.05787"
"1121","인터넷 복권판매사이트","동행복권(dhlottery.co.kr)","","37.482063","127.015785"
"1121","프로토베팅샵","부산 중구 국제시장2길 5 4호","21","35.099678","129.0284"
"1121","대복","인천 남동구 남동대로239번길 68 116호","23","37.408127","126.69581"
"1121","좋은열매복권방","광주 북구 비엔날레로 68 105호(용봉동)","24","35.178017","126.88973"
"1121","다다복권","세종   충현로 52 A동 9호","29","36.653557","127.267136"
"1121","담경","경기 성남시 중원구 은이로 12","31","37.45734","127.1653"
"1121","복권판매점(행운명당)","경기 시흥시 수인로3312번길 16 제티동 T140호","31","37.441856","126.78943"
"1121","노다지복권방","경기 용인시 처인구 금령로 130","31","37.23509","127.2105"
"1121","로또카페","경기 평택시 관광특구로 13 1층102호","31","37.06724","127.06053"
"1122","경아로또 판매점","서울 동작구 사당로16길 40 1층","11","37.481922","126.972496"
"1122","가로판매점","서울 서대문구 신촌로 103 신촌역 3번,4번출구 중앙","11","37.55556","126.937164"
"1122","행운복권방","대구 북구 학정동로 47","22","35.94807","128.56721"
"1122","대박천하마트","인천 부평구 굴포로 48","23","37.51157","126.72634"
"1122","황금복권방","인천 연수구 컨벤시아대로 81 송도동 드림시티 113-2호","23","37.394943","126.65016"
"1122","행운복권(옥산점)","경기 안성시 중앙로 152","31","37.004547","127.269135"
"1122","대박복권방","경기 연천군 온골로 57-1","31","38.02602","127.06766"
"1122","럭키복권점","강원 강릉시 강릉대로 305","32","37.76388","128.90155"
"1122","일송 로또","강원 강릉시 하평3길 37 광옥당(일송상가 102호)","32","37.771717","128.91473"
"1122","빙그레 돈벼락 맞는곳","경남 김해시 김해대로 910 좌측 복권판매점","38","35.293262","128.78296"
"1122","복권파는집","경남 창원시 마산회원구 3·15대로 765","38","35.240227","128.58365"
"1123","교통카드충전소","서울 강동구 양재대로 1317","11","37.524006","127.13426"
"1123","명당복권방","서울 강동구 양재대로124길 57 103호","11","37.542553","127.14518"
"1123","인터넷 복권판매사이트","동행복권(dhlottery.co.kr)","","37.482063","127.015785"
"1123","가판14호","서울 중구 퇴계로 37","11","37.557816","126.97671"
"1123","서원복권방","부산 강서구 공항로811번길 9","21","35.17945","128.9573"
"1123","행운복권방","부산 동래구 온천장로 99","21","35.219944","129.08359"
"1123","천하명당복권","대구 북구 동북로 152","22","35.899677","128.60947"
"1123","차부상회","경기 김포시 조강로 50","31","37.690342","126.60031"
"1123","천하명당복권방 곡반한솔점","경기 수원시 권선구 곡반정로65번길 37 102호","31","37.23504","127.026726"
"1123","주택복권방","강원 원주시 우산초교길 29 1층","32","37.36735","127.937904"
"1123","평창로또","강원 평창군 평창중앙로 42","32","37.36792","128.3956"
"1123","로또복권","충북 청주시 상당구 중고개로 344 103호","33","36.630768","127.50273"
"1123","돈나무 복권","전북 군산시 공단대로 609","35","35.97376","126.67834"
"1123","홈런복권방","경북 영덕군 남석길 57","37","36.409187","129.3682"
"1123","로또행운마트","경남 김해시 능동로 177 복권판매점","38","35.203793","128.81001"
"1123","캠퍼트리 스토어","제주 제주시 해안마을서4길 100","39","33.45168","126.44838"
"1124","강원슈퍼","서울 서대문구 모래내로 355","11","37.581635","126.93554"
"1124","인터넷 복권판매사이트","동행복권(dhlottery.co.kr)","","37.482063","127.015785"
"1124","로또 명당","인천 남동구 구월남로 271 102호","23","37.452297","126.71988"
"1124","현대사","경기 성남시 분당구 미금일로 77 102호","31","37.3456","127.111084"
"1124","인생역전로또방","경기 성남시 분당구 느티로87번길 6 1층 103호(정자동)","31","37.36913","127.11442"
"1124","도깨비복권","경기 수원시 장안구 정조로933번길 12 1층(영화동)","31","37.29066","127.011826"
"1124","대한통신","경기 의정부시 청사로 49 105호","31","37.75265","127.069405"
"1124","철암로또점","강원 태백시 장성로 37","32","37.101753","129.00992"
"1124","복권명당","충북 청주시 상당구 월평로 204","33","36.60882","127.50627"
"1124","777천하명당","충남 서천군 충절로 54","34","36.074856","126.68902"
"1125","길로또복권","서울 강서구 등촌로 215","11","37.548992","126.86325"
"1125","클로버 복권판매점","서울 송파구 백제고분로50길 19 102호","11","37.513836","127.117065"
"1125","짱복권","서울 종로구 종로 269 삼신빌딩 1층","11","37.571327","127.0079"
"1125","짱복권","서울 종로구 종로 269 삼신빌딩 1층","11","37.571327","127.0079"
"1125","대박천하마트","인천 부평구 굴포로 48","23","37.51157","126.72634"
"1125","드림마트","인천 서구 검단로 490","23","37.60223","126.65863"
"1125","노다지복권방백운점","광주 남구 서문대로 827 봉선주월대라수어썸브릿지상가동107호","24","35.13197","126.90018"
"1125","금두꺼비복권방","경기 고양시 일산서구 강성로 263 재성빌딩1층","31","37.67674","126.74803"
"1125","우리로또","경기 의정부시 새말로 7 106호(신곡동,GM프라자)","31","37.74813","127.064705"
"1125","로또편의점","전북 전주시 덕진구 아중로 173","35","35.827095","127.1683"
"1125","복권명당","경북 경산시 경안로 214","37","35.82663","128.73682"
"1125","천하명당복권방","경남 거제시 옥포성안로 60","38","34.891693","128.69492"
"1126","행운나눔로또","부산 중구 구덕로34번길 4 가판집","21","35.09831","129.03232"
"1126","알파슈퍼","인천 계양구 안남로 467","23","37.524673","126.71043"
"1126","탑로또","인천 남동구 서창남로 81 1층 105호","23","37.426414","126.748024"
"1126","호매실복권방","경기 수원시 권선구 금곡로196번길 15 1층 106호","31","37.273045","126.95271"
"1126","오산명당복권방","경기 오산시 원동로37번길 33","31","37.14493","127.07053"
"1126","도계복권방","강원 삼척시 도계로 287-2","32","37.23491","129.04465"
"1126","예지몽 로또","강원 원주시 남원로 272 1층","32","37.312874","127.932365"
"1126","복권나라","강원 원주시 평원로 23 1층","32","37.348927","127.952644"
"1126","천금복권방","충북 청주시 상당구 쇠내로 150-1","33","36.620747","127.50797"
"1126","황금로또 양당점","충남 천안시 서북구 상덕로 185 106호","34","36.88308","127.12373"
"1126","씨유제주 제일점","제주 제주시 신산로 16 CU 제일점","39","33.511852","126.53152"
"1127","황금대박점","서울 노원구 공릉로 328","11","37.63598","127.07099"
"1127","천하명당복권방","서울 성북구 정릉로 268","11","37.603355","127.01292"
"1127","샛별복권방","서울 중구 동호로10길 12 1층","11","37.55443","127.01192"
"1127","경동플러스","부산 해운대구 세실로 30 경동G-PLUS아파트상가103","21","35.168427","129.17944"
"1127","한솔복권&마트","인천 미추홀구 경인로 384 1층 1호","23","37.45807","126.68257"
"1127","당하복권명당","인천 서구 서곶로 788","23","37.587936","126.67538"
"1127","천하제일복권명당유성점","대전 유성구 유성대로654번길 111","25","36.350956","127.33514"
"1127","대곶천국열쇠 로또명당","경기 김포시 율생로 80","31","37.650814","126.583115"
"1127","도담복권","경기 부천시 역곡로 451 1층","31","37.524967","126.81549"
"1127","그린마트","경기 성남시 분당구 대왕판교로 255 107호","31","37.366467","127.10083"
"1127","용꿈 행운 복권방","경기 안양시 동안구 경수대로 541 1층","31","37.406097","126.91303"
"1127","행운천하명당","충남 서천군 충절로 34","34","36.07537","126.68639"
"1128","소비자할인마트","서울 관악구 조원로10길 37","11","37.48196","126.905106"
"1128","복권판매점","서울 광진구 용마산로7길 17","11","37.559143","127.08668"
"1128","다모아","서울 구로구 공원로6나길 39-1","11","37.50447","126.891785"
"1128","태양복권","서울 금천구 시흥대로56길 21 1층","11","37.45269","126.90291"
"1128","위드미 외대이문점","서울 동대문구 외대역동로 106","11","37.597378","127.064926"
"1128","가로판매점","서울 영등포구 경인로 862","11","37.51688","126.90842"
"1128","대박드림","서울 종로구 숭인동길 35","11","37.576656","127.0218"
"1128","리더스","서울 중랑구 봉화산로 194 신아타운105","11","37.60642","127.0947"
"1128","복권나라","서울 중랑구 봉화산로 30","11","37.60141","127.07752"
"1128","일등복권방","부산 남구 고동골로 3","21","35.137333","129.07097"
"1128","아이스마켓","부산 남구 용호로42번길 37 복권판매점","21","35.12517","129.10974"
"1128","황금로또","부산 동구 중앙대로251번길 42-1","21","35.12021","129.03966"
"1128","행운복권방","부산 부산진구 동평로 115","21","35.16629","129.042"
"1128","행복복권 나드리마트","부산 사상구 사상로 477","21","35.18727","128.9873"
"1128","청솔서점","부산 사하구 하신번영로 195","21","35.098824","128.95897"
"1128","금두꺼비","부산 사하구 다송로 12 1층","21","37.066154","128.9809"
"1128","기술냉동","부산 서구 대영로 44-1 복권판매점","21","35.109425","129.0164"
"1128","승리복권판매점","부산 수영구 좌수영로101번길 52","21","35.173916","129.11716"
"1128","승리복권판매점","부산 수영구 좌수영로101번길 52","21","35.173916","129.11716"
"1128","플러스복권마트","부산 해운대구 해운대로 636","21","35.164116","129.16016"
"1128","메트로센터점","대구 중구 달구벌대로 지하 2100 메트로센터C412호","22","35.86582","128.59314"
"1128","운수대통","인천 남동구 석정로 479","23","37.46613","126.68891"
"1128","오천억복권방","광주 서구 상무대로 1087","24","35.15296","126.880745"
"1128","로또부동산(동천)","광주 서구 하남대로 704 1층","24","35.171505","126.869675"
"1128","오천억복권방","광주 서구 상무대로 1087","24","35.15296","126.880745"
"1128","행운복권방","경기 고양시 덕양구 꽃마을로 45 103호","31","37.6016","126.89162"
"1128","일등스팟","경기 광주시 새말길 77","24","37.36685","127.15966"
"1128","로또 복권","경기 구리시 경춘로162번길 31","31","37.599117","127.13328"
"1128","SPAR편의점","경기 부천시 부흥로 469-1","31","37.48588","126.79113"
"1128","대박 복권방","경기 부천시 고리울로51번길 43 105호","31","37.529114","126.82193"
"1128","1번지복권방","경기 성남시 중원구 희망로 448 1층일부 (금광동)","31","37.444973","127.15739"
"1128","단대대박복권방","경기 성남시 중원구 산성대로372번길 14","31","37.44478","127.15859"
"1128","자유복권편의점","경기 안산시 단원구 화랑로 358","31","37.32116","126.82766"
"1128","복돼지복권방","경기 용인시 기흥구 어정로 100 1층 110호(상하동, 조영프라자)","31","37.27437","127.14081"
"1128","대성기획","경기 용인시 기흥구 구성로 75-1","31","37.29493","127.1179"
"1128","로또휴게실","경기 용인시 기흥구 용구대로 1885","31","37.256386","127.10432"
"1128","복돼지복권방","경기 용인시 기흥구 어정로 100 1층 110호(상하동, 조영프라자)","31","37.27437","127.14081"
"1128","행운복권방","경기 의정부시 충의로 55","31","0","0"
"1128","태양복권방","경기 파주시 사임당로 138-1","31","37.86615","126.80652"
"1128","일동복권판매점","경기 포천시 화동로 1081 좌측 2번째 점포","31","0","0"
"1128","명성복권방","경기 화성시 경기대로 1043","31","37.208466","127.0343"
"1128","슈퍼맨편의점","강원 강릉시 경강로 2113 꽃사슴복권방","32","37.756042","128.89757"
"1128","진평양행","강원 강릉시 임영로 107","32","37.751263","128.89407"
"1128","나래종합상사","충북 괴산군 읍내로 273","33","36.80773","127.79363"
"1128","대풍로또","충북 청주시 상당구 청남로 2178-1","33","36.62622","127.4901"
"1128","로또복권방분평점","충북 청주시 서원구 월평로 78","33","0","0"
"1128","로또복권방","충남 아산시 모산로 124 PGA스크린골프연습장내","34","36.77425","127.056366"
"1128","행운복권방","충남 예산군 예산로 241","34","0","0"
"1128","행운로또마트","충남 천안시 서북구 성진로 729","34","0","0"
"1128","한아름매점","충남 홍성군 광천로 330","34","36.503197","126.62555"
"1128","영유통(로또복권)","전북 군산시 미룡로 45","35","35.944042","126.68995"
"1128","대박천국","전북 군산시 가도로 217","35","35.965725","126.56664"
"1128","썬","전북 전주시 덕진구 우아3길 18","35","35.84879","127.15499"
"1128","대박찬스","전북 정읍시 관통로 59","35","35.561882","126.85863"
"1128","미평디씨로또","전남 여수시 미평로 50 DC미평점","36","34.753704","127.73739"
"1128","미평디씨로또","전남 여수시 미평로 50 DC미평점","36","34.753704","127.73739"
"1128","도깨비방망이","전남 완도군 장보고대로 220 도깨비방망이","36","34.31606","126.7492"
"1128","행운복권","경북 구미시 야은로 763","37","36.123886","128.36266"
"1128","행운복권","경북 구미시 야은로 763","37","36.123886","128.36266"
"1128","삼영복권","경남 김해시 전하로 275 복권판매점","38","35.22813","128.87195"
"1128","삼성복권마트","경남 김해시 평전로 20 우리24시슈퍼 내 좌측 복권판매점","38","0","0"
"1128","목화휴게소","경남 사천시 사천대로 912","38","35.0018","128.05415"
"1128","복권판매점","경남 창원시 마산회원구 상곡로 49 상가동 109호","38","35.243225","128.49985"
"1129","복권명당","서울 광진구 영화사로 59 1층","11","37.538918","127.06602"
"1129","복권명당","서울 광진구 영화사로 59 1층","11","37.538918","127.06602"
"1129","로터리복권방","부산 서구 자갈치로 4","21","35.096195","129.02484"
"1129","코사마트금강점","대구 달서구 용산로 204 1층 코사마트","22","35.855705","128.53079"
"1129","일산탑복권","경기 고양시 일산서구 일산로 517 107호","31","37.67641","126.77"
"1129","행운복권","경기 군포시 대야1로 3 1동","31","37.32638","126.91891"
"1129","111호","경기 성남시 분당구 불정로376번길 37 1층 111호","31","37.371624","127.13944"
"1129","로또복권(D.C.T)","경기 용인시 처인구 백옥대로 1072 1층101-1호","31","37.23172","127.20979"
"1129","떴다GO 1등","경기 화성시 동탄반석로 172 1층 138호(동탄 파라곤점)","31","37.20413","127.07133"
"1129","알짜마트왕지점","전남 순천시 왕궁길 60 중흥파크상가 309-101호","36","34.956314","127.53233"
"1129","씨스페이스 경주세방매점","경북 경주시 산업로 4447 (용강동)","37","35.877205","129.22649"
"1130","대박로또복권","서울 동대문구 이문로 45 1층 가운데점포 신호등 앞쪽","11","37.59155","127.0567"
"1130","명신사","서울 마포구 월드컵로 97","11","37.55725","126.90864"
"1130","인터넷 복권판매사이트","동행복권(dhlottery.co.kr)","","37.482063","127.015785"
"1130","롯데무역","부산 영도구 꿈나무길 197 1층 복권방","21","35.087284","129.04375"
"1130","소래복권","인천 남동구 앵고개로934번길 5","23","37.401836","126.735115"
"1130","오천억복권방","광주 서구 상무대로 1087","24","35.15296","126.880745"
"1130","호매실 드림로또","경기 수원시 권선구 호매실로104번길 24-43 제1동 제1층 116호","31","37.257977","126.96257"
"1130","우리로또","경기 의정부시 새말로 7 106호(신곡동,GM프라자)","31","37.74813","127.064705"
"1130","토토세상","강원 원주시 조엄로 215 1층","32","37.360428","127.8604"
"1130","제일백금사","강원 춘천시 약사고개길 1 1층 금은방","32","37.877903","127.72501"
"1130","참사랑복권방","충남 천안시 서북구 백석3로 134 대건프라자 109호","34","36.822197","127.125015"
"1130","효당복권판매점","제주 제주시 노형로 355","39","33.482582","126.474304"
"1131","로또복권대치점","서울 강남구 개포로 615 석탑프라자1층","11","37.492683","127.07561"
"1131","운좋은날","서울 강동구 풍성로 187 102호","11","37.53","127.13284"
"1131","세계로생활가전","서울 동작구 보라매로 104 1층","11","37.49841","126.9283"
"1131","세계로생활가전","서울 동작구 보라매로 104 1층","11","37.49841","126.9283"
"1131","세계로생활가전","서울 동작구 보라매로 104 1층","11","37.49841","126.9283"
"1131","세계로생활가전","서울 동작구 보라매로 104 1층","11","37.49841","126.9283"
"1131","세계로생활가전","서울 동작구 보라매로 104 1층","11","37.49841","126.9283"
"1131","제일슈퍼","서울 서대문구 응암로 79","11","37.58027","126.911255"
"1131","인터넷 복권판매사이트","동행복권(dhlottery.co.kr)","","37.482063","127.015785"
"1131","인터넷 복권판매사이트","동행복권(dhlottery.co.kr)","","37.482063","127.015785"
"1131","행운충전소","서울 성북구 보문로29길 5 1층 일부","11","37.587643","127.01765"
"1131","산수로또","광주 동구 필문대로 194","24","35.15352","126.93115"
"1131","세븐일레븐 중동현대점","경기 부천시 석천로183번길 35 102호","31","37.503925","126.76111"
"1131","흥양마중물","강원 원주시 치악로 2335 1층","32","37.3837","127.97537"
"1131","봉평명당","강원 평창군 기풍로 145","32","37.615482","128.37805"
"1131","선경로또","충북 제천시 용두대로 59 1층","33","37.13622","128.19936"
"1131","복권나라","충북 청주시 상당구 상당로 9","33","36.629227","127.491035"
"1132","엔마트","서울 동대문구 장한로31길 10","11","37.575424","127.0713"
"1132","코사마트","서울 동작구 상도로 10-7","11","37.499718","126.92203"
"1132","인터넷 복권판매사이트","동행복권(dhlottery.co.kr)","","37.482063","127.015785"
"1132","금호동","광주 서구 화개1로 63 1층 107호","24","35.129517","126.85512"
"1132","제이마트","울산 울주군 방천7길 6","26","35.56611","129.11105"
"1132","일산복권","경기 고양시 일산서구 중앙로 1493 애비뉴상가1090호","31","37.67238","126.75469"
"1132","복권천국","경기 광명시 기아로 6","31","37.436337","126.880295"
"1132","소망상사","경기 남양주시 다산중앙로82번안길 115-4","31","37.61221","127.165184"
"1132","세븐일레븐 홍익점","경기 안성시 종합운동장로 161","31","37.012398","12.238893"
"1132","복권방","경기 의정부시 추동로 3","31","37.742752","127.056435"
"1132","운수대통복권방","충남 천안시 동남구 대흥로 122 중앙시장 입구","34","36.80049","127.14926"
"1133","종합가판점","서울 동대문구 왕산로40길 6 건물 앞쪽 가판점 청량리역 5번출구 앞쪽","11","37.579697","127.04497"
"1133","G마트","서울 영등포구 디지털로 387","11","37.491634","126.902115"
"1133","몽곡사","서울 영등포구 버드나루로 51 조광빌딩105호","11","37.523067","126.910576"
"1133","삼송행운복권점","경기 고양시 덕양구 삼송로 189-7 106호","31","37.65378","126.89479"
"1133","나눔로또한대점","경기 안산시 상록구 중보로 57 한양대프라자106호","31","37.30809","126.852844"
"1133","북부슈퍼","경기 의정부시 가능로125번길 22","31","37.74797","127.04477"
"1133","에이치엑스(HX)복권방","경기 이천시 경충대로 2106 106호 복권방","31","37.291096","127.44803"
"1133","백억만로또","강원 춘천시 퇴계로 15 7B-3L","32","37.866093","127.72451"
"1133","해수로또","충북 청주시 상당구 산성로 22-1","33","36.62615","127.49938"
"1133","로또스튜디오","충북 청주시 청원구 사뜸로 48-1 1층","33","36.666542","127.48148"
"1133","강경복권방","충남 논산시 계백로 126-1","34","36.15601","127.014854"
"1133","신천하명당","충남 예산군 발연로 1 이마트 24 내","34","36.698784","126.8296"
"1133","복권명당울진점","경북 울진군 울진중앙로 79","37","36.989258","129.39883"
"1134","복권마을","서울 구로구 구로동로 72","11","37.485348","126.88605"
"1134","정안 복권방","서울 노원구 동일로 1308 정안프라자 102호 일부","11","37.645973","127.06416"
"1134","인터넷 복권판매사이트","동행복권(dhlottery.co.kr)","","37.482063","127.015785"
"1134","인터넷 복권판매사이트","동행복권(dhlottery.co.kr)","","37.482063","127.015785"
"1134","가든파이브 복권","서울 송파구 충민로 52 가든파이브웍스 제지1층 제비에프10777-2호","11","37.47772","127.12275"
"1134","금사랑","서울 양천구 월정로 38","11","37.523212","126.84258"
"1134","행운복권방","서울 은평구 서오릉로 10","11","37.602295","126.92678"
"1134","로또생삼겹","인천 남동구 논고개로 77","23","37.39841","126.726234"
"1134","정가네 가람기정떡","인천 남동구 에코중앙로156번길 5-27 1층","23","37.387196","126.71797"
"1134","복권판매점","광주 광산구 단전4길 10 상가 가동 107호","24","35.1804","126.79934"
"1134","행운","광주 광산구 신창로 56 1층 부동산114","24","35.19018","126.83733"
"1134","버스매표소","경기 부천시 부천로 151","31","37.49774","126.78533"
"1134","한빛3단지 천지인","경기 파주시 와석순환로 66 103호","31","37.71032","126.75176"
"1134","아포로또중앙점","경북 김천시 국사길 202","37","36.16078","128.25969"
"1135","로또판매점","서울 영등포구 시흥대로 671 1층 8호(대림동)","11","37.519188","126.93084"
"1135","1등다수복권마트","대구 북구 팔달로27길 81 1층","22","35.89221","128.56813"
"1135","챕터원커피(부평남부역점)","인천 부평구 남부역로20번길 24 1층(부평동)","23","37.488934","126.72283"
"1135","평동로또복권 1호점","광주 광산구 송촌길 1 이마트24","24","35.13861","126.77342"
"1135","베스토아(용전2호)","대전 동구 동서대로 1689 복합터미널서관1층59호","25","36.35038","127.43664"
"1135","대성기획","경기 용인시 기흥구 구성로 75-1","31","37.29493","127.1179"
"1135","좋은터","경기 의정부시 동일로454번길 19 1층(신곡동)","31","37.728825","127.06055"
"1135","일등복권","경북 칠곡군 금암중앙길 42","37","35.982574","128.55367"
"1135","로또복권 포항IC점","경북 포항시 북구 새마을로 340 세븐일레븐 옆","37","36.045876","129.32777"
"1136","새시대복권방","서울 금천구 탑골로 6-1","11","37.450966","126.91035"
"1136","오케이상사","서울 서초구 신반포로 176 센트럴시티내100호매점","11","37.504353","127.00359"
"1136","현대슈퍼","서울 중랑구 봉우재로 203-1","11","37.5948","127.095276"
"1136","돈벼락맞는곳","부산 동구 조방로49번길 18-1","21","35.139168","129.05995"
"1136","행운복권방","인천 부평구 경인로 745 102호","23","37.484352","126.710754"
"1136","호반할인마트","광주 광산구 도산로9번길 40","24","35.127934","126.790115"
"1136","차밍플라워 로또","광주 광산구 풍영로 41 동구빌딩1층","24","35.175617","126.811584"
"1136","히든로또","대전 대덕구 대화로 119 1층","25","36.36594","127.406845"
"1136","교통카드충전소","경기 고양시 덕양구 화정로 지하 60 화정역 2번출구","31","37.634552","126.83321"
"1136","성강동인","경기 하남시 신장로 212 1층 2호","31","37.543922","127.19827"
"1136","기원점","경남 창녕군 동포로 9","38","35.390175","128.48163"
"1136","공단로또점","경남 함안군 삼칠로 831 슈퍼 옆 1층","38","35.360252","128.48526"
"1137","옥수역복권방","서울 성동구 한림말길 49","11","37.54156","127.016594"
"1137","대왕로또","부산 영도구 남항로 35","21","35.088993","129.04027"
"1137","훼미리마트영도모닝점","부산 영도구 태종로100번길 3","21","35.091187","129.04182"
"1137","소래복권","인천 남동구 앵고개로934번길 5","23","37.401836","126.735115"
"1137","노다지천국","인천 미추홀구 인주대로 185 1층1호","23","37.455578","126.65764"
"1137","굿샷","경기 고양시 일산동구 위시티로 49 104호","31","37.67672","126.809845"
"1137","대박","경기 구리시 안골로103번길 46","31","37.599422","127.14154"
"1137","패밀리복권방","경기 남양주시 늘을1로16번길 29 늘봄타워 107호","31","37.654083","127.243324"
"1137","퍼스트","경기 성남시 수정구 산성대로 523 1층","31","37.457905","127.163635"
"1137","성원 복권방","강원 인제군 원통로 169","32","38.12235","128.20317"
"1137","로또명당금왕점","충북 음성군 탑골길 55 세븐일레븐 금왕점","33","36.990955","127.58632"
"1137","로또명당해미점","충남 서산시 남문2로 108","34","36.71344","126.54419"
"1137","대산슈퍼","충남 천안시 동남구 복구정3길 1","34","36.76989","127.250206"
"1137","복권명당","경북 경산시 경안로 214","37","35.82663","128.73682"
"1138","태릉시장복권방","서울 중랑구 중랑역로 47","11","37.598118","127.07667"
"1138","신흥엑스포쇼핑","인천 서구 가석로156번길 20","23","37.49705","126.67706"
"1138","1등 복권방","대전 중구 대종로 49","25","36.297623","127.455284"
"1138","황금도깨비","세종   한누리대로 321 103호","29","36.49301","127.25578"
"1138","광민 노다지 복권방","경기 광명시 하안로287번길 9 제1층 7호(하안동, 대하빌딩)","31","37.460873","126.87975"
"1138","복권만당","경기 군포시 군포로 489-2","31","37.350185","126.944145"
"1138","행운","경기 남양주시 비룡로 793","31","37.70848","127.32261"
"1138","민복권","경기 동두천시 지행로 96-14 1층(지행동)","31","37.8923","127.05871"
"1138","좋은날","경기 부천시 역곡로490번길 27 101호","31","37.52829","126.81764"
"1138","용인로또복권방","경기 용인시 처인구 백옥대로 2076-1","31","37.31023","127.24057"
"1138","중앙로또","강원 양구군 장터길 27 1층 중앙청과","32","38.103436","127.989944"
"1138","그린로또","강원 양양군 양양로 71","32","38.07482","128.62141"
"1138","행운로또","강원 춘천시 금강로 81 신한은행강원영업부지점앞 가판","32","37.87633","127.73171"
"1138","알리바이(나주점)","전남 나주시 나주로 142 알리바이","36","35.031338","126.71719"
"1139","장안평역 3번출구 가판대","서울 동대문구 장한로 6-1 장한평역 3번출구 앞 가판대","11","37.561966","127.06511"
"1139","그랜드마트앞가판점","서울 마포구 신촌로 94","11","37.554924","126.93597"
"1139","인터넷 복권판매사이트","동행복권(dhlottery.co.kr)","","37.482063","127.015785"
"1139","호야식품","서울 양천구 중앙로 234","11","37.51745","126.85433"
"1139","복남이로또방","부산 남구 유엔평화로 14","21","35.13396","129.0918"
"1139","부일카서비스","부산 동구 자성로133번길 35","21","35.140015","129.06306"
"1139","금두꺼비복권방","경기 고양시 일산서구 강성로 263 재성빌딩1층","31","37.67674","126.74803"
"1139","일등복권","경기 양주시 송랑로 223","31","37.804436","127.08527"
"1139","스피드세븐","경기 화성시 한절이길 15 101호","31","37.11733","126.91574"
"1139","흥양마중물","강원 원주시 치악로 2335 1층","32","37.3837","127.97537"
"1139","태안로또복권방","충남 태안군 독샘로 57","34","36.75318","126.29935"
"1139","알리바이(나주점)","전남 나주시 나주로 142 알리바이","36","35.031338","126.71719"
"1139","스포츠복권방","경남 양산시 황산로 675","38","35.330875","129.0067"
"1140","신사우리가판","서울 강남구 강남대로 620","11","37.51676","127.02005"
"1140","복권천국(수성점)","대구 수성구 수성로 263","22","35.849064","128.61285"
"1140","나눔로또 판교역점","경기 성남시 분당구 대왕판교로606번길 39 107호","31","37.396473","127.11148"
"1140","설레임 복권","경기 수원시 영통구 삼성로168번길 21 1층","31","37.258358","127.057785"
"1140","대박로또판매점","경기 안산시 단원구 석수로 55 102호","31","37.341465","126.80755"
"1140","복주머니 복권판매점","경기 용인시 기흥구 동백5로 21-5","31","37.27683","127.15208"
"1140","주몽동명","경기 용인시 수지구 포은대로 319 중앙빌딩 104호","31","37.315742","127.08753"
"1140","로또판매 행운점","충북 청주시 청원구 충청대로 97","33","36.665314","127.49296"
"1140","썬마트","충북 청주시 흥덕구 진재로23번길 25","33","36.632607","127.42811"
"1140","천하명당복권방","충남 홍성군 조양로 180","34","36.60072","126.66951"
"1140","대광복권방","전남 화순군 칠충로 55 대광그린상가동 1층109호","36","35.05548","126.97712"
"1140","팔팔복권","경북 김천시 시청로 81 (신음동)좌측상가","37","36.135597","128.11705"
"1141","럭키라쿤복권상암점","서울 마포구 월드컵북로44길 49 1층 좌측(상암동)","11","37.576805","126.89473"
"1141","인터넷 복권판매사이트","동행복권(dhlottery.co.kr)","","37.482063","127.015785"
"1141","인터넷 복권판매사이트","동행복권(dhlottery.co.kr)","","37.482063","127.015785"
"1141","프로토베팅샵","부산 중구 국제시장2길 5 4호","21","35.099678","129.0284"
"1141","드림복권방","경기 의정부시 청사로5번길 26","31","37.748814","127.06965"
"1141","이제이","경기 화성시 동탄산척로2나길 4-12 102호","31","37.17465","127.11433"
"1141","동해복권방","강원 강릉시 하평길 40","32","37.770157","128.91298"
"1141","황금알복권","전남 광양시 광포로 39 1층 (광영동)","36","34.962803","127.72284"
"1141","평화슈퍼","경북 경주시 안강중앙로 219 1층좌측상가","37","35.99247","129.22406"
"1141","평화슈퍼","경북 경주시 안강중앙로 219 1층좌측상가","37","35.99247","129.22406"
"1141","일화로또","경북 영양군 중앙로 124","37","36.664295","129.11386"
"1142","복권나라","서울 관악구 은천로 40-1","11","37.48599","126.93982"
"1142","부일카서비스","부산 동구 자성로133번길 35","21","35.140015","129.06306"
"1142","세러데이 845","광주 광산구 첨단중앙로182번길 90 상가동 1층 129호(첨단대라수어썸시티)","24","35.221333","126.85135"
"1142","로또명당반곡점","세종   한누리대로 1821 수루배마을5단지 상가 114호","29","36.49743","127.312386"
"1142","이마트24 일산덕이점","경기 고양시 일산서구 미래로 164","31","37.69311","126.74687"
"1142","행운로또","경기 김포시 약암로 911","31","37.635002","126.55378"
"1142","예스복권방","경기 남양주시 별내중앙로 56 메인프라자 1층 105호","31","37.647552","127.12371"
"1142","대길복권","경기 수원시 장안구 서부로 2129-1 1층 (율전동)","31","37.298744","126.971306"
"1142","25시슈퍼","경기 시흥시 함송로14번길 13-17 홍익프라자1층107호","31","37.362453","126.72994"
"1143","인터넷 복권판매사이트","동행복권(dhlottery.co.kr)","","37.482063","127.015785"
"1143","가로판매점","서울 용산구 원효로 166","11","37.53501","126.961555"
"1143","제이복권방","서울 종로구 종로 225-1 평창빌딩 1층 103호","11","37.571293","127.00283"
"1143","전원레코드","부산 북구 효열로 226","21","35.263943","129.01996"
"1143","홀인원복권","대구 수성구 범어로 91-1 1층,좌측상가(범어동)","22","35.85768","128.63564"
"1143","천하명당복권방","대전 대덕구 계족로 563","25","36.361885","127.43114"
"1143","한꿈복권방","울산 중구 번영로 586","26","35.568794","129.34589"
"1143","우(旴)마트","경기 구리시 안골로 80","31","37.59725","127.13999"
"1143","로또1등판매점","경기 화성시 초록로 20-3 101호","31","37.077232","126.970535"
"1143","꿈꾸는돼지","경기 화성시 동탄지성로 104 109호","31","37.20833","127.06421"
"1143","주택복권방","강원 원주시 우산초교길 29 1층","32","37.36735","127.937904"
"1144","하이로또","서울 금천구 금하로 686","11","37.451874","126.906334"
"1144","토큰판매소","서울 송파구 바람드리길 62","11","37.536663","127.12238"
"1144","부일카서비스","부산 동구 자성로133번길 35","21","35.140015","129.06306"
"1144","노다지복권방","부산 북구 덕천로 287","21","35.20986","129.03535"
"1144","영화유통(1등복권방)","울산 남구 신정로 19 삼성아파트 상가 204-101","26","35.533833","129.32205"
"1144","일등복권방","울산 중구 북부순환도로 879","26","35.580967","129.34612"
"1144","광명로또명당","경기 광명시 양지로 19 B동 1층 145호 (유플레닛 어반브릭스)","31","37.419018","126.88262"
"1144","대운","경기 김포시 대명항로 209","31","37.653645","126.595695"
"1144","패밀리복권방","경기 남양주시 늘을1로16번길 29 늘봄타워 107호","31","37.654083","127.243324"
"1144","한양복권방","경기 남양주시 진벌로 85","31","37.744137","127.21484"
"1144","송추장흥로또","경기 양주시 호국로 511","31","37.716553","126.97139"
"1144","경서로또","경기 양평군 경강로 1039 1층","31","37.51213","127.401665"
"1144","행복로또판매점","경기 의정부시 오목로 219 106호","31","37.745884","127.09935"
"1144","동남운천복권","충북 청주시 상당구 중고개로125번길 17","33","36.61543","127.51741"
"1144","여기있었네복권방","전북 김제시 남북로 171","35","35.79936","126.88456"
"1144","토마토 남악복권방","전남 무안군 남악4로82번길 44 1층","36","34.811867","126.47037"
"1144","행복충전","경북 포항시 북구 삼흥로 441 3호","37","36.097492","129.37115"
"1144","지에스(GS25)뉴양산혜인점","경남 양산시 웅상대로 955 GS편의점","38","35.384914","129.15508"
"1145","비프광장","부산 중구 중구로5번길 14 1층 105호(남포동6가,더베이먼트)","21","35.09815","129.02661"
"1145","하나복권","인천 남동구 구월로 281 세븐일레븐편의점내","23","37.455925","126.72196"
"1145","CU세종가락마을8단지점","세종   만남로 92 상가동 101호 CU편의점","29","36.50707","127.24025"
"1145","바로전산","경기 광명시 오리로 1000 (광명동)","31","37.480213","126.85236"
"1145","아름다운슈퍼","경기 시흥시 도일로 123","31","37.341576","126.78373"
"1145","로또명당인주점","충남 아산시 서해로 519-2","34","36.87784","126.89828"
"1145","이마트24녹동점1등복권방","전남 고흥군 녹동남촌1길 13 이마트24녹동점옆","36","34.525757","127.14047"
"1145","이마트24 순천산단점","전남 순천시 산단1길 6","36","34.987934","127.50839"
"1145","복권판매점","경북 경산시 하양로 65","37","35.911167","128.81583"
"1146","로또 천왕점","서울 구로구 오리로 1097-7 (천왕동)","11","37.48274","126.84239"
"1146","스파","서울 노원구 동일로 1493 주공10단지종합상가111","11","37.66166","127.05787"
"1146","민영슈퍼","서울 서대문구 응암로 104","11","37.581757","126.91303"
"1146","새상무복권","광주 서구 치평로 30 수암빌딩 1층 102호","24","35.149944","126.84769"
"1146","안성휴게소 복권판매점(부산방향)","경기 안성시 경부고속도로 365 안성휴게소 하행선 내","31","37.013092","127.145065"
"1146","비엠복권","충북 청주시 흥덕구 대신로 108","33","36.642586","127.43548"
"1146","행운복권방","충남 천안시 서북구 불당대로 269 1층 121호","34","36.800297","127.12592"
"1146","명품복권방","전남 목포시 섶나루길 122 상가 1,2,3호","36","34.81054","126.41894"
"1146","영광믿음복권","전남 영광군 신남로 169 1층 101호","36","35.276104","126.50059"
"1146","씨유 (CU) 거창대동점","경남 거창군 거창대로 93","38","35.689865","127.91475"
"1146","북마산복권전문점","경남 창원시 마산합포구 북성로 98","38","35.215973","128.5708"
"1147","가로판매점","서울 관악구 과천대로 955","11","37.47595","126.98115"
"1147","크로바쎄븐","서울 송파구 법원로11길 7 1층 128호","11","37.485355","127.119225"
"1147","부일카서비스","부산 동구 자성로133번길 35","21","35.140015","129.06306"
"1147","대동슈퍼","인천 남동구 만수로 81","23","37.46275","126.73616"
"1147","현대설비 / 영종하늘 로또","인천 중구 하늘달빛로 70 114호","23","37.485825","126.55953"
"1147","오천억복권방","광주 서구 상무대로 1087","24","35.15296","126.880745"
"1147","도일복권방","경기 시흥시 도일로 111","31","37.3404","126.783646"
"1147","도고로또판매점","충남 아산시 온천대로 170 이마트24시편의점","34","36.747288","126.87345"
"1148","삼원미니슈퍼","서울 동작구 상도로 93 1층","11","37.50012","126.930786"
"1148","짱복권","서울 종로구 종로 269 삼신빌딩 1층","11","37.571327","127.0079"
"1148","대박나라 돼지공주","경기 고양시 일산동구 고풍로 196 1층 103호","31","37.675457","126.796196"
"1148","진우행운복권방","경기 광주시 도척로 327 1층","24","37.323624","127.336555"
"1148","행복한사람들 (흥부네)","경기 광주시 경충대로 763","24","37.355545","127.325386"
"1148","천하명당","경기 화성시 남양시장로 83","31","37.209915","126.81828"
"1148","일등복권방","충북 청주시 서원구 매봉로 26-1 분평계룡리슈빌아파트 단지내 상가동 102호","33","36.6126","127.478294"
"1148","대박로또","충남 천안시 서북구 성환2로 45","34","36.91173","127.130165"
"1148","위너스로또","전북 전주시 완산구 영경1길 31","35","35.817753","127.12618"
"1148","로또안경콘택트","경북 구미시 구미중앙로5길 2","37","36.13032","128.32828"
"1148","복권판매점 약목점","경북 칠곡군 약목로 75-3 1층","37","36.033073","128.36592"
"1148","양산황금나눔","경남 양산시 황산로 395 복권판매점","38","35.311428","128.98724"
"1148","도항로또","경남 함안군 함마대로 1499-1 1층","38","35.2756","128.39955"
"1149","제이복권방","서울 종로구 종로 225-1 평창빌딩 1층 103호","11","37.571293","127.00283"
"1149","저스트로또","서울 중랑구 사가정로 412-3 1층","11","37.580223","127.09049"
"1149","행복로또","부산 사상구 사상로 226 1층","21","35.16512","128.98338"
"1149","복터진나라","부산 서구 대영로 27 1층 복권판매점","21","35.109715","129.01494"
"1149","주엽역 로또판매점","경기 고양시 일산서구 중앙로 1437 도로","31","37.670036","126.76048"
"1149","세븐일레븐남양주차산점","경기 남양주시 수레로 1096","31","37.635174","127.30377"
"1149","복권명당","경기 안성시 승두길 62","31","37.000015","127.17315"
"1149","일등복권","경기 양주시 송랑로 223","31","37.804436","127.08527"
"1149","대박명당","경기 양주시 옥정동로5길 6","31","37.81649","127.098755"
"1149","세븐복권방","경기 파주시 해올2길 16 107호","31","37.73408","126.731636"
"1149","세븐복권방","경기 파주시 해올2길 16 107호","31","37.73408","126.731636"
"1149","세븐복권방","경기 파주시 해올2길 16 107호","31","37.73408","126.731636"
"1149","세븐복권방","경기 파주시 해올2길 16 107호","31","37.73408","126.731636"
"1149","세븐복권방","경기 파주시 해올2길 16 107호","31","37.73408","126.731636"
"1149","해적책대여점 복권방","충북 청주시 서원구 대원로 28","33","36.639973","127.479355"
"1149","행운복권","전남 무안군 영산로 1693 1층","36","34.90968","126.42971"
"1149","로하","경남 창원시 의창구 소계로84번길 13-1","38","35.257717","128.60057"
"1150","수서 원스토어","서울 강남구 밤고개로1길 10 지하1층 제비 138호","11","37.488026","127.101845"
"1150","미나식품(로또판매점)","서울 강서구 금낭화로 91-12","11","37.5735","126.81066"
"1150","진우복권","부산 연제구 월드컵대로 119 204호(연산동)","21","35.184826","129.08208"
"1150","로또나라","대구 남구 장전1길 30-21","22","35.84196","128.57289"
"1150","왕대박(복권방)","대구 북구 칠성남로 143 1층전체","22","35.87749","128.5965"
"1150","알리바이","광주 광산구 수등로 253 1층 알리바이","24","35.185387","126.83668"
"1150","마리골드","대전 대덕구 동춘당로114번길 9 해피존 245호","25","36.367004","127.4382"
"1150","대전하이퍼","대전 중구 보문산로 76","25","36.305202","127.388824"
"1150","로또대박","경기 부천시 석천로177번길 11 1층 105호","31","37.503178","126.76193"
"1150","풍전슈퍼","경기 부천시 조마루로 428","31","37.49708","126.79113"
"1150","은행복권방","경기 성남시 중원구 산성대로 512-1 1층 1호","31","37.456642","127.163475"
"1150","로또매점","충남 당진시 송산로 723","34","36.953873","126.68932"
"1150","행복로또","충남 아산시 아산밸리남로 81 816동 106호","34","36.920097","127.05493"
"1150","대박마트복권방","충남 아산시 음봉로 844 태화상가1층103호","34","36.826508","127.09927"
"1150","이마트24 순천산단점","전남 순천시 산단1길 6","36","34.987934","127.50839"
"1150","복권당","경북 영천시 강변로 60","37","35.96122","128.9294"
"1150","씨유 제주연북로점","제주 제주시 연북로 260 1층","39","33.48115","126.50896"
"1151","일확천금","서울 강동구 진황도로 168-1","11","37.53109","127.142075"
"1151","인터넷 복권판매사이트","동행복권(dhlottery.co.kr)","","37.482063","127.015785"
"1151","복권세상","서울 양천구 곰달래로5길 26","11","37.531918","126.83368"
"1151","빅세일복권방","부산 부산진구 서면문화로 6","21","35.158302","129.05809"
"1151","로또복권","대구 동구 아양로 294 1층","22","35.890434","128.64297"
"1151","로또명당 퍼니마트","인천 미추홀구 문학길 4 편의점내","23","37.43852","126.681046"
"1151","로또복권방","대전 서구 갈마중로 28","25","36.347527","127.37245"
"1151","오렌지25","경기 고양시 일산서구 고봉로 291 양우에이스스타디움109","31","37.68528","126.777145"
"1151","로또복권로데오서현점","경기 성남시 분당구 분당로53번길 20 1층 109호(서현동, 이랜드분당프라자)","31","37.38407","127.12263"
"1151","오늘의로또","경기 오산시 궐리사로 75","31","37.15869","127.06062"
"1151","오늘의로또","경기 오산시 궐리사로 75","31","37.15869","127.06062"
"1151","오늘의로또","경기 오산시 궐리사로 75","31","37.15869","127.06062"
"1151","오늘의로또","경기 오산시 궐리사로 75","31","37.15869","127.06062"
"1151","복권","경기 의정부시 태평로 75","31","37.739246","127.05129"
"1151","럭키로또복권판매점","충북 청주시 상당구 무농정로 10-1","33","36.605873","127.50429"
"1151","오사랑복권","충북 청주시 흥덕구 진재로 42","33","36.634895","127.42964"
"1151","청호복권방","전남 목포시 용당로 296 1층 2호","36","34.81318","126.39991"
"1152","플러스복권","서울 강서구 공항대로41길 34 1층 113B호","11","37.559273","126.845695"
"1152","로또복권","서울 관악구 장군봉1길 29","11","37.48181","126.94167"
"1152","제일식품","서울 서대문구 증가로 143","11","37.57747","126.92169"
"1152","로또복권판매점","서울 양천구 남부순환로79길 11 1층 103호","11","37.516994","126.84111"
"1152","해바라기 복권방","서울 영등포구 대림로 170 101호","11","37.49614","126.89962"
"1152","대박 동행로또복권","서울 중구 청계천로 246 평화시장1층 84호","11","37.56936","127.00455"
"1152","돼지복권명당","부산 기장군 해맞이로 365-1","21","35.32655","129.27667"
"1152","원화복권샵","대구 남구 명덕로 74 1층","22","35.85794","128.57861"
"1152","하영","인천 서구 청라에메랄드로 65 아파트 상가 102호","23","37.53106","126.6557"
"1152","NBA(엔비에이)","인천 중구 신도시남로142번길 6 1동 1층 128호","23","37.4934","126.49157"
"1152","옥교대박점","울산 중구 옥교3길 94 (학산동)","26","35.553345","129.33134"
"1152","인생로또","경기 고양시 덕양구 통일로768번길 17 1층","31","37.68855","126.865295"
"1152","훼밀리슈퍼","경기 구리시 건원대로34번길 19 세신훼밀리타운102","31","37.604492","127.14132"
"1152","전인정보통신","경기 남양주시 진건오남로 658 외1필지1층101","31","37.69125","127.21451"
"1152","건우유통","경기 성남시 중원구 박석로 80 1층","31","37.439846","127.16526"
"1152","복권전문점","경기 시흥시 중심상가로 323","31","37.337162","126.748276"
"1152","복권전문점","경기 시흥시 중심상가로 323","31","37.337162","126.748276"
"1152","복권전문점","경기 시흥시 중심상가로 323","31","37.337162","126.748276"
"1152","복권전문점","경기 시흥시 중심상가로 323","31","37.337162","126.748276"
"1152","복권전문점","경기 시흥시 중심상가로 323","31","37.337162","126.748276"
"1152","복권백화점","경기 여주시 세종로 41 1층","31","37.294037","127.63629"
"1152","노다지복권방","경기 용인시 처인구 금령로 130","31","37.23509","127.2105"
"1152","로또복권","경기 평택시 원평로 55","31","36.990513","127.08356"
"1152","용이복권방","경기 평택시 현신3길 44","31","36.996967","127.139626"
"1152","북평로또","강원 동해시 대동로 93 1층","32","37.4807","129.1283"
"1152","북평로또","강원 동해시 대동로 93 1층","32","37.4807","129.1283"
"1152","혁신대박","충북 음성군 원중로 1434 103호(에스타워)","33","36.909523","127.54108"
"1152","또또복권방","전북 익산시 고봉로32길 3","35","35.95982","126.971695"
"1152","전국구로또복권방","전북 전주시 완산구 장승배기로 397","35","35.806084","127.15224"
"1152","복권나라","전남 목포시 당가두로14번길 47-1 103호 복권나라","36","34.807583","126.43719"
"1152","큐마트학동점복권","전남 여수시 학동서5길 2 큐마트내","36","34.761883","127.65653"
"1152","아포로또중앙점","경북 김천시 국사길 202","37","36.16078","128.25969"
"1152","천하명당","경남 양산시 연호로 46 복권판매점","38","35.41573","129.17523"
"1152","서창복권나라","경남 양산시 서창서2길 3","38","35.416225","129.17226"
"1152","행운복권방","경남 창원시 성산구 가음로15번길 52","38","35.213013","128.70322"
"1153","명당마트","서울 강서구 양천로 91","11","37.573605","126.81405"
"1153","종로3가1호선역2번출구가로판매점82호","서울 종로구 돈화문로 23 가판","11","37.5707","126.991875"
"1153","롯데무역","부산 영도구 꿈나무길 197 1층 복권방","21","35.087284","129.04375"
"1153","다다복권방","대구 달서구 월배로 32-1 1층 복권방","22","35.812386","128.51874"
"1153","금산홍삼 복권판매점","대전 동구 보문로 4 101호","25","36.315372","127.44009"
"1153","한국슈퍼","경기 부천시 원종로35번길 24 한울빌리지 상가101호","31","37.52506","126.80412"
"1153","까치복권방","경기 시흥시 중심상가로 326 1층102","31","37.336678","126.74821"
"1153","1등 복권","경기 시흥시 배곧4로 32-27 105호","31","37.3777","126.72552"
"1153","드림메드","경기 안산시 상록구 월피로 56 101호","31","37.3334","126.85087"
"1153","나눔로또한대점","경기 안산시 상록구 중보로 57 한양대프라자106호","31","37.30809","126.852844"
"1153","세븐일레븐 홍익점","경기 안성시 종합운동장로 161","31","37.012398","12.238893"
"1153","복권","경기 의정부시 태평로 75","31","37.739246","127.05129"
"1153","복권세상","전남 목포시 청호로 139 1층 복권세상","36","34.8039","126.37585"
"1153","왕대박복권방","경북 문경시 중앙로 15","37","36.588123","128.19293"
"1153","본스튜디오","제주 제주시 하귀로 111","39","33.48359","126.407875"
"1154","아셈마트","서울 강남구 영동대로112길 10","11","37.51498","127.061005"
"1154","노다지훼밀리","서울 강동구 구천면로 251","11","37.542835","127.13127"
"1154","대박로또","부산 북구 낙동대로1780번길 78","21","35.206635","129.00415"
"1154","럭키","부산 북구 시랑로 137","21","35.19547","129.01039"
"1154","스위트초이스","부산 사상구 사상로 300 단지내 상가 401동 13호","21","35.171658","128.98369"
"1154","삼산현대로또","울산 남구 월평로 225 1층","26","35.546803","129.3294"
"1154","세종로또방","세종   용포로 32","29","36.461655","127.280685"
"1154","패밀리복권방","경기 남양주시 늘을1로16번길 29 늘봄타워 107호","31","37.654083","127.243324"
"1154","황금당","경기 부천시 원종로 37","31","37.524246","126.80418"
"1154","안성휴게소 복권판매점(부산방향)","경기 안성시 경부고속도로 365 안성휴게소 하행선 내","31","37.013092","127.145065"
"1154","황금로또","경기 여주시 청심로 24 1층 복권방","31","37.300823","127.62353"
"1154","드림오피스문구","강원 춘천시 퇴계로 213","32","37.856632","127.742294"
"1154","로또 복권방","충북 청주시 흥덕구 서현로 60 138호","33","36.61751","127.42863"
"1154","인생역전 복권방","충남 논산시 중앙로 168 1층 102호","34","36.18387","127.10521"
"1154","로또복권","대구 군위군 중앙길 32","22","36.231487","128.56749"
"1155","가로판매소","서울 구로구 새말로 117-24 (신도림역2번출구)(구로동)","11","37.50696","126.8903"
"1155","운수대통가판점","서울 성동구 왕십리로 327","11","37.562363","127.03318"
"1155","다온복권방","부산 금정구 부곡로 122 좌측 복권판매점","21","35.226704","129.09212"
"1155","씨스페이스 로또명당점","대전 서구 관저로129번길 3","25","36.299126","127.33612"
"1155","한꿈복권방","울산 중구 번영로 586","26","35.568794","129.34589"
"1155","자매점","경기 파주시 문화로 95 1층","31","37.762638","126.77474"
"1155","신불당로또","충남 천안시 서북구 불당21로 40 501동 지1층 B143호","34","36.812565","127.10497"
"1156","행운의집","서울 강동구 구천면로 220","11","37.540466","127.1292"
"1156","꾸미로또복권","서울 강북구 솔샘로67길 118 1층","11","37.62231","127.02697"
"1156","꾸미로또복권","서울 강북구 솔샘로67길 118 1층","11","37.62231","127.02697"
"1156","꾸미로또복권","서울 강북구 솔샘로67길 118 1층","11","37.62231","127.02697"
"1156","꾸미로또복권","서울 강북구 솔샘로67길 118 1층","11","37.62231","127.02697"
"1156","꾸미로또복권","서울 강북구 솔샘로67길 118 1층","11","37.62231","127.02697"
"1156","정원복권방","서울 도봉구 도봉로 468 1층 101-3호","11","37.64732","127.03438"
"1156","영웅시대","부산 기장군 반룡로 182 복권판매점","21","35.3395","129.2629"
"1156","중앙동역 나들가게24","부산 중구 중앙대로 96 흥우빌딩1층 나들가게편의점","21","35.10627","129.03659"
"1156","대전우표사","대전 동구 중앙로204번길 16-1","25","36.330036","127.432076"
"1156","대박명당","울산 북구 매곡로 93-2","26","35.641518","129.35464"
"1156","담꾹 구리수택점","경기 구리시 안골로 101","31","37.597645","127.14244"
"1156","행운을주는로또판매점","경기 안산시 단원구 초지로 90 태영프라자111호","31","37.306877","126.81511"
"1156","희망을주는사람","경기 용인시 처인구 양지로 111 1층 상가","31","37.23453","127.28051"
"1156","대박행진 복권랜드","경기 파주시 금빛로 22 금촌프라자107호","31","37.751614","126.76691"
"1156","로또명당인주점","충남 아산시 서해로 519-2","34","36.87784","126.89828"
"1156","행운복권","전남 무안군 영산로 1693 1층","36","34.90968","126.42971"
"1156","터미널","전남 진도군 남문길 5 진도공용버스터미널","36","34.47865","126.26157"
"1156","칠복복권방","경북 경주시 입실로 68 1층","37","35.714397","129.32462"
"1156","수경볼트로또","경남 양산시 고연로 283 복권판매점","38","35.431553","129.1786"
"1156","이마트24 마산만복점","경남 창원시 마산회원구 합성옛길 152","38","35.238274","128.5839"
"1157","예지행복","서울 양천구 월정로 59 가동 101호","11","37.524853","126.84132"
"1157","당하복권명당","인천 서구 서곶로 788","23","37.587936","126.67538"
"1157","NBA(엔비에이)","인천 중구 신도시남로142번길 6 1동 1층 128호","23","37.4934","126.49157"
"1157","돈돈복권방","대전 서구 계룡로 560","25","36.342228","127.38585"
"1157","팬시코아","경기 남양주시 퇴계원로 46-1","31","37.650906","127.14208"
"1157","명당복권방","경기 남양주시 창현로 7","31","37.65021","127.306244"
"1157","복권명당","경기 안산시 단원구 선부로 258 102호","31","37.341152","126.82362"
"1157","천하명당안산","경기 안산시 상록구 수인로 2020 103호","31","37.36354","126.87623"
"1157","행운 복권","강원 동해시 임항로 55 상가동 202-5 가,나호(부곡동,삼정2차아파트)","32","37.53892","129.10785"
"1157","돈방석","전북 전주시 완산구 서신로 35","35","35.82855","127.11558"
"1157","중앙복권","전남 신안군 구영2길 74 1층","36","34.886765","126.04432"
"1157","제일복권","제주 제주시 서광로 257","39","33.5001","126.524055"
"1158","마카로또","서울 서초구 서초대로 279 1층","11","37.49346","127.01218"
"1158","인터넷 복권판매사이트","동행복권(dhlottery.co.kr)","","37.482063","127.015785"
"1158","데이앤나잇","서울 성북구 종암로 132 종암우림카이저팰리스 1층 101호","11","37.601955","127.03346"
"1158","한경종합광고","서울 송파구 백제고분로 198","11","37.50393","127.08855"
"1158","행운명당","서울 양천구 신월로 302 1층","11","37.5211","126.854385"
"1158","로또킹","서울 영등포구 영중로 2 1층(영등포동3가)","11","37.516743","126.906746"
"1158","로또판매점","부산 사하구 승학로284번길 42","21","35.10242","128.99779"
"1158","대박복권방","인천 서구 길주로 106 1층 (석남동)","23","37.5062","126.6736"
"1158","대박복권방","광주 동구 남문로 561 대박복권방","24","35.121105","126.93298"
"1158","온천로또방","대전 유성구 계룡로 92 1층 101-3호","25","36.353638","127.34119"
"1158","설악복권방","경기 가평군 신천중앙로 80 1층 복권방","31","37.67583","127.49408"
"1158","메가마트","경기 시흥시 정왕대로 64 메가쇼핑몰1층123호","31","37.354103","126.72363"
"1158","메가마트","경기 시흥시 정왕대로 64 메가쇼핑몰1층123호","31","37.354103","126.72363"
"1158","행운을주는로또판매점","경기 안산시 단원구 초지로 90 태영프라자111호","31","37.306877","126.81511"
"1158","드림복권방","충북 청주시 흥덕구 내수동로42번길 4","33","36.632572","127.452034"
"1158","안면대박복권방","충남 태안군 안면대로 2649 2동 2호","34","36.534523","126.35183"
"1158","로또로복권","전북 전주시 완산구 모악로 4729","35","35.791546","127.131294"
"1158","나눔로또편의점","전남 광양시 공영로 90","36","34.935658","127.699066"
"1158","대광복권방","전남 화순군 칠충로 55 대광그린상가동 1층109호","36","35.05548","126.97712"
"1158","비산강변파라디아복권","경북 구미시 신비로 95 A동103호(공단동,강변파리디아)","37","36.12134","128.37283"
"1158","탑로또","경남 거제시 거제중앙로 1787 서원탑훼밀리마트고현점 내(계룡온천옆)","38","34.878452","128.62807"
"1159","서울복권명당","서울 강북구 삼양로 194 1층","11","37.621185","127.02074"
"1159","그랜드마트앞가판점","서울 마포구 신촌로 94","11","37.554924","126.93597"
"1159","드림로또","서울 서초구 신반포로 194 쇼케이스12호","11","37.50551","127.007034"
"1159","교통카드","서울 서초구 강남대로 517","11","37.5081","127.022255"
"1159","금나와라뚝딱","서울 성북구 오패산로 57 1층","11","37.60729","127.03619"
"1159","오륜","부산 금정구 체육공원로 591 복권판매점","21","35.29348","129.11125"
"1159","복권명당","대구 동구 경안로 751","22","35.869484","128.71349"
"1159","버스매표소","인천 부평구 부평대로 3 가판","23","37.49181","126.722725"
"1159","온천로또방","대전 유성구 계룡로 92 1층 101-3호","25","36.353638","127.34119"
"1159","두근두근로또복권","경기 고양시 일산동구 일산로 453 1층 106호","31","37.673714","126.77627"
"1159","다니엘사","경기 안산시 단원구 원선1로 38 101호","31","37.326073","126.80417"
"1159","홈플러스선부점로또판매","경기 안산시 단원구 삼일로 316","31","37.33378","126.81258"
"1159","다니엘사","경기 안산시 단원구 원선1로 38 101호","31","37.326073","126.80417"
"1159","다니엘사","경기 안산시 단원구 원선1로 38 101호","31","37.326073","126.80417"
"1159","다니엘사","경기 안산시 단원구 원선1로 38 101호","31","37.326073","126.80417"
"1159","다니엘사","경기 안산시 단원구 원선1로 38 101호","31","37.326073","126.80417"
"1159","1등 되는날","경기 안성시 기업단지로 2 1층","31","36.99933","127.16318"
"1159","하늘로또","경기 여주시 세종로475번길 2 1층","31","37.257896","127.646416"
"1159","행복복권방","충북 청주시 흥덕구 풍년로 26","33","36.616013","127.44104"
"1159","대박로또","충남 천안시 서북구 성환2로 45","34","36.91173","127.130165"
"1159","똥꿈로또","경남 진주시 신안로 102","38","35.187218","128.07083"
"1159","경일통신","경남 창원시 마산회원구 북성로 340","38","35.23382","128.56064"
"1159","나눔로또","경남 함안군 용산1길 33 1층","38","35.30895","128.51694"
"1160","천하명당복권","대구 북구 칠곡중앙대로 545","22","35.94432","128.55064"
"1160","열정복권","광주 북구 하남대로 821 1층","24","35.171238","126.8825"
"1160","8888로또","대전 서구 월평북로 77","25","36.362503","127.37681"
"1160","한꿈복권방","울산 중구 번영로 586","26","35.568794","129.34589"
"1160","로또대박","세종  장척로 571","29","37.499294","127.22131"
"1160","다니엘사","경기 안산시 단원구 원선1로 38 101호","31","37.326073","126.80417"
"1160","버스표가판점","경기 안양시 만안구 안양로 366","31","37.404003","126.917435"
"1160","장미슈퍼","충남 부여군 계백로 265 부여군청 로터리 부근","34","36.27629","126.90941"
"1160","터미널복권방","전북 정읍시 연지8길 6","35","35.57231","126.84499"
"1160","좋은사람들로또","전남 보성군 현충로 85","36","34.76743","127.081055"
"1160","로그인복권방","경북 구미시 상사동로 149-4 사곡동","37","36.09796","128.35878"
"1160","무지개로또복권","경남 양산시 덕계2길 17 좌측 복권판매점","38","35.37062","129.14658"
"1161","신일","서울 강서구 까치산로 177 1층 101호","11","37.553062","126.85334"
"1161","동행로또복권판매","인천 동구 화도진로 33-1 1층","23","37.475677","126.63414"
"1161","대박신화복권판매점","인천 미추홀구 인하로 267","23","37.44831","126.677795"
"1161","복권왕국","인천 부평구 부흥로 359 1층","23","37.49818","126.731926"
"1161","드림복권방","인천 연수구 아트센터대로168번길 100 G동 180호(송도동,한라 웨스턴파크 송도)","23","37.405178","126.62886"
"1161","이마트24중울산점","울산 중구 옥골샘4길 21","26","35.55714","129.32382"
"1161","대길복권","경기 수원시 장안구 서부로 2129-1 1층 (율전동)","31","37.298744","126.971306"
"1161","46중통 로또판매점","경기 시흥시 중심상가로 39 106호","31","37.352856","126.7229"
"1161","종합복권슈퍼","경기 시흥시 마유로 336 정일빌딩104","31","37.34572","126.73561"
"1161","종합복권슈퍼","경기 시흥시 마유로 336 정일빌딩104","31","37.34572","126.73561"
"1161","대선세무경영사무소","경기 안산시 상록구 석호로 189 101호","31","37.295925","126.85253"
"1161","느낌 복권판매점","경기 안산시 상록구 용신로 328","31","37.30168","126.85823"
"1161","복권나라","경기 오산시 성호대로93번길 27","31","37.151245","127.07145"
"1161","세븐복권","충북 증평군 초중6길 19 1층(세븐일레븐 내)","33","36.776863","127.569046"
"1161","복조리복권방","전북 장수군 장계천변길 55-4","35","35.731014","127.58352"
"1161","로또복권 포항IC점","경북 포항시 북구 새마을로 340 세븐일레븐 옆","37","36.045876","129.32777"
"1162","다모아복권","서울 구로구 경인로19길 4","11","37.495926","126.84278"
"1162","소망복권","서울 구로구 경인로35길 83 1층 101호(고척동)","11","37.500153","126.852356"
"1162","엔마트","서울 동대문구 장한로31길 10","11","37.575424","127.0713"
"1162","오케이상사","서울 서초구 신반포로 176 센트럴시티내100호매점","11","37.50555","127.00356"
"1162","서울복권방","서울 중랑구 동일로 809-1","11","37.60269","127.07895"
"1162","대구연쇄점","부산 부산진구 중앙대로783번길 8","21","35.162384","129.06238"
"1162","노다지복권방","부산 북구 낙동대로 1704","21","0","0"
"1162","복터진날","부산 사하구 장림로 162-1 복권판매점","21","0","0"
"1162","대교복권판매점","부산 영도구 절영로13번길 17","21","35.09284","129.04109"
"1162","상인명당복권방","대구 달서구 조암남로16길 19 1동 1층 118호","22","35.821712","128.52325"
"1162","삼성포토랜드","인천 강화군 북문길 6","23","37.74834","126.48402"
"1162","루루사진관","인천 계양구 굴재방터길 27 1호 루루사진관","23","37.56697","126.74761"
"1162","행운 마트","인천 남동구 만수로 65","23","37.461594","126.73509"
"1162","로또 명당","인천 남동구 구월남로 271 102호","23","37.452297","126.71988"
"1162","일등복권방","울산 남구 삼산중로 20","26","35.53536","129.33665"
"1162","행복한사람들 (흥부네)","경기 광주시 경충대로 763","24","37.355545","127.325386"
"1162","한아름 복권","경기 김포시 장차로 19 102호","31","37.603813","126.77054"
"1162","예스복권방","경기 남양주시 별내중앙로 56 메인프라자 1층 105호","31","37.647552","127.12371"
"1162","송내매표소","경기 부천시 송내대로 37 104호","31","0","0"
"1162","로또판매선부점","경기 안산시 단원구 선부광장로 27 122-2호","31","37.33619","126.81017"
"1162","좋은터","경기 의정부시 동일로454번길 19 1층(신곡동)","31","37.728825","127.06055"
"1162","강남슈퍼","경기 의정부시 의정로 193","31","37.750084","127.03404"
"1162","인생역전","경기 파주시 새꽃로 227 7호","31","37.76669","126.77735"
"1162","성강동인","경기 하남시 신장로 212 1층 2호","31","37.543922","127.19827"
"1162","신리천왕대박복권","경기 화성시 왕배산2길 11-1 102호","31","37.180058","127.1254"
"1162","대복로또","강원 원주시 나비허리길 120-19 1층","32","37.319702","127.96205"
"1162","서울로또방","충북 옥천군 삼금로 8","33","36.29949","127.56668"
"1162","팡팡복권방","충북 진천군 장기길 102","33","36.990017","127.445274"
"1162","왕대박복권방","충북 청주시 청원구 두릉유리로 1119","33","0","0"
"1162","대박찬스","충북 청주시 흥덕구 가경로161번길 3","33","36.628975","127.43644"
"1162","찬누리","충남 부여군 사비로 61","34","36.277966","126.91031"
"1162","이마트24아산도고명당점","충남 아산시 온천대로 104","34","36.746223","126.86672"
"1162","충청복권전문점","충남 천안시 서북구 성환2로 108","34","36.91694","127.132835"
"1162","로또편의점","전남 강진군 보은로 115","36","0","0"
"1162","레인보우","경북 경산시 성동로 16 101호","37","35.83617","128.72557"
"1162","네잎크로버복권방","제주 서귀포시 고성오조로 9","39","33.44472","126.91338"
"1163","금용","서울 강북구 4.19로 1 1층","11","37.648087","127.01408"
"1163","복권나라","서울 관악구 남부순환로 1739-9","11","37.482788","126.943474"
"1163","인터넷 복권판매사이트","동행복권(dhlottery.co.kr)","","37.482063","127.015785"
"1163","묵동식품","서울 중랑구 동일로 919","11","37.612457","127.07704"
"1163","돈벼락맞는곳","부산 서구 구덕로 194","21","35.10192","129.02007"
"1163","황금복권","인천 계양구 장제로 889-1","23","37.54638","126.739426"
"1163","행운대박복권방","경기 남양주시 광릉내로 17","31","37.742252","127.19782"
"1163","로또명당카페","경기 시흥시 거북섬2길 21 1층 103호","31","37.326874","126.677055"
"1163","양말 란제리","경기 안양시 만안구 장내로 125 1층 상가2호 전부","31","37.39721","126.92158"
"1163","주택복권방","경기 용인시 수지구 풍덕천로 144-1 103호","31","37.323883","127.09745"
"1163","내포복권방","충남 예산군 덕산온천로 387","34","36.70105","126.66561"
"1163","GS25예산서오점복권","충남 예산군 역전로 150-2 GS25편의점 내","34","36.692394","126.83037"
"1163","로또복권두정점","충남 천안시 서북구 두정로 251 대원빌딩104호","34","36.833515","127.14499"
"1163","포항오거리CU복권","경북 포항시 북구 죽도로 33 CU포항오거리점내","37","36.033836","129.36467"
"1163","비휴 복권판매점","경남 산청군 지리산대로 3474-1 1층","38","35.303307","127.97188"
"1164","도곡 행운로또방","서울 강남구 도곡로4길 11 102호","11","37.48931","127.03369"
"1164","그린슈퍼","서울 동대문구 왕산로 138","11","37.57798","127.038635"
"1164","비에이치(BH)복권","부산 남구 석포로 95","21","35.126293","129.08951"
"1164","대영당안경원","부산 동래구 충렬대로237번길 9","21","35.201954","129.08519"
"1164","프로토베팅샵","부산 중구 국제시장2길 5 4호","21","35.099678","129.0284"
"1164","제일복권","인천 서구 율도로 45","23","37.51384","126.66724"
"1164","알리바이","광주 광산구 수등로 253 1층 알리바이","24","35.185387","126.83668"
"1164","행복한사람들 (흥부네)","경기 광주시 경충대로 763","24","37.355545","127.325386"
"1164","종합복권슈퍼","경기 시흥시 마유로 336 정일빌딩104","31","37.34572","126.73561"
"1164","복권판매점(행복드림)","경기 양평군 강남로 1016 나동 4호","31","37.48044","127.48489"
"1164","황금복권방","강원 원주시 봉화로 74 삼익아파트 상가 105호","32","37.351143","127.928955"
"1164","베스트올수성점","전북 정읍시 수성2로 28","35","35.58169","126.854416"
"1164","경이네복권마트","경북 포항시 북구 장량중앙로 81 431동117호,삼구트리니엔4차상가","37","36.090385","129.39249"
"1165","행복을향해쏴라","서울 노원구 동일로197길 21 1층 104호(공릉동,우성빌딩)","11","37.628407","127.07024"
"1165","전대복권판매점","광주 북구 서양로 28 102호","24","35.170662","126.9045"
"1165","대전우표사","대전 동구 중앙로204번길 16-1","25","36.330036","127.432076"
"1165","아이러브마트복권방","울산 중구 유곡로 19-1","26","35.55638","129.30725"
"1165","홈런복권판매점","경기 오산시 내삼미로 93 제1층 109호","31","37.17053","127.06577"
"1165","로또명당인주점","충남 아산시 서해로 519-2","34","36.87784","126.89828"
"1165","대산슈퍼","충남 천안시 동남구 복구정3길 1","34","36.76989","127.250206"
"1165","씨유 군산디오션점","전북 군산시 궁포1로 42 씨유 군산디오션점 내","35","35.97694","126.74207"
"1165","훼미리마트 우아대로점","전북 전주시 덕진구 건산로 276","35","35.835472","127.16736"
"1165","베스트올수성점","전북 정읍시 수성2로 28","35","35.58169","126.854416"
"1165","한방로또","전남 순천시 남산로 154-1 1층101호","36","34.94057","127.50513"
"1165","지에스GS오천두배점","경북 포항시 남구 원동로 98 1층,좌측첫번째상가,GS25오천두배점","37","35.971855","129.4028"
"1165","탐나네","제주 제주시 노연로 138","39","33.48555","126.49506"
"1166","6/45 로또","서울 강동구 아리수로93가길 87 상가 105호","11","37.570454","127.1696"
"1166","신문가판점","서울 용산구 한강대로 277-3 가판","11","37.543007","126.972374"
"1166","신문가판점","서울 용산구 한강대로 277-3 가판","11","37.543007","126.972374"
"1166","신문가판점","서울 용산구 한강대로 277-3 가판","11","37.543007","126.972374"
"1166","신문가판점","서울 용산구 한강대로 277-3 가판","11","37.543007","126.972374"
"1166","신문가판점","서울 용산구 한강대로 277-3 가판","11","37.543007","126.972374"
"1166","꿈하나","대구 서구 팔달로 142 1층 복권방","22","35.889156","128.56583"
"1166","온누리로또","경기 수원시 권선구 세권로 122 1층 102호","31","37.25713","127.017456"
"1166","우두로또","강원 춘천시 영서로 2786 1층","32","37.901936","127.72848"
"1166","대박의터","강원 춘천시 영서로 1786","32","37.836243","127.76008"
"1166","대박로또명당","충남 당진시 송악로 37","34","36.906906","126.69329"
"1166","복동희로또 불당점","충남 천안시 서북구 불당5길 23 103호(콤마커피숍 내)","34","36.803417","127.10946"
"1166","일등로또복권 판매점","경북 영천시 완산로 23-1 1층 복권방","37","35.962185","128.93881"
"1166","NG24","경북 칠곡군 북중리3길 59","37","36.079823","128.41183"
"1167","복권나라","서울 관악구 남부순환로 1739-9","11","37.482788","126.943474"
"1167","서하네","서울 구로구 개봉로20길 66","11","37.493343","126.85801"
"1167","인터넷 복권판매사이트","동행복권(dhlottery.co.kr)","","37.482063","127.015785"
"1167","데스콤㈜영등포영업소","서울 영등포구 영중로 48","11","37.520576","126.905136"
"1167","세븐일레븐 현풍대로점","대구 달성군 비슬로 581 세븐일레븐현풍대로점","22","35.690544","128.44447"
"1167","로또명당(북부점)","대구 서구 서대구로 318-1","22","35.886024","128.55782"
"1167","행운복권","인천 부평구 배곶로 24 지1층 비03호(십정동, 이즈라이프아파트)","23","37.470455","126.69833"
"1167","복권나라(가좌사)","인천 서구 원적로 73","23","37.493637","126.680595"
"1167","세븐일레븐화성봉담수기점","경기 화성시 세자로 356 1층 102호","31","37.19729","126.98327"
"1167","두꺼비복권방","충남 공주시 무령로 599-25 드림프라자101호","34","36.477238","127.15039"
"1168","로또생삼겹","인천 남동구 논고개로 77","23","37.39841","126.726234"
"1168","충남상회","인천 미추홀구 참외전로 268 302동 B211호","23","37.46555","126.6447"
"1168","복권명당","대전 중구 목중로 47","25","36.33757","127.40925"
"1168","초이스 로또","울산 남구 화합로125번길 9 CU달동초이스점내","26","35.53562","129.33925"
"1168","꽃길로또방","경기 고양시 덕양구 꽃내음1길 21 1층 110호(향동동, 청우프라자)","31","37.600433","126.889885"
"1168","종합복권슈퍼","경기 시흥시 마유로 336 정일빌딩104","31","37.34572","126.73561"
"1168","대박나라","경기 시흥시 함송로 15 111호(정왕동,화신프라자)","31","37.364037","126.73029"
"1168","드림메드","경기 안산시 상록구 월피로 56 101호","31","37.3334","126.85087"
"1168","보은로또","충북 보은군 보은로 140-1","33","36.48669","127.718"
"1168","로또복권나눔커피","충남 아산시 모산로 163 1층","34","36.77533","127.06074"
"1168","복권세상","전남 목포시 청호로 139 1층 복권세상","36","34.8039","126.37585"
"1168","우리로또복권방","전남 여수시 무선중앙로 71","36","34.7728","127.65182"
"1168","웃는 복권방","경북 구미시 형곡로39길 3 102호(형곡동)","37","36.108376","128.33987"
"1169","투싼","서울 강남구 역삼로 310 한솔필리아 1층 127호","11","37.49946","127.048325"
"1169","홈돌이로또복권","인천 남동구 경원대로 971 삼성홈플러스간석점2층내","23","37.46954","126.68899"
"1169","노다지로또","인천 서구 완정로 179 검단제이원빌딩 108호","23","37.602306","126.65639"
"1169","오천억복권방","광주 서구 상무대로 1087","24","35.15296","126.880745"
"1169","관저중앙로또","대전 서구 관저동로99번길 23 편의점","25","36.300953","127.33882"
"1169","행운가득명당복권","울산 울주군 점촌5길 23 201호","26","35.569798","129.24046"
"1169","프랜드편의점","경기 화성시 3.1만세로 1100-2","31","37.13201","126.90798"
"1169","진평양행","강원 강릉시 임영로 107","32","37.751263","128.89407"
"1169","은혜복권방","전북 전주시 완산구 당산로 52","35","35.832005","127.11386"
"1169","우리복권판매점","경북 포항시 북구 죽파로 35-1 1층 101호","37","36.02839","129.36032"
"1170","대치럭키 로또","서울 강남구 선릉로76길 38 1층 3호","11","37.50213","127.053604"
"1170","토큰판매점","서울 강북구 도봉로 45 가판","11","37.61315","127.02949"
"1170","월드복권","대구 서구 북비산로 98","22","35.878357","128.54366"
"1170","황금돼지","대구 수성구 용학로35길 3 (지산동)","22","35.82267","128.62839"
"1170","대박천하마트","인천 부평구 굴포로 48","23","37.51157","126.72634"
"1170","금빛복권","울산 울주군 봉화로 16 왼쪽 복권판매점","26","35.558117","129.1184"
"1170","로또맛집배은복","경기 김포시 풍무로 121 1층 6호","31","37.606407","126.72207"
"1170","대박슈퍼","경기 부천시 원미로 103 마동 1층 103호","31","37.491756","126.79044"
"1170","태평고개 가판대","경기 성남시 수정구 성남대로 1282","31","37.444477","127.12722"
"1170","공원슈퍼","경기 수원시 장안구 팔달로 255 1층(영화동)","31","37.28874","127.01298"
"1170","씨유 옥정인생역전점","경기 양주시 화합로 1657 1층 108호(율정동)","31","37.838894","127.09021"
"1170","운암로또","경기 오산시 운암로 123 1층 101호 (오산동,운암빌딩)","31","37.15706","127.07847"
"1170","로또","경기 포천시 죽엽산로196번길 4","31","37.814644","127.16044"
"1170","TO TO","강원 강릉시 주문로 55","32","37.8889","128.82555"
"1170","엠에스리테일점","강원 춘천시 춘천순환로 600 MS마트 상가","32","37.892464","127.757385"
"1170","로또명당해미점","충남 서산시 남문2로 108","34","36.71344","126.54419"
"1170","희망복권방","전남 나주시 풍물시장1길 3","36","34.99262","126.70952"
"1170","NG24","경북 칠곡군 북중리3길 59","37","36.079823","128.41183"
"1170","아리아리","경남 김해시 김해대로2491번길 28","38","35.23053","128.89868"
"1170","월드복권방","경남 통영시 북신시장1길 12 월드마트 내","38","34.856834","128.42749"
"1171","행운복권방","서울 도봉구 노해로63길 79 우림빌딩 112호","11","37.65308","127.0463"
"1171","보람복권","서울 서대문구 통일로39길 22-58","11","37.589825","126.94167"
"1171","인터넷 복권판매사이트","동행복권(dhlottery.co.kr)","","37.482063","127.015785"
"1171","상승플러스","서울 영등포구 도림로139길 12-1 1층","11","37.51391","126.892715"
"1171","센타포인트명동앞복지가판점","서울 중구 남대문로 84 앞 가판점","11","37.564682","126.98284"
"1171","기장슈퍼","부산 기장군 차성동로 69","21","35.243927","129.2165"
"1171","송천복권방","부산 해운대구 선수촌로 108","21","35.20331","129.11983"
"1171","좋은터","인천 계양구 효서로 204 1층","23","37.527794","126.71853"
"1171","드림복권방","인천 중구 인중로 97-1 버스정류장 앞 GS편의점 옆","23","37.464123","126.633095"
"1171","아스타","광주 서구 상무대로 917","24","35.15136","126.862305"
"1171","천하복권방","울산 동구 전하로 29","26","35.512436","129.4275"
"1171","사랑정보통신","울산 울주군 온덕2길 20","26","35.435055","129.3107"
"1171","호돌이복권방","경기 김포시 황금로109번길 80 101호","31","37.61496","126.622765"
"1171","둔전행운복권방","경기 용인시 처인구 포곡로 110","31","37.26922","127.21764"
"1171","도깨비","경기 하남시 서하남로 136","31","37.514194","127.15894"
"1171","도깨비","경기 하남시 서하남로 136","31","37.514194","127.15894"
"1171","도깨비","경기 하남시 서하남로 136","31","37.514194","127.15894"
"1171","로또매니아","강원 춘천시 춘천순환로 790 1층","32","37.909042","127.752686"
"1171","피씨마트","전북 군산시 경기장로 20","35","35.96469","126.75007"
"1171","여수대박복권","전남 여수시 강남9길 24","36","34.71885","127.75279"
"1171","지에스(GS)25 신진주시티점","경남 진주시 개양로 100 107동 상가106호 GS편의점내","38","35.153763","128.11649"
"1172","영광생활유통","서울 금천구 범안로 1186","11","37.46633","126.89345"
"1172","매일로또","부산 부산진구 당감로50번길 6","21","35.166065","129.03937"
"1172","로또복권방","인천 부평구 마장로 287 한양프라자 104-1호","23","37.50413","126.703"
"1172","돼지상회","울산 북구 매산로 92 1층","26","35.64014","129.35919"
"1172","대성슈퍼","경기 김포시 사우중로11번길 7 초원빌딩1층","31","37.616528","126.71615"
"1172","황금열매","경기 성남시 중원구 산성대로 432-1 1층","31","37.450314","127.1597"
"1172","도일복권방","경기 시흥시 도일로 111","31","37.3404","126.783646"
"1172","일공공일(CU편의점)","경기 안산시 단원구 예술대학로 82 중앙상가 102호","31","37.32424","126.83762"
"1172","돈나무복권","충남 논산시 중앙로479번길 3-2","34","36.20541","127.08357"
"1172","로또복권두정점","충남 천안시 서북구 두정로 251 대원빌딩104호","34","36.833515","127.14499"
"1172","천하명당복권방","경남 거제시 옥포성안로 60","38","34.891693","128.69492"
"1172","서창복권나라","경남 양산시 서창서2길 3","38","35.416225","129.17226"
"1172","행운&빈센트","제주 서귀포시 동문로 64","39","33.24906","126.56697"
"1173","MS마트","서울 광진구 광나루로 546","11","37.544514","127.09013"
"1173","노다지 노원역점 복권방","서울 노원구 상계로 78","11","37.656223","127.06374"
"1173","인터넷 복권판매사이트","동행복권(dhlottery.co.kr)","","37.482063","127.015785"
"1173","인터넷 복권판매사이트","동행복권(dhlottery.co.kr)","","37.482063","127.015785"
"1173","인터넷 복권판매사이트","동행복권(dhlottery.co.kr)","","37.482063","127.015785"
"1173","인터넷 복권판매사이트","동행복권(dhlottery.co.kr)","","37.482063","127.015785"
"1173","인터넷 복권판매사이트","동행복권(dhlottery.co.kr)","","37.482063","127.015785"
"1173","인터넷 복권판매사이트","동행복권(dhlottery.co.kr)","","37.482063","127.015785"
"1173","행운복권방","서울 은평구 서오릉로 10","11","37.602295","126.92678"
"1173","평안당","서울 종로구 종로 219","11","37.57123","127.00219"
"1173","다다복권방","대구 달서구 월배로 32-1 1층 복권방","22","35.812386","128.51874"
"1173","서재강변로또","대구 달성군 서재로 172","22","35.878708","128.49748"
"1173","세진전자통신","대구 서구 서대구로 156","22","35.8719","128.5552"
"1173","다올공인중개사사무소","인천 서구 승학로512번길 26-1 1호실","23","37.563683","126.67706"
"1173","로또복권","울산 남구 꽃대나리로 71","26","35.53376","129.33797"
"1173","대박로또","경기 가평군 중앙로 35 1층","31","37.827778","127.51553"
"1173","복권판매점","경기 성남시 중원구 성남대로1130번길 3 제1층 제101호","31","37.4307","127.1296"
"1173","희망을주는사람","경기 용인시 처인구 양지로 111 1층 상가","31","37.23453","127.28051"
"1173","황금복권방","강원 원주시 봉화로 74 삼익아파트 상가 105호","32","37.351143","127.928955"
"1173","원대박","충북 음성군 대금로 1064-20 101호","33","36.979347","127.55461"
"1173","대산슈퍼","충남 천안시 동남구 복구정3길 1","34","36.76989","127.250206"
"1173","내가마트","전남 순천시 삼산로 98","36","34.97304","127.49395"
"1173","행운로또","경북 구미시 들성로 106 1층102호","37","36.1556","128.33386"
"1173","대동도기상사","경북 영천시 금완로 30","37","35.960327","128.93187"
"1174","신영슈퍼","서울 강남구 광평로51길 27 삼익아파트상가101호","11","37.48915","127.10092"
"1174","해바라기 복권방","부산 기장군 차성동로25번길 37 가동 100호","21","35.24015","129.21443"
"1174","삼성포토랜드","인천 강화군 북문길 6","23","37.74834","126.48402"
"1174","로또는내운명","대전 중구 대종로 277","25","36.31158","127.437355"
"1174","진대박 로또복권방","울산 동구 대송로 139","26","35.495895","129.4231"
"1174","진대박 로또복권방","울산 동구 대송로 139","26","35.495895","129.4231"
"1174","진대박 로또복권방","울산 동구 대송로 139","26","35.495895","129.4231"
"1174","영24시","울산 동구 월봉로 60","26","35.493958","129.42455"
"1174","1등복권방","울산 울주군 동문길 84","26","35.564198","129.1246"
"1174","대소원로또","충북 충주시 중원대로 4373 휴게소내 컨테이너","33","36.973255","127.82359"
"1174","파리스뷰티 복권","충남 천안시 동남구 개목8길 5 102호(파리스뷰티 내)","34","36.81623","127.13108"
"1174","대광복권방","전남 화순군 칠충로 55 대광그린상가동 1층109호","36","35.05548","126.97712"
"1174","창신할인마트","경북 경산시 경산로 136-3","37","35.820923","128.72902"
"1174","CU노서점","경북 경주시 금성로259번길 38 1층 CU 노서점 내","37","35.841007","129.20302"
"1174","씨유 창원역점","경남 창원시 의창구 의창대로 66 CU편의점","38","35.256947","128.6077"
"1175","미나식품(로또판매점)","서울 강서구 금낭화로 91-12","11","37.5735","126.81066"
"1175","행복한 꿈 이야기","서울 관악구 봉천로 612 1층","11","37.47562","126.96498"
"1175","복권방","서울 광진구 자양로18길 34","11","37.537773","127.08546"
"1175","88수퍼","서울 금천구 가산로 130","11","37.47716","126.892105"
"1175","라이프복권","부산 동구 고관로 106 1층 137~139호","21","35.128258","129.04639"
"1175","대구연쇄점","부산 부산진구 중앙대로783번길 8","21","35.162384","129.06238"
"1175","강서복권방","부산 사하구 대티로 80","21","35.10677","129.008"
"1175","로터리복권방","부산 서구 자갈치로 4","21","35.096195","129.02484"
"1175","GS로또(남대구IC점)","대구 달서구 성서공단로 346 1층 GS편의점","22","35.836327","128.52068"
"1175","해피+24시편의점","광주 북구 하서로 330","24","35.2045","126.8739"
"1175","보람복권방","울산 남구 화합로194번길 18-1 1층","26","35.541855","129.34157"
"1175","코사마트","경기 부천시 오정로 203","31","37.52708","126.78259"
"1175","럭키복권점","강원 강릉시 강릉대로 305","32","37.76388","128.90155"
"1175","해수로또","충북 청주시 상당구 산성로 22-1","33","36.62615","127.49938"
"1175","오사랑복권","충북 청주시 흥덕구 진재로 42","33","36.634895","127.42964"
"1175","만복복권","충남 계룡시 엄사중앙로 93","34","36.289074","127.24185"
"1175","금손로또판매점","충남 당진시 서해로 5772","34","36.898495","126.628784"
"1175","굿모닝","전남 순천시 중앙로 220 굿모닝","36","34.965294","127.484985"
"1175","복권나라","전남 여수시 중앙로 62 1층","36","34.73992","127.73436"
"1175","천하명당복권판매점","제주 제주시 서해안로 510","39","33.5195","126.49352"
"1176","스파","서울 노원구 동일로 1493 주공10단지종합상가111","11","37.66166","127.05787"
"1176","돼지복권명당","부산 기장군 해맞이로 365-1","21","35.32655","129.27667"
"1176","마치복권","대전 서구 구봉로 125","25","36.296867","127.33698"
"1176","어게인","경기 고양시 일산동구 중산로 105 현해프라자 113호","31","37.681396","126.78133"
"1176","어게인","경기 고양시 일산동구 중산로 105 현해프라자 113호","31","37.681396","126.78133"
"1176","신의 축복","경기 남양주시 사릉로34번길 24 (금곡동) 7호","31","37.63618","127.21107"
"1176","오늘도로또","경기 부천시 신흥로 190 1동 1층 120호","31","37.500645","126.777245"
"1176","로또통신","경기 안성시 장기로 36","31","37.00587","127.26738"
"1176","복권세상","경기 여주시 우암로 21-1 1층","31","37.29685","127.633064"
"1176","복권세상","경기 여주시 우암로 21-1 1층","31","37.29685","127.633064"
"1176","복권세상","경기 여주시 우암로 21-1 1층","31","37.29685","127.633064"
"1176","복권세상","경기 여주시 우암로 21-1 1층","31","37.29685","127.633064"
"1176","흥건슈퍼","전북 전주시 완산구 거마평로 25 흥건슈퍼","35","35.794403","127.11578"
"1177","온누리복권","서울 동작구 동작대로 65 1층","11","37.48237","126.98159"
"1177","행운로또","부산 동래구 충렬대로428번길 30 102호 1호","21","35.1952","129.1042"
"1177","주택복권방","경기 안양시 만안구 장내로 106 102호","31","37.39598","126.92003"
"1177","노다지복권","강원 삼척시 중앙시장길 48-49","32","37.44239","129.16716"
"1177","럭키로또복권판매점","충북 청주시 상당구 무농정로 10-1","33","36.605873","127.50429"
"1177","돈보따리","경남 양산시 서창로 104 복권판매점","38","35.409954","129.16673"
"1178","하이로또","서울 금천구 금하로 686","11","37.451874","126.906334"
"1178","복권방","서울 성북구 동소문로20길 28-4","11","37.591366","127.01655"
"1178","복권나라(매곡동)","광주 북구 서하로 117 101호 (매곡동)","24","35.187523","126.89344"
"1178","성호복권방","대전 대덕구 신일동로 1","25","36.444744","127.40511"
"1178","세종청사로또","세종   절재로 194 중앙타운 114호","29","36.508392","127.26221"
"1178","교동복권","강원 강릉시 솔올로 51 1층 4호(교동, 리멕스빌딩)","32","37.76663","128.87811"
"1178","청남로또","충북 청주시 상당구 단재로 742","33","36.56552","127.50957"
"1178","대박마트복권방","충남 아산시 음봉로 844 태화상가1층103호","34","36.826508","127.09927"
"1178","천안명당병천점","충남 천안시 동남구 아우내순대길 38 1층 미니스톱 내","34","36.76074","127.29882"
"1178","팡팡복권마트.잡화슈퍼","전북 전주시 덕진구 가리내로 26","35","35.834366","127.13327"
"1178","왕대박로또","전북 전주시 덕진구 만성북로 19 조은 프라자 106호","35","35.849773","127.07735"
"1178","하나유통","경북 경산시 공단2로 7","37","35.871765","128.81998"
"1179","주황이 복권방","서울 서초구 사임당로 178 110호","11","37.492226","127.02905"
"1179","가로판매점","서울 용산구 원효로 179","11","37.536076","126.96253"
"1179","승보슈퍼","서울 중구 마장로9길 49-19","11","37.570137","127.0184"
"1179","범일서적","부산 동구 진시장로 19-2 1층복권방","21","35.137386","129.05898"
"1179","하영","인천 서구 청라에메랄드로 65 아파트 상가 102호","23","37.53106","126.6557"
"1179","하영","인천 서구 청라에메랄드로 65 아파트 상가 102호","23","37.53106","126.6557"
"1179","로또또","경기 김포시 봉수대로 1704 102호","31","37.62097","126.63304"
"1179","경춘마트","경기 남양주시 경춘로992번길 1","31","37.634228","127.21185"
"1179","이마트24 용두휴게소","충남 천안시 동남구 매봉로 210 용두휴게소 이마트24 내","34","36.74836","127.30957"
"1179","흥건슈퍼","전북 전주시 완산구 거마평로 25 흥건슈퍼","35","35.794403","127.11578"
"1179","로또복권","전남 순천시 오천4길 21 111동108호","36","34.932903","127.493416"
"1179","복권명당","경북 구미시 상사동로 163-8 송일빌102호","37","36.09924","128.35825"
"1179","믿음사복권방","경남 함양군 금성길 1","38","35.628475","127.812"
"1180","인터넷 복권판매사이트","동행복권(dhlottery.co.kr)","","37.482063","127.015785"
"1180","성광복권명당","부산 연제구 과정로 335","21","35.19","129.0911"
"1180","대박","경기 구리시 안골로103번길 46","31","37.599422","127.14154"
"1180","행운드림로또&토토","경기 김포시 초당로16번길 77 1층 106호","31","37.63979","126.67515"
"1180","내츄럴하우스복권판매점","경기 평택시 중앙로 1 1층 상가","31","36.99572","127.08358"
"1180","백억만로또","강원 춘천시 퇴계로 15 7B-3L","32","37.866093","127.72451"
"1180","오창중앙복권","충북 청주시 청원구 중심상업로 47 103호","33","36.715076","127.42894"
"1180","로또명당인주점","충남 아산시 서해로 519-2","34","36.87784","126.89828"
"1180","공단로또명당","경북 포항시 남구 철강로 200 1층(장흥동)","37","35.98611","129.3638"
"1180","해보라마트","경남 김해시 율하7로 22 101호","38","35.17334","128.82556"
"1180","공단로또점","경남 함안군 삼칠로 831 슈퍼 옆 1층","38","35.360252","128.48526"
"1181","고고GOGO로또","서울 광진구 자양로15길 34","11","37.535645","127.08174"
"1181","잠실매점","서울 송파구 올림픽로 269 잠실역 8번출구 앞 가판","11","37.514446","127.10071"
"1181","뉴빅마트","부산 기장군 정관중앙로 48 106호","21","35.321114","129.17929"
"1181","뉴빅마트","부산 기장군 정관중앙로 48 106호","21","35.321114","129.17929"
"1181","뉴빅마트","부산 기장군 정관중앙로 48 106호","21","35.321114","129.17929"
"1181","뉴빅마트","부산 기장군 정관중앙로 48 106호","21","35.321114","129.17929"
"1181","뉴빅마트","부산 기장군 정관중앙로 48 106호","21","35.321114","129.17929"
"1181","뉴빅마트","부산 기장군 정관중앙로 48 106호","21","35.321114","129.17929"
"1181","뉴빅마트","부산 기장군 정관중앙로 48 106호","21","35.321114","129.17929"
"1181","뉴빅마트","부산 기장군 정관중앙로 48 106호","21","35.321114","129.17929"
"1181","화신상사","부산 동래구 삼성대길 48","21","35.205097","129.08176"
"1181","빅세일복권방","부산 부산진구 서면문화로 6","21","35.158302","129.05809"
"1181","로터리복권방","부산 서구 자갈치로 4","21","35.096195","129.02484"
"1181","금집복권","광주 북구 첨단연신로108번길 134","24","35.2088","126.86471"
"1181","로또복권방","경기 의왕시 효행로 42","31","37.351208","126.97329"
"1181","행운로또","충북 진천군 대하로 151 106호","33","36.9042","127.53552"
"1181","봉서산로또토토","충남 천안시 서북구 봉명로 25 1층 4호","34","36.807594","127.131355"
"1182","행운의집","서울 강동구 구천면로 222","11","37.540466","127.1292"
"1182","일조로또","서울 은평구 은평로 101","11","37.600006","126.91907"
"1182","꿈이현실로","서울 중구 청계천로 182","11","37.568573","126.99775"
"1182","종합가로판매점113호패션TV앞","서울 중구 을지로 264","11","37.56575","127.006966"
"1182","이유복권","인천 서구 이음대로 388 117호","23","37.59308","126.7127"
"1182","역전복권방","광주 광산구 상무대로 208 1층","24","35.13774","126.79203"
"1182","예가유통","울산 북구 화동로 6 1층 복권방","26","35.59136","129.36902"
"1182","송정복권","경기 군포시 송부로33번길 3-3 101호(도마교동)","31","37.31574","126.91756"
"1182","동행복권(로또복권)","경기 남양주시 퇴계원로 103-1 1층","31","37.65555","127.1442"
"1182","천하명당","경기 시흥시 신천3길 26-1 1층1호","31","37.438892","126.783295"
"1182","아이지에이마트 오산무지개점","경기 오산시 현충로 95","31","37.160877","127.07752"
"1182","훼미리마트","경기 포천시 중앙로 148 신읍동","31","37.8993","127.205414"
"1182","학동복권나라","전남 여수시 흥국로 6","36","34.763523","127.663475"
"1183","오케이(O.K)로또","서울 도봉구 우이천로 486-1","11","37.65648","127.01571"
"1183","자갈치도깨비명당","부산 중구 자갈치로 33 501,502호","21","35.09717","129.0283"
"1183","청구마트","대구 북구 검단로 34 청구아파트상가108동102호","22","35.90048","128.6171"
"1183","오천억복권방","광주 서구 상무대로 1087","24","35.15296","126.880745"
"1183","돈벼락맞는곳","대전 서구 복수남로 16","25","36.297783","127.37957"
"1183","8888로또","대전 서구 월평북로 77","25","36.362503","127.37681"
"1183","세븐일레븐 평내지원점","경기 남양주시 경춘로1256번길 6 112,113호","31","37.64595","127.23437"
"1183","비휴 로또","경기 오산시 양산로410번길 10 양산동","31","37.19544","127.02996"
"1183","로또휴게실","경기 용인시 기흥구 용구대로 1885","31","37.256386","127.10432"
"1183","로또복권","경기 의정부시 신흥로 348","31","37.74725","127.042854"
"1183","로또복권슈퍼(국제꽃화원)","경기 의정부시 동일로 677 101호","31","37.748566","127.05282"
"1183","금호 동행복권","전남 영암군 대불주거로 159 1층","36","34.75284","126.45735"
"1183","씨유제주 제일점","제주 제주시 신산로 16 CU 제일점","39","33.511852","126.53152"
"1184","가로판매점","서울 금천구 시흥대로 480 가판","11","37.47635","126.89906"
"1184","오케이상사","서울 서초구 신반포로 176 센트럴시티내100호매점","11","37.50555","127.00356"
"1184","5번가 로또","서울 송파구 올림픽로 249-2 가판(잠실역5번출구 바로 앞)","11","37.513065","127.09852"
"1184","천하명당복권방(행운을주는사람들)","부산 사상구 광장로38번길 25","21","35.16115","128.98048"
"1184","복권판매점","경기 광명시 광명로 908 (광명동)","31","37.47988","126.85494"
"1184","운수대통","경기 군포시 군포로745번길 24","31","37.37093","126.94142"
"1184","안성상회","경기 안성시 안성맞춤대로 1187","31","37.018612","127.26699"
"1184","행운복권방","경기 양평군 용문로 358-1 1층","31","37.484356","127.59362"
"1184","한방복권","경기 파주시 경의로 1100 연세프라자104호","31","37.715324","126.76012"
"1184","행운복권방","경기 포천시 솔모루로 86-1","31","37.8288","127.14748"
"1184","강경복권방","충남 논산시 계백로 126-1","34","36.15601","127.014854"
"1184","꿀사랑","충남 논산시 해월로179번길 10","34","36.206383","127.08685"
"1184","역전로또","경북 구미시 구미중앙로 72","37","36.129063","128.33061"
"1184","로또복권 하대점","경남 진주시 도동로 188","38","35.18703","128.12248"
"1184","소답시내버스매표소","경남 창원시 의창구 의안로2번길 17 가판","38","35.261776","128.62564"
"1185","하나복권(가로판매점)","서울 영등포구 여의나루로 42 가로판매점(여의도동)","11","37.52147","126.92497"
"1185","뉴빅마트","부산 기장군 정관중앙로 48 106호","21","35.321114","129.17929"
"1185","천하제일명당","부산 부산진구 골드테마길 42","21","35.143642","129.06015"
"1185","복권천국","경기 광명시 기아로 6","31","37.436337","126.880295"
"1185","복이만석","경기 수원시 영통구 덕영대로1555번길 13 106호(영통동, 세일빌딩)","31","37.246784","127.0608"
"1185","일등복권방","경기 시흥시 시청로68번길 4 1층 124호(장현동, 장현1엔플러스빌)","31","37.38048","126.80052"
"1185","천하명당","경기 안산시 단원구 광덕2로 193-19 113,114호","31","37.31169","126.83174"
"1185","복권나라","경기 오산시 성호대로93번길 27","31","37.151245","127.07145"
"1185","새희망복권","경기 화성시 동화새터길 98 106호","31","37.21728","126.95972"
"1185","필로또복권","충남 서산시 호수공원6로 64 1층","34","36.77264","126.45055"
"1185","GMART","경북 구미시 구미중앙로 57-3","37","36.130028","128.32906"
"1185","로또통신","경남 김해시 함박로101번길 22 삼우빌딩104호 복권판매점","38","35.234215","128.86583"
"1186","희망드림(동행복권)","서울 광진구 뚝섬로30길 47","11","37.53488","127.06755"
"1186","보성정보통신","서울 동대문구 장한로2길 24","11","37.56191","127.06647"
"1186","한국인세계대박복권","인천 연수구 한나루로197번길 34","23","37.42769","126.65522"
"1186","미리 대박 복권","대전 서구 둔산남로105번길 19","25","36.349957","127.38909"
"1186","네잎클로버","울산 북구 당수골6길 20 1층","26","35.63473","129.36066"
"1186","씨월드","경기 남양주시 별내2로 64 109호","31","37.646427","127.12488"
"1186","광성슈퍼","경기 이천시 단월로 33","31","37.221367","127.44998"
"1186","복권마트 & 씨스페이스 홍천점","강원 홍천군 홍천로 409 1층","32","37.690258","127.88947"
"1186","황금알복권방","충북 진천군 상산로 71","33","36.854687","127.44187"
"1186","행운복권방 보생당건강원","전북 익산시 무왕로 1268","35","35.960304","126.99727"
"1186","일레븐마트무선점","전남 여수시 성산로 19","36","34.77387","127.63973"
"1186","행복마트","경북 김천시 혁신로 185 메타폴리스상가 120호","37","36.117535","128.18396"
"1186","창원로또명당","경남 창원시 성산구 용지로113번길 8","38","35.226368","128.67827"
"1186","만물할인슈퍼","경남 창원시 성산구 대정로 145 개나리1차상가107호","38","35.21318","128.7085"
"1187","인터넷 복권판매사이트","동행복권(dhlottery.co.kr)","","37.482063","127.015785"
"1187","인터넷 복권판매사이트","동행복권(dhlottery.co.kr)","","37.482063","127.015785"
"1187","가든파이브 복권","서울 송파구 충민로 52 가든파이브웍스 제지1층 제비에프10777-2호","11","37.47772","127.12275"
"1187","셀피아","울산 북구 무룡로 29 울산광역시 북구 연암동 417-1, 1층","26","35.58109","129.36357"
"1187","1번지복권방","경기 성남시 중원구 희망로 448 1층일부 (금광동)","31","37.444973","127.15739"
"1187","꿈이있는로또","경기 여주시 경충대로 1490 오일뱅크 주유소","31","37.21828","127.531334"
"1187","코사마트역전점","경기 평택시 중앙2로 1","31","36.991993","127.08722"
"1187","하당복권방","전남 목포시 옥암로 46","36","34.803894","126.429474"
"1187","대풍로또판매점","경남 김해시 번화2로 36","38","35.192284","128.80525"
"1187","진빈레코드","경남 밀양시 북성로 7","38","35.498558","128.74329"
"1187","나눔로또봉평점","경남 통영시 도남로 81","38","34.831635","128.41365"
"1188","구일 로또 전자담배","서울 구로구 구일로8길 63 한신상가 102호","11","37.487312","126.82406"
"1188","또와요로또방","서울 동대문구 왕산로 270-1 1층","11","37.584694","127.05096"
"1188","천하명당복권방","서울 송파구 백제고분로41길 7 1층","11","37.506783","127.10817"
"1188","부일카서비스","부산 동구 자성로133번길 35","21","35.140015","129.06306"
"1188","다시 꿈꾸는 미래 동행복권","부산 부산진구 백양대로208번길 38-9 상가동13호","21","35.16136","129.02824"
"1188","로또(카페)","대구 달서구 대명천로 89 1층","22","35.83919","128.5499"
"1188","일등복권편의점","대구 달서구 대명천로 220 1층","22","35.84214","128.53621"
"1188","대박슈퍼","인천 부평구 경원대로 1438","23","37.490837","126.728645"
"1188","대박슈퍼","인천 부평구 경원대로 1438","23","37.490837","126.728645"
"1188","대박슈퍼","인천 부평구 경원대로 1438","23","37.490837","126.728645"
"1188","대박슈퍼","인천 부평구 경원대로 1438","23","37.490837","126.728645"
"1188","대박슈퍼","인천 부평구 경원대로 1438","23","37.490837","126.728645"
"1188","와따복권방","인천 서구 검단로 490 1층","23","37.6023","126.6586"
"1188","와따복권방","인천 서구 검단로 490 1층","23","37.6023","126.6586"
"1188","행운복권방","경기 고양시 덕양구 꽃마을로 66 1층105호","31","37.60126","126.89335"
"1188","하늘로또","경기 여주시 세종로475번길 2 1층","31","37.257896","127.646416"
"1188","하늘로또","경기 여주시 세종로475번길 2 1층","31","37.257896","127.646416"
"1188","하늘로또","경기 여주시 세종로475번길 2 1층","31","37.257896","127.646416"
"1188","하늘로또","경기 여주시 세종로475번길 2 1층","31","37.257896","127.646416"
"1188","하늘로또","경기 여주시 세종로475번길 2 1층","31","37.257896","127.646416"
"1188","드림복권전문점","경기 평택시 평남로 651","31","36.991936","127.10693"
"1188","성강동인","경기 하남시 신장로 212 1층 2호","31","37.543922","127.19827"
"1188","영일대 복권방","경북 포항시 북구 학전로 26 1층,항구동","37","36.055035","129.37462"
"1188","동아슈퍼","경남 김해시 전하로 253 동아그린아파트상가 103동 101호","38","35.22628","128.87253"
"1189","태양 명당 복권방","서울 금천구 독산로 211 세진상가103호","11","37.46546","126.90202"
"1189","인터넷 복권판매사이트","동행복권(dhlottery.co.kr)","","37.482063","127.015785"
"1189","중구-가로가판대-37","서울 중구 남대문로 20-2","11","37.56083","126.97805"
"1189","행복드림 복권","인천 서구 청라라임로 85 판매시설 비동 131호 후면(청라동, 청라린스트라우스)","23","37.53516","126.65313"
"1189","동키호테편의점","광주 서구 풍금로38번길 23","24","35.123924","126.864746"
"1189","영화유통(1등복권방)","울산 남구 신정로 19 삼성아파트 상가 204-101","26","35.533833","129.32205"
"1189","천하명당복권방","경기 수원시 팔달구 매산로 2","31","37.26661","127.00185"
"1189","우리로또복권","경기 연천군 청신로 91","31","37.982903","127.06913"
"1189","당첨쑥쑥복권","경기 의왕시 고산로 88","31","37.351463","126.961395"
"1189","로또야놀자","경북 경주시 양정로 211","37","35.85151","129.22398"
"1189","목화휴게소","경남 사천시 사천대로 912","38","35.0018","128.05415"
"1189","명당","경남 진주시 동부로 1356 1층 일부호","38","35.18731","128.22482"
"1189","세븐일레븐진해경화위브점","경남 창원시 진해구 조천로 29 세븐일레븐","38","35.1603","128.68478"
"1190","돈벼락맞는곳","부산 동구 조방로49번길 18-1","21","35.139168","129.05995"
"1190","로또판매선부점","경기 안산시 단원구 선부광장로 27 122-2호","31","37.33619","126.81017"
"1190","금은동복권방","경기 용인시 기흥구 중부대로 679-6","31","37.266743","127.13694"
"1190","흥양마중물","강원 원주시 치악로 2335 1층","32","37.3837","127.97537"
"1190","희망복권방","충북 청주시 흥덕구 월명로 150","33","36.647873","127.454094"
"1190","부영상회","충북 충주시 칠금중앙로 38 1층","33","36.982098","127.91797"
"1191","운좋은날","서울 강동구 풍성로 187 102호","11","37.53","127.13284"
"1191","운좋은날","서울 강동구 풍성로 187 102호","11","37.53","127.13284"
"1191","운좋은날","서울 강동구 풍성로 187 102호","11","37.53","127.13284"
"1191","운좋은날","서울 강동구 풍성로 187 102호","11","37.53","127.13284"
"1191","운좋은날","서울 강동구 풍성로 187 102호","11","37.53","127.13284"
"1191","도로시","서울 강동구 아리수로93길 19 108호","11","37.56538","127.17412"
"1191","사당","서울 관악구 과천대로 953","11","37.475727","126.981445"
"1191","인터넷 복권판매사이트","동행복권(dhlottery.co.kr)","","37.482063","127.015785"
"1191","우정식품","부산 동래구 온천장로 33 1층","21","35.21531","129.07925"
"1191","행운나눔","부산 사하구 사하로 204","21","35.099873","128.99347"
"1191","반달커피대구침산점","대구 북구 칠성남로 100 대구역한라하우젠트센텀상가102호","22","35.878113","128.5917"
"1191","메트로센터점","대구 중구 달구벌대로 지하 2100 메트로센터C412호","22","35.86582","128.59314"
"1191","씨유 방어행복점","울산 동구 꽃바위로 35","26","35.49189","129.41109"
"1191","행운로또 굴화점","울산 울주군 굴화2길 26 1층","26","35.55459","129.26051"
"1191","행복충전소","경기 안양시 만안구 안양로 228 1층","31","37.39359","126.9261"
"1191","북부슈퍼","경기 의정부시 가능로125번길 22","31","37.74797","127.04477"
"1191","리버스 편의점","경기 하남시 미사대로 520 현대지식산업센터 한강미사2차 D동 125호","31","37.558865","127.20458"
"1191","GS25석문센트럴점","충남 당진시 산단7로 94-9 106,107호 GS편의점 내","34","36.99936","126.59489"
"1192","삼성마트","서울 강남구 선릉로 636 102호(키스톤빌딩)","11","37.51332","127.042915"
"1192","장안평역 3번출구 가판대","서울 동대문구 장한로 6-1 장한평역 3번출구 앞 가판대","11","37.561966","127.06511"
"1192","명신사","서울 마포구 월드컵로 97","11","37.55725","126.90864"
"1192","로또킹","서울 영등포구 영중로 2 1층(영등포동3가)","11","37.516743","126.906746"
"1192","돈벼락맞는곳","부산 사상구 낙동대로 910 마트월드 A-160호","21","35.141865","128.971"
"1192","돈벼락맞는곳","부산 사상구 낙동대로 910 마트월드 A-160호","21","35.141865","128.971"
"1192","돈벼락맞는곳","부산 사상구 낙동대로 910 마트월드 A-160호","21","35.141865","128.971"
"1192","청솔서점","부산 사하구 하신번영로 195","21","35.098824","128.95897"
"1192","로또명당(유가테크노점)","대구 달성군 테크노상업로 108 1동 1층 114호(테크노에이스)","22","35.693245","128.46114"
"1192","광주공항로또","광주 광산구 상무대로 411 1층","24","35.144405","126.81089"
"1192","로또25시","울산 남구 수암로288번길 1 1층","26","35.521145","129.33603"
"1192","미보라복권방","울산 중구 염포로 15","26","35.559395","129.34323"
"1192","마두5번출구가판로또","경기 고양시 일산동구 중앙로 1200","31","37.65387","126.77711"
"1192","남문시장","경기 수원시 팔달구 수원천로255번길 6 89호(영동, 영동시장)","31","37.277485","127.01864"
"1192","일번가","경기 용인시 기흥구 서천서로20번길 4-6 102동","31","37.240196","127.07599"
"1192","천하명당","경기 파주시 방촌로 1719-68 좋은빌딩2 107호","31","37.866947","126.78361"
"1192","바른","경기 하남시 신장로 68","31","37.53573","127.21005"
"1192","율암25시편의점","경기 화성시 시청로 822","31","37.166355","126.88175"
"1192","동탄호수복권","경기 화성시 동탄순환대로 127-5 1층 101호","31","37.16609","127.10728"
"1192","유니로또","강원 원주시 행구로 45 1층","32","37.341587","127.96079"
"1192","일등대박복권방","충북 진천군 중앙동로 74-1 1층","33","36.856537","127.44515"
"1192","해수로또","충북 청주시 상당구 산성로 22-1","33","36.62615","127.49938"
"1192","씨유 율량칸타빌 4차점","충북 청주시 청원구 율중로 19 편의점","33","36.660393","127.50668"
"1192","터미널복권","충북 충주시 봉계1길 49 충주터미널1층","33","36.981136","127.91502"
"1192","베스트올수성점","전북 정읍시 수성2로 28","35","35.58169","126.854416"
"1192","또니로또연구소 한꼴토토","전남 순천시 장선배기1길 6-53 1층","36","34.9534","127.52422"
"1192","씨스페이스 경주세방매점","경북 경주시 산업로 4447 (용강동)","37","35.877205","129.22649"
"1192","대청행복복권","경남 김해시 대청로 121 대청프라자 B동 104호","38","35.18577","128.79791"
"1192","조선복권","경남 창원시 의창구 남산로 111 1층 GS25편의점","38","35.2543","128.6203"
"1193","미나식품(로또판매점)","서울 강서구 금낭화로 91-12","11","37.5735","126.81066"
"1193","스파","서울 노원구 동일로 1493 주공10단지종합상가111","11","37.66166","127.05787"
"1193","행운복권","서울 영등포구 도신로65길 2 1층(신길동)","11","37.512917","126.91745"
"1193","지에스(GS)25 신길센트럴점","서울 영등포구 도림로 308 1층","11","37.505123","126.90278"
"1193","오거리복권방","서울 용산구 소월로20길 12","11","37.545994","126.985245"
"1193","코리아슈퍼","대구 달서구 달구벌대로 1130 1층  코리아마트내","22","35.850815","128.49092"
"1193","메트로센터점","대구 중구 달구벌대로 지하 2100 메트로센터C412호","22","35.86582","128.59314"
"1193","희망복권","인천 서구 가정로151번길 11 삼성홈플러스가좌점1층","23","37.497604","126.67071"
"1193","보경복권","울산 북구 명촌6길 7","26","35.558064","129.36029"
"1193","고양월드식품복권","경기 고양시 덕양구 혜음로 8 삼라마이다스프라자 제1층 제115호","31","37.701103","126.901794"
"1193","소망복권판매점","경기 김포시 청송로 26 102-1호","31","37.64776","126.6667"
"1193","조은하루","경기 용인시 처인구 낙은로 22","31","37.23934","127.19856"
"1193","복권백화점","경기 파주시 평화로 70","31","37.763588","126.76989"
"1193","유성로또복권상회","강원 원주시 평원로 45 1층","32","37.35008","127.95144"
"1193","합천우리복권방","경남 합천군 핫들2로 8 1층","38","35.56843","128.16539"
"1193","돈벼락 복권","제주 제주시 흥운길 12","39","33.510105","126.511345"
"1194","미나식품(로또판매점)","서울 강서구 금낭화로 91-12","11","37.5735","126.81066"
"1194","종로3가1호선역2번출구가로판매점82호","서울 종로구 돈화문로 23 가판","11","37.5707","126.991875"
"1194","지에스(GS)25 기장읍내로","부산 기장군 읍내로94번길 2","21","35.24467","129.21439"
"1194","로또성지","부산 부산진구 백양관문로 104-1","21","35.168537","129.02856"
"1194","희망복권판매점","인천 서구 보듬5로 5 104호일부","23","37.594208","126.61228"
"1194","1등복권방","인천 연수구 해돋이로 168 (송도동 21-13 혜인프라자 104호)","23","37.395416","126.64522"
"1194","씨유 송도점","인천 연수구 인권로 9 1층 CU","23","37.418644","126.65144"
"1194","알리바이","광주 광산구 수등로 253 1층 알리바이","24","35.185387","126.83668"
"1194","황금열쇠복권방","울산 북구 신기15길 2","26","35.645832","129.35484"
"1194","행복나눔로또","경기 남양주시 마석로 37 101호","31","37.654255","127.306145"
"1194","버스표가판점","경기 안양시 동안구 동안로 125-2 범계역4-1출구앞 버스표가판점","31","37.389736","126.95106"
"1194","황금마트","경기 평택시 현신3길 5-9","31","36.996082","127.13491"
"1194","행운슈퍼","경기 화성시 병점3로 37 106호","31","37.20829","127.03755"
"1194","왕대박복권전문점","강원 동해시 중앙로 234 이주민상가1층18호","32","37.52171","129.115"
"1194","왕대박복권","강원 속초시 번영로 142 1층, 102호","32","38.211353","128.58932"
"1194","속초등대로또복권","강원 속초시 영금정로 23","32","38.212677","128.59906"
"1194","복드림로또판매점","충북 충주시 첨단산업9로 13 1충","33","36.9995","127.83492"
"1194","153로또판매점","충남 아산시 배방로 57-23","34","36.772297","127.05734"
"1194","예스복권방","충남 천안시 동남구 천안천공원6길 14-5 1층","34","36.795994","127.147995"
"1194","농산물직판장","전북 군산시 백토로 128","35","35.96753","126.70487"
"1194","부안복권방","전북 부안군 번영로 135","35","35.72623","126.73543"
"1194","행운복권방","전북 부안군 번영로 109","35","35.72662","126.73255"
"1194","로또로복권","전북 전주시 완산구 모악로 4729","35","35.791546","127.131294"
"1194","로타리상회","경북 구미시 산호대로 199 상가1층4호","37","36.10139","128.38504"
"1194","복권나라","경북 포항시 북구 장량로140번길 9","37","36.08086","129.39603"
"1194","로또행운마트","경남 김해시 능동로 177 복권판매점","38","35.203793","128.81001"
"1194","로또복권판매 초전점","경남 진주시 대신로457번길 9 1층","38","35.201275","128.11505"
"1194","범섬로또","제주 서귀포시 월드컵로 169","39","33.23481","126.50678"
"1195","편의점사랑","서울 강서구 곰달래로25길 57 1층","11","37.533108","126.848274"
"1195","금두꺼비 복권방","부산 동래구 안남로 89-1 1층(안락동)","21","35.193626","129.10184"
"1195","제우스테크","대전 서구 원도안로 30","25","36.306774","127.348656"
"1195","똥광 로또 복권방","경기 안산시 단원구 화랑로 98 바동 102호","31","37.32695","126.79981"
"1195","주몽동명","경기 용인시 수지구 포은대로 319 중앙빌딩 104호","31","37.315742","127.08753"
"1195","주택복권방","경기 용인시 수지구 풍덕천로 144-1 103호","31","37.323883","127.09745"
"1195","작은신부","충남 서산시 구진로 6","34","36.936096","126.43599"
"1195","행복자리","전북 군산시 칠성1길 33","35","35.958336","126.67308"
"1195","대동복권방","경남 김해시 월산로 112-57 이마트편의점 좌측 복권판매점","38","35.206844","128.80473"
"1195","명당","경남 진주시 동부로 1356 1층 일부호","38","35.18731","128.22482"
"1196","복권마을","서울 구로구 구로동로 72","11","37.485348","126.88605"
"1196","행운복권방","서울 금천구 가산디지털1로 168 A동 103호","11","37.479958","126.882484"
"1196","뉴빅마트","부산 기장군 정관중앙로 48 106호","21","35.321114","129.17929"
"1196","하늘복권방","부산 해운대구 해운대로 814 A동 137호(좌동, 세종월드프라자)","21","35.16958","129.17767"
"1196","복덩이 로또","인천 연수구 함박뫼로12번길 1 102호","23","37.418625","126.67155"
"1196","100억로또점","경기 김포시 김포대로 1610 나동 6호","31","37.663147","126.658936"
"1196","달려라 복권방","경기 남양주시 남가로 1821 104호","31","37.694668","127.35626"
"1196","대박의터","강원 춘천시 영서로 1786","32","37.836243","127.76008"
"1196","쿡쿡로또명당","충북 옥천군 금장로 65 세븐일레븐편의점","33","36.300304","127.57118"
"1196","행운복권방","전북 고창군 중앙로 200","35","35.4349","126.697495"
"1196","훼미리마트 우아대로점","전북 전주시 덕진구 건산로 276","35","35.835472","127.16736"
"1196","복권세상","전남 목포시 청호로 139 1층 복권세상","36","34.8039","126.37585"
"1196","성심상회","경북 포항시 북구 불종로 78","37","36.038174","129.36801"
"1196","대박드림","경북 포항시 북구 천마로72번길 7 1층,111동107호(양덕동)","37","36.08318","129.3978"
"1196","드림로또","경남 창원시 진해구 신항4로 49 105호 세븐일레븐","38","35.087814","128.81754"
"1197","일등","서울 강동구 양재대로 1500 101호","11","37.539463","127.14085"
"1197","다람쥐로또","서울 마포구 동교로 40 1층","11","37.55247","126.90672"
"1197","인터넷 복권판매사이트","동행복권(dhlottery.co.kr)","","37.482063","127.015785"
"1197","오케이상사","서울 서초구 신반포로 176 센트럴시티내100호매점","11","37.50555","127.00356"
"1197","하영","인천 서구 청라에메랄드로 65 아파트 상가 102호","23","37.53106","126.6557"
"1197","대전우표사","대전 동구 중앙로204번길 16-1","25","36.330036","127.432076"
"1197","로토피아","경기 광명시 오리로 371 상가1층102호","31","37.435596","126.87925"
"1197","그린마트","경기 성남시 분당구 대왕판교로 255 107호","31","37.366467","127.10083"
"1197","정통복권방","경기 수원시 팔달구 매산로116번길 32","31","37.269806","127.01393"
"1197","로또 복권방","경기 양주시 칠봉산로 195-7 102호(봉양동)","31","37.851795","127.07751"
"1197","로또복권방","경기 의정부시 평화로 223","31","37.711758","127.0473"
"1197","대박찬스","충북 청주시 흥덕구 가경로161번길 3","33","36.628975","127.43644"
"1197","춘향로또","전북 남원시 동림로 102-1","35","35.41707","127.384926"
"1198","","","","",""
"1199","인터넷 복권판매사이트","동행복권(dhlottery.co.kr)","","37.482063","127.015785"
"1199","여명슈퍼마켓","서울 성북구 장위로15길 4","11","37.61431","127.04147"
"1199","돈벼락맞는곳","부산 해운대구 양운로 55 두산위브센티움상가102호","21","35.168194","129.17624"
"1199","행운 로또복권","부산 해운대구 좌동로 107-10","21","35.17356","129.17668"
"1199","돈벼락맞는곳","부산 해운대구 양운로 55 두산위브센티움상가102호","21","35.168194","129.17624"
"1199","대박로또","대전 중구 대종로 174 1층","25","36.30706","127.447525"
"1199","복권판매점","경기 고양시 일산서구 일산로 502 분산상가동 1층 4호(일산동, 후곡마을14단지)","31","37.67617","126.77196"
"1199","돈벼락","경기 부천시 범안로 220 제근린생활시설2동 1층 103호","31","37.46042","126.81241"
"1199","온누리로또","경기 수원시 권선구 세권로 122 1층 102호","31","37.25713","127.017456"
"1199","새말편의점","경기 안성시 신령로 209","31","37.027336","127.22271"
"1199","신의한수","경기 화성시 떡전골로 86 103호","31","37.20643","127.03415"
"1199","진평양행","강원 강릉시 임영로 107","32","37.751263","128.89407"
"1199","복권명당","강원 태백시 황지로 32","32","37.161564","128.99089"
"1199","참깨열쇠.복권","전북 전주시 완산구 용리로 43 1층","35","35.798843","127.11466"
"1199","행복나눔","전남 담양군 무정로 42","36","35.30844","126.98514"
"1199","로또명당","경북 의성군 중앙길 10-1 1층","37","36.34501","128.69894"
"1199","승원롯또판매","경남 창원시 의창구 천주로 506 복권판매점","38","35.301727","128.60196"
"1200","살맛나는 세상","서울 동대문구 한천로46길 56-4 GS25시 휘경주공점","11","37.581577","127.071365"
"1200","인터넷 복권판매사이트","동행복권(dhlottery.co.kr)","","37.482063","127.015785"
"1200","씨유 망우점2","서울 중랑구 망우로 410 1층","11","37.598976","127.09761"
"1200","행복한복권","대구 수성구 지범로31길 7 우측상가(지산동)","22","35.82267","128.63895"
"1200","황금돼지","인천 미추홀구 인주대로 370","23","37.451294","126.677475"
"1200","L마트","인천 서구 승학로 528 아카데미프라자107호","23","37.565594","126.678185"
"1200","바로전산","경기 광명시 오리로 1000 (광명동)","31","37.480213","126.85236"
"1200","로또방","경기 포천시 구절초로 44","31","37.897346","127.20055"
"1200","탑","강원 원주시 천사로 94 1층","32","37.348213","127.93562"
"1200","제천시현로또점","충북 제천시 의림대로 340 GS25","33","37.15744","128.2122"
"1200","행운의집로또","충남 아산시 북수북길 7-4 1층","34","36.775272","127.06758"
"1200","용남복권","경남 통영시 남해안대로 440","38","34.868935","128.44438"
"1201","굴러들어온 복권","서울 강남구 논현로72길 20 1층 102호","11","37.495804","127.04116"
"1201","신일","서울 강서구 까치산로 177 1층 101호","11","37.553062","126.85334"
"1201","인터넷 복권판매사이트","동행복권(dhlottery.co.kr)","","37.482063","127.015785"
"1201","신가로판매점","서울 중구 세종대로 26","11","37.558704","126.97442"
"1201","백금당","부산 중구 중구로29번길 26","21","35.100513","129.02731"
"1201","천하명당복권방","광주 서구 풍암순환로 5 대주파크빌아파트상가1층102호","24","35.12602","126.876625"
"1201","세종로또방","세종   용포로 32","29","36.461655","127.280685"
"1201","복권판매점","경기 광명시 광명로 908 (광명동)","31","37.47988","126.85494"
"1201","동남운천복권","충북 청주시 상당구 중고개로125번길 17","33","36.61543","127.51741"
"1201","비하로또명당","충북 청주시 흥덕구 2순환로 1052 1층 휴대폰싸게파는집 내부","33","36.64092","127.421906"
"1201","로또로복권","전북 전주시 완산구 모악로 4729","35","35.791546","127.131294"
"1201","복권나라동성점","전남 순천시 연향번영길 94 동성아파트 상가113호","36","34.950096","127.51894"
"1201","대불로또판매점","전남 영암군 대불주거1로9길 3 1층 101호","36","34.751568","126.45539"
"1201","노다지구미황상","경북 구미시 수출대로 555","37","36.110912","128.42572"
"1201","로또복권","대구 군위군 중앙길 32","22","36.231487","128.56749"
"1201","터미널복권판매점","경남 창원시 마산회원구 3·15대로 756 1층 102호(마산시외버스터미널)","38","35.23916","128.58353"
"1201","제이에이치마켓","경남 창원시 의창구 의창대로 914","38","35.278957","128.69046"
"1201","행운로또복권방","경남 창원시 진해구 용원로 89","38","35.098915","128.81892"
"1201","영화복권","경남 창원시 진해구 안청남로 14","38","35.10107","128.8045"
"1202","월드로또복권 판매점","서울 강남구 논현로63길 16 1층 102호","11","37.493008","127.03915"
"1202","사당","서울 관악구 과천대로 953","11","37.475727","126.981445"
"1202","성지로또","서울 송파구 마천로7길 6 대림아파트상가115호","11","37.49927","127.102005"
"1202","태릉시장복권방","서울 중랑구 중랑역로 47","11","37.598118","127.07667"
"1202","로또까페","인천 계양구 길마로 35 1층 102호","23","37.534027","126.70959"
"1202","좋은터","인천 계양구 효서로 204 1층","23","37.527794","126.71853"
"1202","대운복권","경기 성남시 중원구 성남대로 1149","31","37.432377","127.12866"
"1202","드림복권방","경기 수원시 권선구 정조로 515","31","37.25527","127.011055"
"1202","머니머니","경기 시흥시 월곶중앙로14번길 100","31","37.394455","126.739426"
"1202","선경로또","충북 제천시 용두대로 59 1층","33","37.13622","128.19936"
"1202","땅끝 로또","전남 해남군 산정1길 111 세븐일레븐","36","34.36887","126.5191"
"1202","KOREA마트","경북 구미시 임은길 64","37","36.088997","128.36955"
"1202","씨스페이스 어방점","경남 김해시 인제로170번길 15-6 편의점 내","38","35.244053","128.90582"
"1202","씨스페이스 어방점","경남 김해시 인제로170번길 15-6 편의점 내","38","35.244053","128.90582"
"1203","대왕로또","부산 영도구 남항로 35","21","35.088993","129.04027"
"1203","와이에스컴퍼니","대구 남구 두류공원로 105 1층","22","35.84577","128.56767"
"1203","일등커피로또판매점","대구 수성구 동대구로 371 1층,일등커피숍내","22","35.863514","128.62642"
"1203","대박슈퍼","인천 부평구 경원대로 1438","23","37.490837","126.728645"
"1203","동성슈퍼","울산 울주군 북문1길 7 101호","26","35.570965","129.12039"
"1203","지에스25(울산우정선경점)로또","울산 중구 우정3길 12","26","35.55905","129.31126"
"1203","행복점빵","경기 고양시 덕양구 지축1로 41 108호","31","37.64868","126.91496"
"1203","두근두근로또복권","경기 고양시 일산동구 일산로 453 1층 106호","31","37.673714","126.77627"
"1203","동하인터내셔날","경기 남양주시 진건오남로884번길 23 105,106호","31","37.70544","127.19809"
"1203","만물전파사","경기 남양주시 마석중앙로 74","31","37.652023","127.307846"
"1203","영앤로또","경기 남양주시 다산중앙로123번길 47 메트로3단지 상기 106호","31","37.622902","127.147575"
"1203","행운모아 복권방","경기 수원시 권선구 서수원로577번길 305 제상가동 비205호(금곡동, 수원모아미래도센트럴타운2단지)","31","37.27444","126.94018"
"1203","일주일행복로또(파장매표소)","경기 수원시 장안구 파장로82번길 3","31","37.30682","126.99182"
"1203","행운복권방","경기 의정부시 충의로 55","31","37.73674","127.08712"
"1203","터미널식품","경기 의정부시 동일로 640","31","37.745457","127.05505"
"1203","진평양행","강원 강릉시 임영로 107","32","37.751263","128.89407"
"1203","노다지복권","강원 횡성군 문정로 52","32","37.488537","127.98868"
"1203","행복한복권방","전북 전주시 덕진구 혁신로 465","35","35.8545","127.06591"
"1203","행복한복권방","전북 전주시 덕진구 혁신로 465","35","35.8545","127.06591"
"1203","황금알복권","전남 광양시 광포로 39 1층 (광영동)","36","34.962803","127.72284"
"1203","행복로또방","경남 김해시 김해대로2529번길 31 100-3호 복권판매점","38","35.23111","128.90291"
"1204","행운로또복권방","서울 성북구 보국문로 34-1","11","37.607548","127.01053"
"1204","방이먹자골목 천하명당 일등복권","서울 송파구 오금로11길 24 제1층 주차장 옆","11","37.514874","127.10982"
"1204","가판100호","서울 중구 을지로 113-4","11","37.56644","126.990746"
"1204","로터리 클럽","인천 미추홀구 인하로 250-1 1층","23","37.44812","126.67594"
"1204","대박복권방","인천 부평구 영성로 50-1 1층","23","37.52011","126.74498"
"1204","인현동지하가판","인천 중구 참외전로 132-2 동인천역 7,8번 출구 지하1층 가판대","23","37.475266","126.63103"
"1204","로또편의점","경기 김포시 김포한강11로 288-32 골든스퀘어101호","31","37.654293","126.68418"
"1204","초이스 복권판매점","경기 안성시 석정2길 20 1층 104호","31","37.00919","127.26089"
"1204","한빛3단지 천지인","경기 파주시 와석순환로 66 103호","31","37.71032","126.75176"
"1204","스마일로또","충북 제천시 신죽하로 83-11 1층 GS25 편의점 내","33","37.15993","128.22205"
"1204","로또복권방","충북 청주시 청원구 내수로 725-1 디지털프라자 옆","33","36.726448","127.53578"
"1204","썬마트","충북 청주시 흥덕구 진재로23번길 25","33","36.632607","127.42811"
"1204","대박마트복권방","충남 아산시 음봉로 844 태화상가1층103호","34","36.826485","127.09925"
"1204","로또명당인주점","충남 아산시 서해로 519-2","34","36.87784","126.89828"
"1204","희망복권방","충남 예산군 예산로 241 1층","34","36.680325","126.85139"
"1204","조례로또복권방","전남 순천시 봉화2길 58 조례로또복권방","36","34.95842","127.51815"
"1204","복슈퍼","경남 김해시 가야로 19 푸르지오상가 111호 복권판매점","38","35.27011","128.86241"
"1204","제일복권","경남 양산시 양산역2길 7 103호 복권판매점","38","35.335594","129.02797"
"1205","기장슈퍼","부산 기장군 차성동로 69","21","35.243927","129.2165"
"1205","평생꽃길대연점","부산 남구 수영로266번길 37","21","35.13507","129.09718"
"1205","부일카서비스","부산 동구 자성로133번길 35","21","35.140015","129.06306"
"1205","복권명당신기점","대구 동구 율하동로24길 49","22","35.869595","128.70769"
"1205","황금대박점","대구 수성구 지범로 62","22","35.826054","128.62749"
"1205","대박복권판매점","인천 남동구 구월남로 190","23","37.452675","126.71069"
"1205","행운강림 로또방","경기 안산시 상록구 반석로 54","31","37.296513","126.8657"
"1205","별복권방","충북 청주시 흥덕구 덕암로114번길 28","33","36.65003","127.46118"
"1205","운수대통복권방","충남 천안시 동남구 대흥로 122","34","36.80049","127.14926"
"1205","명당","경남 진주시 동부로 1356","38","35.18731","128.22482"
"1206","잉크와복권","서울 강서구 가로공원로76가길 12","11","37.53307","126.83962"
"1206","복권세계","서울 동작구 신대방길 8","11","37.487953","126.912155"
"1206","신세계슈퍼","서울 영등포구 대림로 191","11","37.49777","126.89829"
"1206","로또킹","서울 영등포구 영중로 2","11","37.516743","126.906746"
"1206","대박천하복권방","서울 은평구 연서로 150","11","37.60352","126.91597"
"1206","에스비 상사","서울 중구 퇴계로86길 29","11","37.564255","127.019806"
"1206","청솔서점","부산 사하구 하신번영로 195","21","35.098824","128.95897"
"1206","우성 명당 복권방","경기 안산시 상록구 본오로 133","31","37.2973","126.86652"
"1206","로또육사오","경기 안산시 상록구 일동로 22","31","37.310066","126.86888"
"1206","대운로또(씨스페이스)","경기 화성시 사랑길 90","31","37.078716","126.82305"
"1206","불티나","강원 춘천시 후석로462번길 94-1","32","37.890953","127.751976"
"1206","스타복권판매점","강원 춘천시 방송길 104","32","37.867527","127.72083"
"1206","로또명당인주점","충남 아산시 서해로 519-2","34","36.87784","126.89828"
"1206","천만불로또복권","전북 남원시 용성로 207","35","35.41606","127.39496"
"1206","화신복권방","제주 제주시 중앙로 183","39","33.502876","126.52785"
"1207","편의점사랑","서울 강서구 곰달래로25길 57 1층","11","37.533108","126.848274"
"1207","편의점사랑","서울 강서구 곰달래로25길 57 1층","11","37.533108","126.848274"
"1207","천하명당초량점","부산 동구 중앙대로221번길 3","21","35.116898","129.04013"
"1207","후연로또점","인천 계양구 황어로 130 일부호","23","37.579365","126.73476"
"1207","로또명당진하점","울산 울주군 해맞이로 1578","26","35.382607","129.34232"
"1207","고양행복복권","경기 고양시 덕양구 삼송로 142","31","37.652287","126.8898"
"1207","삼성복권방","경기 동두천시 어수로 100-1","31","37.902187","127.05362"
"1207","대박복권방","경기 안산시 단원구 신길중앙로1길 40 101호","31","37.336105","126.76227"
"1207","행운복권방","경기 의정부시 충의로 55","31","37.73674","127.08712"
"1207","로또카페","경기 평택시 관광특구로 13 1층102호","31","37.06724","127.06053"
"1207","영월로또명당","강원 영월군 중앙로 44","32","37.18335","128.46846"
"1207","옥천로또","충북 옥천군 삼양로 8 세븐일레븐","33","36.308056","127.56306"
"1207","행운의명당로-토토","충북 청주시 서원구 모충로 36","33","36.62487","127.46841"
"1207","터미널분식","충남 부여군 부장대로 65","34","36.280716","126.90962"
"1207","대산슈퍼","충남 천안시 동남구 복구정3길 1","34","36.76989","127.250206"
"1207","제일마트","전북 군산시 진포로 145","35","35.971558","126.73285"
"1207","대청행복복권","경남 김해시 대청로 121 대청프라자 B동 104호","38","35.18577","128.79791"
"1208","고척대박복권&카페","서울 구로구 경인로47길 68 1층(고척동)","11","37.501953","126.86476"
"1208","인터넷 복권판매사이트","동행복권(dhlottery.co.kr)","","37.482063","127.015785"
"1208","가로판매점","서울 영등포구 양평로 46 가판","11","37.534466","126.901596"
"1208","왕대박 복권판매점","대전 유성구 문화원로 54 서은빌딩 102호(궁동)","25","36.359673","127.34168"
"1208","지에스25 안성칠곡","경기 안성시 만세로 1182 지에스25 안성칠곡","31","37.04363","127.15039"
"1208","로또복권","경기 오산시 성호새싹길 11","31","37.14982","127.06984"
"1209","광나루복권방","서울 광진구 아차산로 591","11","37.546143","127.10488"
"1209","갑부복권판매점","서울 용산구 대사관로 80","11","37.53306","127.006836"
"1209","어썸위크","서울 중구 퇴계로87길 41 1층","11","37.56741","127.02095"
"1209","청구마트","대구 북구 검단로 34 청구아파트상가108동102호","22","35.90048","128.6171"
"1209","대박신화복권판매점","인천 미추홀구 인하로 267","23","37.44831","126.677795"
"1209","동인천황금로또","인천 중구 참외전로 110 1층","23","37.476524","126.630585"
"1209","알리바이","광주 광산구 수등로 253 1층 알리바이","24","35.185387","126.83668"
"1209","복권나라(중흥점)","광주 북구 우치로 26-1","24","35.16968","126.91122"
"1209","다다복권","세종  충현로 52 A동 9호","29","36.593758","127.29828"
"1209","해븐복권방","경기 수원시 영통구 동수원로537번길 57 1층 103호","31","37.274834","127.045906"
"1209","해븐복권방","경기 수원시 영통구 동수원로537번길 57 1층 103호","31","37.274834","127.045906"
"1209","좋은날","경기 수원시 팔달구 팔달문로 165 104호(우만동)","31","37.28327","127.034"
"1209","로또휴게실","경기 용인시 기흥구 용구대로 1885","31","37.256386","127.10432"
"1209","1등로또","경기 화성시 동탄대로14길 5-33 101호","31","37.1852","127.103264"
"1209","명성복권방","경기 화성시 경기대로 1043","31","37.208466","127.0343"
"1209","올인 (all in)","경기 화성시 3.1만세로 1147","31","37.135284","126.910614"
"1209","대박마트","충남 천안시 동남구 봉서8길 13 봉명청솔아파트상가103호","34","36.81099","127.13251"
"1209","로또복권두정점","충남 천안시 서북구 두정로 251 대원빌딩104호","34","36.833515","127.14499"
"1209","동남슈퍼","전북 부안군 번영로 173","35","35.727222","126.73916"
"1209","명당로또 풍남문점","전북 전주시 완산구 풍남문2길 34","35","35.813526","127.14705"
"1209","코리아25옥계점","경북 구미시 산호대로25길 18-4","37","36.138367","128.41649"
"1209","진양호","경남 진주시 남강로 58 1층","38","35.162823","128.03957"
"1210","행운식품","서울 관악구 신원로3길 21","11","37.48188","126.92715"
"1210","소망복권","서울 구로구 경인로35길 83 1층 101호(고척동)","11","37.500153","126.852356"
"1210","용꿈돼지꿈","서울 마포구 마포대로 112-5","11","37.544727","126.95221"
"1210","인터넷 복권판매사이트","동행복권(dhlottery.co.kr)","","37.482063","127.015785"
"1210","인터넷 복권판매사이트","동행복권(dhlottery.co.kr)","","37.482063","127.015785"
"1210","인터넷 복권판매사이트","동행복권(dhlottery.co.kr)","","37.482063","127.015785"
"1210","씨스페이스 응암역점","서울 은평구 연서로 9 센터폴리스 1층 107호","11","37.600132","126.91551"
"1210","부일카서비스","부산 동구 자성로133번길 35","21","35.140015","129.06306"
"1210","미라클","인천 서구 심곡로49번길 2 1층","23","37.5422","126.67538"
"1210","베스토아(용전2호)","대전 동구 동서대로 1689 복합터미널서관 1층 59호","25","36.35038","127.43664"
"1210","로또명당 일산점","경기 고양시 일산서구 일중로15번길 86 101호","31","37.682957","126.77016"
"1210","리맥스복권방","경기 구리시 경춘로 239 리맥스프라자 앞 가판대(인창동 676-1)","31","37.601616","127.14163"
"1210","로또명당","경기 남양주시 금강로 1557 104호","31","37.72976","127.19298"
"1210","신의 축복","경기 남양주시 사릉로34번길 24 (금곡동) 7호","31","37.63618","127.21107"
"1210","공원슈퍼","경기 수원시 장안구 팔달로 255 1층(영화동)","31","37.28874","127.01298"
"1210","다니엘사","경기 안산시 단원구 원선1로 38 101호","31","37.326073","126.80417"
"1210","다니엘사","경기 안산시 단원구 원선1로 38 101호","31","37.326073","126.80417"
"1210","탄현대박로또복권","경기 파주시 방촌로 661 1층상가 좌측","31","37.803196","126.718254"
"1210","행복충전소","경기 평택시 탄현로 332-2","31","37.0818","127.05637"
"1210","천하명당복권방","충남 홍성군 조양로 180","34","36.60072","126.66951"
"1210","대광복권판매점","전남 강진군 중앙로 83 1층","36","34.63793","126.76663"
"1210","왕대박복권방","경북 문경시 중앙로 15","37","36.588123","128.19293"
"1210","드림복권","경남 김해시 장유로 184 엠파이어상가일관 101호","38","35.206814","128.80602"
"1210","로또플렉스 시티세븐점","경남 창원시 성산구 원이대로 320 1층 S-108호(더시티세븐)","38","35.240395","128.65399"
"1211","그린슈퍼","서울 동대문구 왕산로 138","11","37.57798","127.038635"
"1211","쌍둥이네복권방","서울 중구 청파로 451-1 1층","11","37.559643","126.96806"
"1211","복드림 복권방","부산 북구 기찰로 155 (덕천동)","21","35.214546","129.02159"
"1211","오천억복권방","광주 서구 상무대로 1087","24","35.152924","126.88073"
"1211","현대마트점","광주 서구 상무대로 871 1층(쌍촌동)","24","35.150517","126.85729"
"1211","8888로또","대전 서구 월평북로 77","25","36.362503","127.37681"
"1211","홈런1등로또","경기 수원시 장안구 송원로 13 1층(송죽동)","31","37.297134","127.0053"
"1211","씨유용인청덕중앙점","경기 용인시 기흥구 구성3로28번길 12 101호","31","37.2946","127.15173"
"1211","화랑로또판매점","경기 화성시 푸른들판로 660","31","37.167336","126.89571"
"1211","영유통(로또복권)","전북 군산시 미룡로 45","35","35.944042","126.68995"
"1211","영유통(로또복권)","전북 군산시 미룡로 45","35","35.944042","126.68995"
"1211","나눔로또편의점","전남 광양시 공영로 90","36","34.935658","127.699066"
"1211","대우 행복 복권","경남 거제시 장승포로 11 1층","38","34.867863","128.72533"
"1211","나나 복권판매소","경남 양산시 상북중앙로 319 복권판매점","38","35.4122","129.05919"
"1212","지원물산","서울 노원구 공릉로 108","11","37.61983","127.078094"
"1212","인터넷 복권판매사이트","동행복권(dhlottery.co.kr)","","37.482063","127.015785"
"1212","묵동식품","서울 중랑구 동일로 919","11","37.612457","127.07704"
"1212","동해마트","부산 동래구 사직북로57번길 58 애니타임 내","21","35.19739","129.05884"
"1212","모라행운로또","부산 사상구 백양대로 924 상가 2동 102호","21","35.18791","128.99176"
"1212","로또복권방","인천 부평구 광장로 16 지하 2층 223호","23","37.489662","126.722664"
"1212","대전하이퍼","대전 중구 보문산로 76","25","36.305202","127.388824"
"1212","행운복권","경기 군포시 대야1로 3 1동","31","37.32638","126.91891"
"1212","노다지복권방","경기 시흥시 복지로 103-1 1층상가","31","37.44823","126.79206"
"1212","로또N삭스","경기 의정부시 오목로205번길 39 골든프라자101호","31","37.74548","127.09645"
"1212","씨유 파주신촌점","경기 파주시 소라지로 79-3","31","37.734715","126.70249"
"1212","복권전문점(고흥)","전남 고흥군 고흥로 1740-2 복권전문점","36","34.607407","127.28464"
"1213","믿음복권방","서울 서대문구 가좌로4길 32 1층","11","37.5857","126.92487"
"1213","인터넷 복권판매사이트","동행복권(dhlottery.co.kr)","","37.482063","127.015785"
"1213","예지행복","서울 양천구 월정로 59 가동 101호","11","37.524853","126.84132"
"1213","월드24시","서울 은평구 통일로 855-15","11","37.61925","126.919785"
"1213","묵동식품","서울 중랑구 동일로 919","11","37.612457","127.07704"
"1213","화신상사","부산 동래구 삼성대길 48","21","35.205097","129.08176"
"1213","럭키로또","대구 수성구 수성로 127 1층 (상동)","22","35.83687","128.61163"
"1213","메트로센터점","대구 중구 달구벌대로 지하 2100 메트로센터C412호","22","35.86582","128.59314"
"1213","제일슈퍼","인천 연수구 앵고개로 242 제일상가112호","23","37.408646","126.670815"
"1213","드림 복권판매점","경기 부천시 계남로 297 1층 102호","31","37.50439","126.781296"
"1213","골드러시","경기 성남시 중원구 도촌로7번길 4-2 102호","31","37.414917","127.15021"
"1213","즉석복권방","경기 수원시 영통구 산남로 2","31","37.263893","127.04714"
"1213","복권백화점","경기 파주시 평화로 70","31","37.763588","126.76989"
"1213","다복복권","충북 진천군 덕금로 792 1층 (세븐일레븐내)","33","36.911865","127.50574"
"1213","돈나무 복권","전북 군산시 공단대로 612","35","35.97317","126.68029"
"1213","팡팡복권방","전북 익산시 인북로 99","35","35.93792","126.95264"
"1213","별별마트","경북 성주군 성주로 4190 1층 복권방","37","35.88126","128.37099"
"1213","만물가게","제주 제주시 신성로10길 3","39","33.49649","126.53005"
"1214","인터넷 복권판매사이트","동행복권(dhlottery.co.kr)","","37.482063","127.015785"
"1214","해인복권","서울 도봉구 도당로9길 63 나동 1층","11","37.66268","127.03109"
"1214","행운 로또복권","부산 해운대구 좌동로 107-10","21","35.17356","129.17668"
"1214","왕대박","부산 동래구 여고로113번길 59-4","21","35.201073","129.0741"
"1214","알리바이","광주 광산구 수등로 253 1층 알리바이","24","35.185387","126.83668"
"1214","알리바이","광주 광산구 수등로 253 1층 알리바이","24","35.185387","126.83668"
"1214","희망복권","경기 평택시 만세로 1776 성경마트 동일건물","31","37.00936","127.108"
"1214","수원역로또맛집","경기 수원시 팔달구 덕영대로 907 1층 6호(매산로1가)","31","37.267673","127.00051"
"1214","명품복권방","전남 목포시 섶나루길 122 상가 123호","36","34.81054","126.41894"
"1214","복권파는집","경남 창원시 마산회원구 3·15대로 765","38","35.240227","128.58365"
"1214","터미널복권판매점","경남 창원시 마산회원구 3·15대로 756 1층 102호(마산시외버스터미널)","38","35.23916","128.58353"
"1214","양산노다지복권방","경남 양산시 북안남2길 52 복권판매점","38","35.348255","129.03783"
"1215","크린토피아/최강로또","서울 은평구 갈현로11길 16 1층","11","37.605473","126.90866"
"1215","인터넷 복권판매사이트","동행복권(dhlottery.co.kr)","","37.482063","127.015785"
"1215","국물이시원해","부산 금정구 금강로335번길 17 복권판매점","21","35.237804","129.08554"
"1215","오천억복권방","광주 서구 상무대로 1087","24","35.152924","126.88073"
"1215","차밍플라워 로또","광주 광산구 풍영로 41 동구빌딩1층","24","35.175617","126.811584"
"1215","세븐일레븐 울산동진점","울산 동구 동진로 4 1층 편의점","26","35.486736","129.42564"
"1215","동탄복권방","경기 화성시 동탄순환대로 702 성산타워 B동 101호","31","37.20735","127.11097"
"1215","씨유 포천인생역전점","경기 포천시 호국로 2538","31","37.97084","127.24985"
"1215","내츄럴하우스복권판매점","경기 평택시 중앙로 1 1층 상가","31","36.99572","127.08358"
"1215","복권전문점","경기 시흥시 중심상가로 323","31","37.337162","126.748276"
"1215","불티나","강원 춘천시 후석로462번길 94-1 1층","32","37.890953","127.751976"
"1215","독천 로또","전남 영암군 영산로 27 1층","36","34.72577","126.56782"
"1215","독천 로또","전남 영암군 영산로 27 1층","36","34.72577","126.56782"
"1215","왕릉복권","경북 고령군 왕릉로 102 1층  복권방","37","35.72868","128.26704"
"1215","꿈의가게","경남 김해시 계동로 220 102호 복권판매점","38","35.190304","128.8022"
"1215","네잎크로버복권방","제주 서귀포시 고성오조로 9","39","33.44472","126.91338"
"1216","인터넷 복권판매사이트","동행복권(dhlottery.co.kr)","","37.482063","127.015785"
"1216","정안 복권방","서울 노원구 동일로 1308 정안프라자 102호 일부","11","37.645973","127.06416"
"1216","돈방석","인천 남동구 남동대로765번길 26","23","37.451057","126.70622"
"1216","우리들공업탑점","울산 남구 수암로 21","26","35.532272","129.3106"
"1216","부자상회","경기 이천시 사동로 128 복권방","31","37.232204","127.494354"
"1216","부자상회","경기 이천시 사동로 128 복권방","31","37.232204","127.494354"
"1216","부자상회","경기 이천시 사동로 128 복권방","31","37.232204","127.494354"
"1216","서울로또","경기 의정부시 신흥로 93","31","37.724426","127.043526"
"1216","양평 대명점","경기 양평군 신내길7번길 48 1층 세븐일레븐","31","37.468357","127.532074"
"1216","153나눔로또편의점","경기 성남시 분당구 황새울로360번길 35 2층 231호","31","37.38492","127.12465"
"1216","카베","경기 부천시 부일로221번길 26 삼원타운1층-120","31","37.489494","126.75507"
"1216","오창중앙복권","충북 청주시 청원구 중심상업로 47 103호","33","36.715076","127.42894"
"1216","원호대박복권","경북 구미시 문장로25길 7 GS25구미원호점","37","36.151474","128.32925"
"1216","지에스(GS)25 진동에이스점","경남 창원시 마산합포구 신서촌1길 49","38","35.11601","128.4864"
"1217","드림스튜디오","서울 은평구 서오릉로 160 1층","11","37.612503","126.915695"
"1217","굿럭커피","서울 은평구 불광천길 536","11","37.59791","126.91639"
"1217","24시슈퍼","인천 부평구 열우물로 111-1","23","37.476166","126.69538"
"1217","해피+24시편의점","광주 북구 하서로 330","24","35.2045","126.8739"
"1217","복권나라","광주 북구 동문대로134번길 5","24","35.174717","126.92707"
"1217","복권명당","대전 서구 만년남로3번길 164","25","36.366486","127.37305"
"1217","대전우표사","대전 동구 중앙로204번길 16-1","25","36.330036","127.432076"
"1217","대박로또점","경기 화성시 발안로 101 108호","31","37.13174","126.92153"
"1217","평택포승점로또","경기 평택시 여술로 24 CU편의점 내","31","36.988068","126.84539"
"1217","복권백화점","경기 파주시 평화로 70","31","37.763588","126.76989"
"1217","북부슈퍼","경기 의정부시 가능로125번길 22","31","37.74797","127.04477"
"1217","한국슈퍼","경기 부천시 원종로35번길 24 한울빌리지 상가101호","31","37.52506","126.80412"
"1217","로또복권","경북 김천시 신음새동네길 13","37","36.13478","128.1185"
"1217","땅땅낚시","경남 거제시 거제남서로 3172","38","34.8305","128.60358"
"1218","꿈이있는 로또점(복권판매점)","서울 은평구 통일로 699 1층","11","37.60838","126.931465"
"1218","웨이스탑(전농점)","서울 동대문구 전농로 129","11","37.576496","127.05751"
"1218","행운복권방","서울 도봉구 노해로63길 79 우림빌딩 112호","11","37.65308","127.0463"
"1218","돈벼락맞는곳 부산서면점","부산 부산진구 서전로 18-1 1층","21","35.15759","129.06168"
"1218","돈벼락복권방","대구 북구 동변로 82-1 1층","22","35.920517","128.60385"
"1218","복권명당(서부점)","대구 달서구 월배로 452","22","35.833633","128.55486"
"1218","골든벨 복권판매점","인천 미추홀구 경인로 372 1층 (아인병원 상가 1043호)","23","37.458183","126.68125"
"1218","복권맛집","경기 포천시 부흥로 409","31","37.805984","127.15953"
"1218","황금복권판매점","경기 양주시 부흥로 994","31","37.806816","126.99815"
"1218","로또복권편의점","경기 수원시 권선구 세류로 51 1층","31","37.263878","127.00759"
"1218","로또복권방","경기 성남시 분당구 대왕판교로 660 1층 136호","31","37.400684","127.106964"
"1218","다들복권방","경기 부천시 고리울로 51 고강빌딩1층","31","37.527355","126.8216"
"1218","오남 로또택배","경기 남양주시 진건오남로 814 B동 1층 5호","31","37.69933","127.20243"
"1218","지바","경기 광명시 금당로 36 1층 118호","31","37.45919","126.88237"
"1218","대관령복권방","강원 평창군 대관령로 74-4 1층 B호","32","37.6732","128.70439"
"1218","복권나라","전북 군산시 번영로 891","35","35.94672","126.81039"
"1218","필승로또복권판매점","경북 상주시 왕산로 349 1층","37","36.42096","128.16156"
"1218","복권판매점","경남 고성군 남포로 62 2동 101호(덕성아파트)","38","34.968727","128.32092"
"1219","가판대20호","서울 송파구 송파대로 365 석촌농협앞가판대20호","11","37.500404","127.111046"
"1219","오케이상사","서울 서초구 신반포로 176 센트럴시티내100호매점","11","37.50555","127.00356"
"1219","인터넷 복권판매사이트","동행복권(dhlottery.co.kr)","","37.482063","127.015785"
"1219","로또복권판매소","서울 마포구 마포대로 44 진도빌딩앞","11","37.539974","126.94709"
"1219","요기어때","부산 해운대구 우동2로 15","21","35.165985","129.16026"
"1219","행복드림로또판매점","인천 강화군 중앙로 68 1층 101-1호 하나로마트","23","37.737663","126.48689"
"1219","노다지복권방백운점","광주 남구 서문대로 827 봉선주월대라수어썸브릿지상가동107호","24","35.13197","126.90018"
"1219","순살로복권","경기 의왕시 내손중앙로 43 서광상가 14호","31","37.38684","126.98045"
"1219","아이지에이마트 동명사랑점","경기 안산시 단원구 선부광장북로 36 113호","31","37.33678","126.81172"
"1219","로또명당 풍세산단점","충남 천안시 동남구 돈마루1길 167-14 2동 101호","34","36.732662","127.09635"
"1219","성심상회","경북 포항시 북구 불종로 78","37","36.038174","129.36801"
"1219","천하명당복권","제주 서귀포시 동문로 38","39","33.250393","126.5648"
"1220","스파","서울 노원구 동일로 1493 주공10단지종합상가111","11","37.66167","127.05789"
"1220","서재강변로또","대구 달성군 서재로 172","22","35.878708","128.49748"
"1220","황금복권방","인천 연수구 컨벤시아대로 81 송도동 드림시티 113-2호","23","37.394943","126.65016"
"1220","우리복권","인천 남동구 논고개로123번길 17 109호","23","37.401684","126.72308"
"1220","또로또","울산 남구 신정로68번길 47 1층 신화부동산","26","35.53926","129.3261"
"1220","봉담복자리복권과편의점","경기 화성시 삼천병마로 1276","31","37.219654","126.94878"
"1220","황금복권마트","경기 이천시 증신로325번길 5 1층","31","37.299416","127.43798"
"1220","도원로또방","경기 시흥시 은계중앙로 65 상가동 제1층 제1호","31","37.43513","126.80098"
"1220","한아름 복권","경기 김포시 장차로 19 102호","31","37.60372","126.77057"
"1220","바다 복권판매점","충북 청주시 청원구 직지대로 855","33","36.649757","127.48512"
"1220","세븐복권","충북 증평군 초중6길 19 1층(세븐일레븐 내)","33","36.776863","127.569046"
"1220","로또 계룡에스파","충남 계룡시 대실남북3길 16 계룡 한라비발디센트럴 상가 5호","34","36.265476","127.25871"
"1220","로또복권보성점","경북 포항시 북구 용흥로 126 보성아파트상가101호","37","36.039135","129.3482"
"1220","로또명당","경북 의성군 중앙길 10-1 1층","37","36.345303","128.69849"
"1221","복권나라","서울 성동구 용답중앙15길 12-1 1층","11","37.564453","127.05385"
"1221","인터넷 복권판매사이트","동행복권(dhlottery.co.kr)","","37.482063","127.015785"
"1221","세명복권","서울 마포구 월드컵북로7길 26 1호","11","37.557987","126.91659"
"1221","하나로슈퍼","서울 동대문구 고산자로 484","11","37.582775","127.03883"
"1221","행운당","서울 노원구 노해로 506 바상가동 106호","11","37.654827","127.0642"
"1221","복권방","부산 사하구 장림번영로 25","21","35.08098","128.96819"
"1221","천하명당복권","대구 북구 칠곡중앙대로 545","22","35.944286","128.55064"
"1221","명동럭키로또","인천 연수구 경원대로483번길 6 103호","23","37.42753","126.69848"
"1221","광주도서유통","광주 남구 봉선1로 79","24","35.128155","126.91389"
"1221","까치로또판매점","대전 서구 계백로 1437","25","36.313602","127.38079"
"1221","민복권","경기 동두천시 지행로 96-14 1층(지행동)","31","37.892296","127.0587"
"1221","행운복권방","경기 김포시 김포대로 1764 누산마트내","31","37.670372","126.64414"
"1221","흥건슈퍼","전북 전주시 완산구 거마평로 25 흥건슈퍼","35","35.794403","127.11578"
"1221","완산로또방","경북 영천시 대경로 1260","37","35.934788","128.87108"
"1221","하프타임 함안산인점","경남 함안군 외동길 3 1층 편의점내","38","35.293236","128.43188"
"1221","스마일","경남 양산시 북안남4길 2 복권판매점","38","35.34541","129.03838"
"1222","가판14호","서울 중구 퇴계로 37","11","37.55781","126.9768"
"1222","월드24시","서울 은평구 통일로 855-15","11","37.619244","126.91978"
"1222","로또킹","서울 영등포구 영중로 2 1층(영등포동3가)","11","37.516743","126.90673"
"1222","인터넷 복권판매사이트","동행복권(dhlottery.co.kr)","","37.482063","127.015785"
"1222","인터넷 복권판매사이트","동행복권(dhlottery.co.kr)","","37.482063","127.015785"
"1222","보경식품","서울 강북구 도봉로 211 1층","11","37.627506","127.02541"
"1222","복권방","서울 강동구 천호대로176길 10-3","11","37.53384","127.13607"
"1222","명문슈퍼","부산 북구 만덕대로 82","21","35.212013","129.01376"
"1222","오천억복권방","광주 서구 상무대로 1087","24","35.152924","126.88072"
"1222","로또명당 황금돼지","대전 중구 계백로 1691-10","25","36.321575","127.40743"
"1222","제우스테크","대전 서구 원도안로 30","25","36.306778","127.34865"
"1222","세븐일레븐 안산역점","경기 안산시 단원구 중앙대로 457 102호","31","37.328217","126.78998"
"1222","로또유통","경기 안산시 단원구 광덕2로 193-3 광장타운1층108호","31","37.310028","126.83185"
"1222","금곡로","경기 수원시 권선구 금곡로197번길 18-23 105호(금곡동 해피라움블루)","31","37.275055","126.95274"
"1222","한국슈퍼","경기 부천시 원종로35번길 24 한울빌리지 상가101호","31","37.525097","126.80414"
"1222","돈벼락","경기 군포시 금당로 112 101호(당동)","31","37.355865","126.94331"
"1222","노란공인중개사사무소","충북 청주시 흥덕구 서부로 1093 공인중개사사무실","33","36.609764","127.42308"
"1222","대박복권 성점점","충남 천안시 서북구 성정로 89 1층","34","36.81382","127.13996"
"1222","춘향로또","전북 남원시 동림로 102-1","35","35.417076","127.38492"
"1222","남창 복권방(선미)","전남 해남군 볼무당길 16 1층","36","34.406326","126.62891"
"1222","희망전파사","전남 해남군 중앙2로 133 희망전파사","36","34.566677","126.59537"
"1222","추섬로또","전남 완도군 개포로145번길 44-4 제2호","36","34.32279","126.74253"
"1222","성화복권방","전남 완도군 개포로114번길 20-3 성화슈퍼","36","34.31729","126.74413"
"1222","목화휴게소","경남 사천시 사천대로 912","38","35.001747","128.05415"
"1223","인터넷 복권판매사이트","동행복권(dhlottery.co.kr)","","37.482063","127.015785"
"1223","인터넷 복권판매사이트","동행복권(dhlottery.co.kr)","","37.482063","127.015785"
"1223","가판대","서울 도봉구 마들로 859-19 도봉산역 1번출구앞 가판대","11","37.68569","127.04937"
"1223","로또복권","부산 사하구 낙동대로 327-1 1층복권방","21","35.10004","128.98119"
"1223","럭키","부산 북구 시랑로 137","21","35.19547","129.01039"
"1223","메트로센터점","대구 중구 달구벌대로 지하 2100 메트로센터C412호","22","35.86501","128.59372"
"1223","일등복권편의점","대구 달서구 대명천로 220 1층","22","35.842205","128.5362"
"1223","한마음병원앞버스매표소","인천 계양구 계양대로 53","23","37.52858","126.72211"
"1223","한꿈복권방","울산 중구 번영로 586","26","35.56877","129.34587"
"1223","하남시청 세븐일레븐 로또","경기 하남시 대청로 15 103호 세븐일레븐 편의점","31","37.54058","127.21392"
"1223","씨유 팽성공원","경기 평택시 안정순환로 275 1층 CU편의점 내","31","36.95931","127.05164"
"1223","대운상사","경기 남양주시 장현로 178 장현리 229-4외 1필지 주2동 106호","31","37.723408","127.18993"
"1223","행운로또방","강원 화천군 상승로 46 1층","32","38.104862","127.70453"
"1223","로또판매점","충북 음성군 신내로 443 거성모터스 1층","33","36.976543","127.52929"
"1223","행운드림복권","경북 안동시 경동로 465","37","36.567177","128.70996"
"1223","황금로또명당","경남 양산시 덕계로 101","38","35.376335","129.15309"
"1224","가로판매점","서울 용산구 원효로 166 황제노래방 입구 앞 가판","11","37.535027","126.96148"
"1224","인터넷 복권판매사이트","동행복권(dhlottery.co.kr)","","37.482063","127.015785"
"1224","토큰박스","서울 동작구 흑석로 106-5 가판점","11","37.507877","126.96144"
"1224","노다지 노원역점 복권방","서울 노원구 상계로 78","11","37.656227","127.06375"
"1224","마곡점빵","서울 강서구 마곡서1로 100 603동 상가 107호","11","37.565113","126.81996"
"1224","복권판매점 명지국제신도시점","부산 강서구 명지국제2로 80 비주거시설동1층 54호","21","35.098495","128.90872"
"1224","복권전문점","인천 부평구 원적로 437","23","37.503708","126.71512"
"1224","365대박찬스","경기 양주시 고읍남로 6-14 광사동 제이프라자","31","37.79592","127.07915"
"1224","로또복권방","경기 시흥시 은계로338번길 56 1층","31","37.45032","126.79588"
"1224","웅진","경기 수원시 영통구 효원로 393 101호(매탄동 밀래니엄프라자)","31","37.259117","127.04469"
"1224","미니슈퍼","경기 고양시 덕양구 동헌로1번길 4","31","37.705036","126.85792"
"1224","복권나라","경북 포항시 북구 장량로140번길 9","37","36.08079","129.39603"
"1225","무지개로또","서울 중구 다산로33길 13 1층","11","37.562325","127.01404"
"1225","인터넷 복권판매사이트","동행복권(dhlottery.co.kr)","","37.482063","127.015785"
"1225","행운복권방","서울 금천구 가산디지털1로 168 A동 103호","11","37.47999","126.88259"
"1225","한솔복권&마트","인천 미추홀구 경인로 384 1층 1호","23","37.458145","126.68256"
"1225","복돼지복권방","경기 화성시 3.1만세로 43","31","37.08283","126.81873"
"1225","행운의집","경기 오산시 오산로190번길 37 1층","31","37.14412","127.07279"
"1225","로또명당","경기 시흥시 신현로 21-1 101호","31","37.40707","126.7871"
"1225","월산리주고받는로또","경기 남양주시 경춘로 2244 1층 CU내","31","37.655907","127.33679"
"1225","만복편의점","충북 청주시 흥덕구 1순환로 595","33","36.64027","127.46084"
"1225","신천하명당","충남 예산군 발연로 1 이마트 24 내","34","36.698784","126.8296"
"1225","복권명당","경북 경산시 경안로 214","37","35.826538","128.73688"
"1225","지에스(GS25)뉴양산혜인점","경남 양산시 웅상대로 955 GS편의점","38","35.384575","129.15503"
"1225","빙그레 돈벼락 맞는곳","경남 김해시 김해대로 910 좌측 복권판매점","38","35.293262","128.78296"
"1226","팡팡로또 중랑점","서울 중랑구 망우로66길 10 1층 102호","11","37.599094","127.09942"
"1226","복권나라","서울 광진구 동일로24길 68","11","37.54287","127.06865"
"1226","거봉마트(원고개시장)","대구 서구 북비산로 310","22","35.879257","128.56725"
"1226","노다지로또","인천 서구 완정로 179 검단제이원빌딩 108호","23","37.60228","126.65651"
"1226","드림","광주 광산구 선운로20번길 64 104호","24","35.14654","126.77744"
"1226","보람복권방","울산 남구 화합로194번길 18-1 1층","26","35.541855","129.34155"
"1226","복권나라","경기 포천시 죽엽산로35번길 1","31","37.826893","127.15272"
"1226","교통카드충전소","경기 용인시 처인구 명지로 31 가판점","31","37.233215","127.1889"
"1226","행운을주는로또판매점","경기 안산시 단원구 초지로 90 태영프라자111호","31","37.306736","126.81511"
"1226","로또명당상동점","경기 부천시 송내대로265번길 17 효성프라자108호","31","37.506866","126.75796"
"1227","행운의집","서울 강동구 구천면로 222","11","37.540627","127.12939"
"1227","진흥수퍼","서울 강남구 논현로150길 31","11","37.519836","127.03092"
"1227","복권명당","대구 수성구 들안로 243","22","35.85174","128.61664"
"1227","복권명당(서부점)","대구 달서구 월배로 452","22","35.83362","128.55478"
"1227","홍이복권방","인천 서구 중봉대로 759 D동 101호(경서동)","23","37.547596","126.64983"
"1227","왕대박복권편의점","인천 부평구 동수천로 108 1층","23","37.495125","126.73707"
"1227","로또편의점","대전 유성구 진잠로 146 교촌빌딩","25","36.303307","127.31761"
"1227","로또복권방","대전 서구 갈마중로 28","25","36.34753","127.37245"
"1227","해피마트","경기 의왕시 부곡중앙로 3-2 의왕역로터리앞","31","37.321182","126.94929"
"1227","마이더스로또복권방","경기 안양시 동안구 안양판교로 12-2","31","37.400845","126.97768"
"1227","복이 데굴데굴","경남 통영시 안정로 779 102호","38","34.945473","128.41327"
"1228","감만정보통신","부산 남구 우암로 150 복권판매점","21","35.1236","129.08018"
"1228","일등복권방","부산 남구 고동골로 3","21","35.137367","129.07094"
"1228","나라복권","인천 남동구 인주대로676번길 22 상가동 101호","23","37.448387","126.71194"
"1228","복돼지복권방","경기 화성시 3.1만세로 43","31","37.08283","126.81873"
"1228","바른","경기 하남시 신장로 68","31","37.535698","127.21004"
"1228","돈벼락","경기 군포시 금당로 112 101호(당동)","31","37.355865","126.94331"
"1228","이마트24 백석동문점","경기 고양시 일산동구 호수로 358-26 1층 편의점","31","37.639317","126.7869"
"1228","중앙복권방","충북 청주시 청원구 율량로189번길 25","33","36.665707","127.50038"
"1228","복권나라","전남 여수시 중앙로 62 1층","36","34.73993","127.73434"
"1228","동네복권","경북 울진군 울진중앙로 27 1층","37","36.984844","129.39697"
"1228","로또명당","경남 하동군 진교중앙길 22","38","35.02889","127.90241"
"1229","로또킹","서울 영등포구 영중로 2 1층(영등포동3가)","11","37.516743","126.90673"
"1229","대박복권","서울 동작구 동작대로27가길 36 1층","11","37.486015","126.98096"
"1229","대치럭키 로또","서울 강남구 선릉로76길 38 1층 3호","11","37.50213","127.0536"
"1229","거액의꿈","부산 남구 우암로154번길 54","21","35.125572","129.08171"
"1229","인현동지하가판","인천 중구 참외전로 132-2 동인천역 78번 출구 지하1층 가판대","23","37.47461","126.63176"
"1229","이마트24 순천산단점","전남 순천시 산단1길 6","36","34.987877","127.50851"
"1229","황금노다지","경남 김해시 경원로 13 1층 삼거리쪽","38","35.23867","128.86224"
"1229","로또냉동","경남 김해시 장유로 331-1 좌측 복권판매점","38","35.197174","128.81664"
"1230","복권만화","서울 서초구 사임당로 39 1층 102호","11","37.488377","127.0141"
"1230","스파","서울 노원구 동일로 1493 주공10단지종합상가111","11","37.66167","127.05789"
"1230","행운당","서울 노원구 노해로 506 바상가동 106호","11","37.654827","127.0642"
"1230","대박복권방","서울 광진구 면목로 174","11","37.568672","127.08298"
"1230","천하명당복권방역전점","대전 동구 대전로 815","25","36.332405","127.43188"
"1230","로또기업","대전 동구 동서대로 1684 복합터미널 건너편","25","36.34879","127.43706"
"1230","천하명당(염포점)","울산 북구 염포로 643","26","35.53486","129.38979"
"1230","럭키","경기 평택시 서동대로 1207 1층","31","36.98565","126.88721"
"1230","월척복권방","경기 용인시 기흥구 강남동로100번길 9 103호","31","37.272633","127.13744"
"1230","오케이마트","경기 성남시 중원구 광명로 80 1층 101호(성남동)","31","37.43442","127.13795"
"1230","다미 로또","경기 김포시 김포대로 2231 1동 1층 102호","31","37.689445","126.59785"
"1230","마두역상행선 가판대","경기 고양시 일산동구 중앙로 1181 마두역 중앙 횡단보도 오른쪽","31","37.65225","126.77708"
"1230","세명24시로또","충북 제천시 바이오밸리로 211 3호","33","37.15624","128.17348"
"1230","오징어게임복권방","충북 음성군 대금로 602 101호","33","36.96752","127.50523"
"1230","리틀밥독 소이 행운복권","경북 구미시 인동35길 9 1층 리틀밥독 소이 행운복권","37","36.095173","128.43288"
"1230","나누리로또","경북 경산시 성암로15길 4 1층","37","35.824326","128.72427"
"1231","현대비디오","서울 동대문구 장한로25길 45","11","37.571854","127.06866"
"1231","가로판매점","서울 관악구 과천대로 955","11","37.475956","126.98117"
"1231","삼정그린환경","서울 강동구 양재대로 1355 오스카상가136호","11","37.527393","127.13561"
"1231","돈벼락 로또 판매점","서울 강동구 천호대로159길 43 1층","11","37.53945","127.12804"
"1231","돈벼락맞는곳","부산 동구 조방로49번길 18-1","21","35.13916","129.05994"
"1231","드림마트","인천 미추홀구 인하로 211","23","37.44875","126.67145"
"1231","복권전문점","대전 유성구 유성대로694번길 84","25","36.35407","127.33617"
"1231","복권명당(대청점)","대전 동구 용운로 67","25","36.32691","127.45002"
"1231","복권방","울산 울주군 덕남로 87","26","35.42934","129.30669"
"1231","대박나라","경기 시흥시 함송로 15 111호(정왕동화신프라자)","31","37.364037","126.73029"
"1231","한아름복권방(매탄점)","경기 수원시 영통구 권선로 808","31","37.255314","127.03867"
"1231","돼지꿈복권","경기 고양시 일산서구 덕이로 222-30 1층 105호","31","37.698456","126.73759"
"1231","비엠복권","충북 청주시 흥덕구 대신로 108","33","36.64259","127.43547"
"1231","통정로또명당마트","충남 천안시 동남구 통정4로 49 위너타워 맞은편","34","36.774986","127.13471"
"1231","터미널복권방","전북 정읍시 연지8길 6","35","35.57233","126.84496"
"1231","구룡포명당","경북 포항시 남구 구룡포길 90-3 1층 (대로변0","37","35.991238","129.55574"
"1231","로또 휴게","제주 제주시 연삼로 626","39","33.506298","126.55472"
"1232","복권판매점","서울 영등포구 영중로8길 17 1층(영등포동3가)","11","37.518387","126.90755"
"1232","미성복권방","서울 마포구 월드컵북로 230 현대상가 안 1층3호","11","37.570126","126.90384"
"1232","복돼지 복권 판매소","서울 관악구 은천로 119-1 1층","11","37.486877","126.94867"
"1232","여기명당","울산 중구 평산1길 2","26","35.567646","129.34125"
"1232","1등복권방","경기 오산시 수청로 201","31","37.176403","127.04452"
"1232","단대대박복권방","경기 성남시 중원구 산성대로372번길 14 1층","31","37.44475","127.15859"
"1232","일성능수 복권판매점","충남 천안시 서북구 쌍용17길 25 일성능수아파트 상가 102호","34","36.798256","127.12296"
"1232","행운복권방 보생당건강원","전북 익산시 무왕로 1268","35","35.960346","126.99724"
"1232","창신로또","경북 영천시 언하공단로 83","37","35.98591","128.95454"
"1232","창신로또","경북 영천시 언하공단로 83","37","35.98591","128.95454"
"1232","갓바위로또","경북 경산시 금송로 474 1층 GS25시 편의점 내","37","35.951397","128.83601"
"1233","가로대가판점","서울 은평구 통일로 741 롯데리아앞가판","11","37.611427","126.92861"
"1233","아차산역가로판매점","서울 광진구 천호대로 665","11","37.551613","127.09016"
"1233","LOTTO복권","서울 강남구 언주로70길 10","11","37.496952","127.04637"
"1233","대산슈퍼","부산 북구 만덕대로 166","21","35.213142","129.02287"
"1233","복권상회","대구 달성군 테크노중앙대로 240 1층 116호","22","35.692165","128.45822"
"1233","포시즌마전점","인천 서구 완정로10번길 6-6 검단2지구37블록1롯트","23","37.594574","126.67337"
"1233","로또복권방","인천 서구 장고개로 333","23","37.492275","126.68656"
"1233","행운미니슈퍼","인천 부평구 수변로 64 1층 102호","23","37.49213","126.74086"
"1233","알리바이(쌍촌점)","광주 서구 내방로 258 알리바이편의점내","24","35.15763","126.86868"
"1233","신세계로또효천1지구점","광주 남구 효천2로가길 20 161동101호(중흥S클래스에코시티 단지내상가","24","35.10133","126.87636"
"1233","알리바이","광주 광산구 수등로 253 1층 알리바이","24","35.185383","126.83665"
"1233","로또방(복권판매점)","대전 서구 갈마로 193","25","36.337505","127.37744"
"1233","포천 돈다발복권","경기 포천시 호국로 1382 CU편의점","31","37.882088","127.18887"
"1233","드림복권전문점","경기 평택시 평남로 651","31","36.991936","127.10696"
"1233","황금복권판매점","경기 안산시 상록구 광덕1로 326 102호","31","37.30666","126.84609"
"1233","슈퍼복권방","경기 시흥시 동서로 1070","31","37.384357","126.86003"
"1233","노다지복권","경기 시흥시 서울대학로 77 1층 152호","31","37.358017","126.70934"
"1233","천하명당복권방","경기 수원시 팔달구 매산로 2","31","37.266647","127.00188"
"1233","토큰박스","경기 남양주시 진건오남로 109 동양할인마트 앞 로또판매점","31","37.660583","127.17845"
"1233","새수나다로또&씨스페이스치악산점","강원 원주시 행구로 357 1층","32","37.34395","127.99556"
"1233","행운복권판매점","충남 금산군 하마전로 13","34","36.190292","127.46821"
"1233","다사랑복권","전북 전주시 완산구 중화산로 54 1층","35","35.81506","127.11841"
"1233","종합복권방","전남 해남군 해남로 34","36","34.570812","126.61085"
"1233","대불로또판매점","전남 영암군 대불주거1로9길 3 1층 101호","36","34.751583","126.45544"
"1233","대불로또판매점","전남 영암군 대불주거1로9길 3 1층 101호","36","34.751583","126.45544"
"1233","대불로또판매점","전남 영암군 대불주거1로9길 3 1층 101호","36","34.751583","126.45544"
"1233","대불로또판매점","전남 영암군 대불주거1로9길 3 1층 101호","36","34.751583","126.45544"
"1233","대불로또판매점","전남 영암군 대불주거1로9길 3 1층 101호","36","34.751583","126.45544"
"1233","지에스(GS)25 진동에이스점","경남 창원시 마산합포구 신서촌1길 49","38","35.11601","128.4864"
"1233","진양호","경남 진주시 남강로 58 1층","38","35.1629","128.03944"
"1233","대박복권방","경남 김해시 활천로36번길 28-6 복권판매점","38","35.232086","128.8961"
"1234","노다지복권방","서울 종로구 종로 331 1층","11","37.57286","127.01438"
"1234","노다지복권방","서울 종로구 종로 331 1층","11","37.57286","127.01438"
"1234","종합가판점","서울 동대문구 왕산로40길 6 건물 앞쪽 가판점 청량리역 5번출구 앞쪽","11","37.5797","127.04497"
"1234","스파","서울 노원구 동일로 1493 주공10단지종합상가111","11","37.66167","127.05789"
"1234","오륙도","부산 남구 용호로109번길 3","21","35.122505","129.11261"
"1234","복권명당","대구 서구 국채보상로 419","22","35.871834","128.57695"
"1234","로또일도점","대구 북구 학정로 421 일도프라자101호","22","35.942375","128.56308"
"1234","중흥마트","전남광주 서구 풍암순환로 8 중흥아파트2차상가101호","24","35.125175","126.87533"
"1234","예인기획","경기 화성시 만세구 3.1만세로 1127","31","37.133904","126.90977"
"1234","대흥복권","경기 화성시 만세구 행정서로3길 4-46 101호","31","37.1301","126.91723"
"1234","로또동탄호수공원점","경기 화성시 동탄구 동탄대로5길 21 156호","31","37.16689","127.10515"
"1234","종합복권슈퍼","경기 시흥시 마유로 336 정일빌딩104","31","37.345745","126.73558"
"1234","초월대박복권방","경기 광주시 경충대로 1252","24","37.386703","127.28823"
"1234","로또복권방 웨스턴점","경기 고양시 일산동구 정발산로 24 1층 k-115(12호)","31","37.656464","126.77173"
"1234","오송팡팡복권방","충북 청주시 흥덕구 봉산2길 20-9","33","36.61961","127.31829"
"1234","태안로또명당","충남 태안군 샘골로 12-1 구)등대식관","34","36.750523","126.301796"
"1234","대산슈퍼","충남 천안시 동남구 복구정3길 1","34","36.770046","127.25019"
"1234","대산슈퍼","충남 천안시 동남구 복구정3길 1","34","36.770046","127.25019"
"1235","또복이 복권방","부산 북구 효열로235번길 43 103호","21","35.2655","129.01817"
"1235","줄리아나마트","전남광주 동구 충장로 73 1층 줄리아나마트","24","35.148796","126.915665"
"1235","진 복권판매점","대전 서구 계백로1286번길 32","25","36.30658","127.36616"
"1235","당첨복권방","경기 안성시 안성맞춤대로 368 1층 세븐일레븐","31","36.95495","127.24362"
"1235","행운 아이스크림 로또 판매점","경기 부천시 부일로 434-1 1층","31","37.48634","126.77836"
"1235","소망상사","경기 남양주시 다산중앙로82번안길 115-4 1층","31","37.61221","127.16518"
"1235","미니슈퍼","경기 고양시 덕양구 동헌로1번길 4","31","37.705036","126.85792"
"1235","로또명당인주점","충남 아산시 서해로 519-2","34","36.877625","126.89693"
"1235","KOREA마트","경북 구미시 임은길 64","37","36.088997","128.36954"
"1236","국민슈퍼","서울 도봉구 도봉로 588","11","37.65706","127.0401"
"1236","정원복권방","서울 도봉구 도봉로 468 1층 101-3호","11","37.647373","127.03441"
"1236","대일슈퍼","대전 서구 월평중로24번길 48","25","36.356518","127.36651"
"1236","진승복권방","울산 울주군 신온4길 3-16","26","35.431007","129.30931"
"1236","초이스 복권판매점","경기 안성시 석정2길 20 1층 104호","31","37.009247","127.26096"
"1236","북문복권방","경기 수원시 장안구 정조로 927-1","31","37.2903","127.01282"
"1236","행운잡아","경기 남양주시 경춘로1256번길 25 115호","31","37.645176","127.23647"
"1236","복권닷컴","강원 양양군 양양로 62","32","38.07555","128.62233"
"1236","중앙복권방","전북 전주시 완산구 공북로 95","35","35.826473","127.14216"
"1236","황금복권마트","전북 전주시 덕진구 솔내로 148","35","35.863335","127.12733"
"1236","함덕대박복권판매점","제주 제주시 함덕18길 19","39","33.539486","126.67022"
"1237","더블행운점","서울 중랑구 겸재로 98","11","37.586246","127.07865"
"1237","더블행운점","서울 중랑구 겸재로 98","11","37.586246","127.07865"
"1237","인터넷 복권판매사이트","동행복권(dhlottery.co.kr)","","37.482063","127.015785"
"1237","드림","서울 서대문구 증가로 247 1층","11","37.58294","126.91225"
"1237","스파","서울 노원구 동일로 1493 주공10단지종합상가111","11","37.66167","127.05789"
"1237","사하상회","부산 사하구 낙동대로 256-1","21","35.099403","128.98895"
"1237","천하제일명당","부산 부산진구 골드테마길 42","21","35.14356","129.06013"
"1237","로또명당 경대북문점","대구 북구 대동로 43-1 1층(산격동)","22","35.896725","128.61145"
"1237","일등복권편의점","대구 달서구 대명천로 220 1층","22","35.842205","128.5362"
"1237","일등복권판매점","전남광주 북구 설죽로315번길 40 (매곡동)1층 2호","24","35.18911","126.89483"
"1237","복권세상","전남광주 광산구 무진대로231번길 28 복권세상","24","35.16327","126.80632"
"1237","금빛로또방","대전 중구 계룡로 880 1층","25","36.322964","127.41139"
"1237","온천로또방","대전 유성구 계룡로 92 1층 101-3호","25","36.353474","127.34059"
"1237","행운나눔점 (로또복권)","경기 화성시 효행구 와우로 74-1 101호","31","37.213593","126.97404"
"1237","탑복권","경기 성남시 분당구 성남대로 926 1층 116호","31","37.412575","127.12929"
"1237","한방로또","경기 부천시 소사구 경인로 231 1층 제1-3호","31","37.483482","126.78126"
"1237","바로전산","경기 광명시 오리로 1000 (광명동)","31","37.48021","126.85236"
"1237","복앤돈복권방","충북 충주시 충원대로 948 나동 2호","33","37.010303","127.91592"
"1237","럭키뱅크복권방","충북 청주시 서원구 청남로 2092-1","33","36.618843","127.48728"
"1237","동남운천복권","충북 청주시 상당구 중고개로125번길 17","33","36.61543","127.51741"
"1237","태안로또복권방","충남 태안군 독샘로 57","34","36.75318","126.29935"
"1237","태안로또복권방","충남 태안군 독샘로 57","34","36.75318","126.29935"
"1237","리이지복권","경남 창원시 성산구 동산로 156 1층 14호 삼익종합상가","38","35.221657","128.6934"
"1238","종로3가1호선역2번출구가로판매점82호","서울 종로구 돈화문로 23 가판","11","37.570705","126.99191"
"1238","종로3가1호선역2번출구가로판매점82호","서울 종로구 돈화문로 23 가판","11","37.570705","126.99191"
"1238","인터넷 복권판매사이트","동행복권(dhlottery.co.kr)","","37.482063","127.015785"
"1238","백금당","부산 중구 중구로29번길 26","21","35.10052","129.02654"
"1238","과정미니슈퍼","부산 연제구 과정로 234-1","21","35.18786","129.10162"
"1238","대영당안경원","부산 동래구 충렬대로237번길 9","21","35.201923","129.08514"
"1238","NBA(엔비에이)","인천 영종구 신도시남로142번길 6 1동 1층 128호","23","37.49342","126.49148"
"1238","대박 복권(크린에이드 신탄진점)","대전 대덕구 신탄진동로23번길 22 1층","25","36.448727","127.43186"
"1238","평촌역 명당복권방(2번출구)","경기 안양시 동안구 관평로186번길 53 1층 101-2호(관양동씨티빌딩)","31","37.394566","126.96287"
"1238","행복복권방","경기 시흥시 삼미시장1길 1 일부(신천동)","31","37.439857","126.78584"
"1238","천하명당복권방","경기 수원시 권선구 매송고색로 720-1","31","37.25126","126.98329"
"1238","유가네 복권방","경기 광주시 장지3길 2 1층","24","37.394863","127.244"
"1238","유가네 복권방","경기 광주시 장지3길 2 1층","24","37.394863","127.244"
"1238","유가네 복권방","경기 광주시 장지3길 2 1층","24","37.394863","127.244"
"1238","유가네 복권방","경기 광주시 장지3길 2 1층","24","37.394863","127.244"
"1238","교통카드충전소","경기 고양시 덕양구 화정로 58 화정역 2번출구","31","37.634563","126.83215"
"1238","1등복권청주점","충북 청주시 서원구 무심서로 509","33","36.636574","127.48267"
"1238","행복복권방","충남 아산시 온천대로 725 1층","34","36.76847","126.92538"
"1238","나눔로또편의점","전남광주 광양시 공영로 90","24","34.935658","127.69904"
"1238","행운복권나라","전남광주 광양시 대림오성로 146-1","24","34.96476","127.57775"
"1238","성심상회","경북 포항시 북구 불종로 78","37","36.038143","129.368"
"1238","골드로또복권방","경남 양산시 삼호로 56","38","35.408375","129.17041"
"1238","목화휴게소","경남 사천시 사천대로 912","38","35.001747","128.05415"
